{
"type": "FeatureCollection",
"name": "roads_primary",
"crs": { "type": "name", "properties": { "name": "urn:ogc:def:crs:OGC:1.3:CRS84" } },
"features": [
{ "type": "Feature", "properties": { "u": 26057050, "v": 178518958, "key": 0, "osmid": [ 545747633, 22650940 ], "oneway": true, "lanes": "5", "name": "Gran Via de les Corts Catalanes", "highway": "primary", "maxspeed": "50", "reversed": "False", "length": 116.047, "access": null, "junction": null, "ref": "C-31", "width": "17", "est_width": null, "tunnel": null, "bridge": null, "service": null }, "geometry": { "type": "LineString", "coordinates": [ [ 2.1485618, 41.3748782 ], [ 2.1485599, 41.3748265 ], [ 2.1485593, 41.3747969 ], [ 2.1485559, 41.3747597 ], [ 2.1485309, 41.3747181 ], [ 2.1484674, 41.3746572 ], [ 2.1481234, 41.3743877 ], [ 2.1480829, 41.3743557 ], [ 2.1479642, 41.3742484 ], [ 2.1479477, 41.374235 ], [ 2.1479345, 41.3742243 ], [ 2.1477349, 41.3740736 ] ] } },
{ "type": "Feature", "properties": { "u": 26057050, "v": 168319807, "key": 0, "osmid": [ 887560129, 185961550 ], "oneway": true, "lanes": "7", "name": "Plaça d'Espanya", "highway": "primary", "maxspeed": "50", "reversed": "False", "length": 57.487, "access": null, "junction": "circular", "ref": null, "width": "28", "est_width": null, "tunnel": null, "bridge": null, "service": null }, "geometry": { "type": "LineString", "coordinates": [ [ 2.1485618, 41.3748782 ], [ 2.1485727, 41.374854 ], [ 2.1486081, 41.3747986 ], [ 2.1486534, 41.3747475 ], [ 2.1487081, 41.3747 ], [ 2.1487701, 41.3746618 ], [ 2.1488392, 41.3746289 ], [ 2.1489137, 41.3746035 ], [ 2.1489739, 41.3745899 ], [ 2.1490179, 41.3745819 ], [ 2.1490731, 41.3745772 ] ] } },
{ "type": "Feature", "properties": { "u": 26057312, "v": 3229689808, "key": 0, "osmid": "545718428", "oneway": true, "lanes": "2", "name": "Gran Via de les Corts Catalanes", "highway": "primary", "maxspeed": "50", "reversed": "False", "length": 15.587, "access": null, "junction": null, "ref": "C-31", "width": "14", "est_width": null, "tunnel": null, "bridge": null, "service": null }, "geometry": { "type": "LineString", "coordinates": [ [ 2.16837, 41.389593 ], [ 2.1685077, 41.3896272 ], [ 2.1685474, 41.389637 ] ] } },
{ "type": "Feature", "properties": { "u": 26057388, "v": 26057389, "key": 0, "osmid": [ 532696001, 545718433 ], "oneway": true, "lanes": "5", "name": "Gran Via de les Corts Catalanes", "highway": "primary", "maxspeed": "50", "reversed": "False", "length": 132.583, "access": null, "junction": null, "ref": "C-31", "width": "12", "est_width": null, "tunnel": null, "bridge": null, "service": null }, "geometry": { "type": "LineString", "coordinates": [ [ 2.1608564, 41.3838266 ], [ 2.1610161, 41.3839475 ], [ 2.161607, 41.3844029 ], [ 2.1616377, 41.3844258 ], [ 2.1617891, 41.3845446 ], [ 2.1618194, 41.3845684 ], [ 2.1619691, 41.3846778 ] ] } },
{ "type": "Feature", "properties": { "u": 26057389, "v": 3314271774, "key": 0, "osmid": "532696011", "oneway": true, "lanes": "5", "name": "Gran Via de les Corts Catalanes", "highway": "primary", "maxspeed": "50", "reversed": "False", "length": 134.541, "access": null, "junction": null, "ref": "C-31", "width": "12", "est_width": null, "tunnel": null, "bridge": null, "service": null }, "geometry": { "type": "LineString", "coordinates": [ [ 2.1619691, 41.3846778 ], [ 2.1620328, 41.3847272 ], [ 2.1621383, 41.3848092 ], [ 2.1629502, 41.3854285 ], [ 2.1629924, 41.3854603 ], [ 2.1631006, 41.3855399 ] ] } },
{ "type": "Feature", "properties": { "u": 26198831, "v": 30685338, "key": 0, "osmid": [ 316582576, 316582580 ], "oneway": true, "lanes": "5", "name": "Gran Via de les Corts Catalanes", "highway": "primary", "maxspeed": "50", "reversed": "False", "length": 267.209, "access": null, "junction": null, "ref": "C-31", "width": "12", "est_width": null, "tunnel": null, "bridge": null, "service": null }, "geometry": { "type": "LineString", "coordinates": [ [ 2.1563247, 41.3804334 ], [ 2.1564317, 41.3805146 ], [ 2.1572686, 41.3811357 ], [ 2.1573129, 41.3811667 ], [ 2.1574616, 41.3812781 ], [ 2.1576061, 41.3813872 ], [ 2.1582156, 41.3818472 ], [ 2.1583982, 41.3819822 ], [ 2.1584227, 41.3820006 ], [ 2.1585319, 41.382082 ], [ 2.1585938, 41.3821292 ] ] } },
{ "type": "Feature", "properties": { "u": 26198833, "v": 26198831, "key": 0, "osmid": [ 545715324, 316582574 ], "oneway": true, "lanes": "5", "name": "Gran Via de les Corts Catalanes", "highway": "primary", "maxspeed": "50", "reversed": "False", "length": 134.584, "access": null, "junction": null, "ref": "C-31", "width": "12", "est_width": null, "tunnel": null, "bridge": null, "service": null }, "geometry": { "type": "LineString", "coordinates": [ [ 2.1551756, 41.3795841 ], [ 2.1553228, 41.379696 ], [ 2.1558928, 41.3801225 ], [ 2.1559703, 41.3801794 ], [ 2.1561336, 41.3802957 ], [ 2.1561834, 41.3803317 ], [ 2.1563247, 41.3804334 ] ] } },
{ "type": "Feature", "properties": { "u": 26198844, "v": 2510589068, "key": 0, "osmid": [ 244057616, 545715325 ], "oneway": true, "lanes": "5", "name": "Gran Via de les Corts Catalanes", "highway": "primary", "maxspeed": "50", "reversed": "False", "length": 135.171, "access": null, "junction": null, "ref": "C-31", "width": "18", "est_width": null, "tunnel": null, "bridge": null, "service": null }, "geometry": { "type": "LineString", "coordinates": [ [ 2.1529122, 41.3778687 ], [ 2.1530654, 41.3779875 ], [ 2.1537072, 41.378476 ], [ 2.1537135, 41.3784808 ], [ 2.153876, 41.3786007 ], [ 2.1539017, 41.3786196 ], [ 2.1540544, 41.3787307 ] ] } },
{ "type": "Feature", "properties": { "u": 30237483, "v": 30251200, "key": 0, "osmid": [ 544164280, 1395746244 ], "oneway": true, "lanes": "4", "name": "Carrer de Numància", "highway": "primary", "maxspeed": "50", "reversed": "False", "length": 117.229, "access": null, "junction": null, "ref": null, "width": "11", "est_width": null, "tunnel": null, "bridge": null, "service": null }, "geometry": { "type": "LineString", "coordinates": [ [ 2.1381687, 41.3840404 ], [ 2.1382582, 41.3839582 ], [ 2.138637, 41.3836104 ], [ 2.1386479, 41.3836004 ], [ 2.1388098, 41.3834517 ], [ 2.1388367, 41.383427 ], [ 2.1390586, 41.3832245 ] ] } },
{ "type": "Feature", "properties": { "u": 30237630, "v": 30246712, "key": 0, "osmid": "237667608", "oneway": true, "lanes": "5", "name": "Avinguda de Sarrià", "highway": "primary", "maxspeed": "30", "reversed": "False", "length": 55.823, "access": "yes", "junction": null, "ref": null, "width": "16", "est_width": null, "tunnel": null, "bridge": null, "service": null }, "geometry": { "type": "LineString", "coordinates": [ [ 2.1462804, 41.390113 ], [ 2.1461354, 41.3901343 ], [ 2.1460883, 41.3901402 ], [ 2.1456243, 41.3902116 ] ] } },
{ "type": "Feature", "properties": { "u": 30237643, "v": 30237701, "key": 0, "osmid": "294085157", "oneway": true, "lanes": "5", "name": "Carrer d'Aragó", "highway": "primary", "maxspeed": "50", "reversed": "False", "length": 133.647, "access": "yes", "junction": null, "ref": null, "width": "15", "est_width": null, "tunnel": null, "bridge": null, "service": null }, "geometry": { "type": "LineString", "coordinates": [ [ 2.1595996, 41.3881987 ], [ 2.1593728, 41.3880273 ], [ 2.1590852, 41.3878099 ], [ 2.159003, 41.3877477 ], [ 2.158773, 41.3875726 ], [ 2.1586911, 41.387512 ], [ 2.158471, 41.3873457 ] ] } },
{ "type": "Feature", "properties": { "u": 30237701, "v": 252826185, "key": 0, "osmid": [ 450137745, 1408526883, 1408535287 ], "oneway": true, "lanes": "5", "name": "Carrer d'Aragó", "highway": "primary", "maxspeed": "50", "reversed": "False", "length": 134.637, "access": "yes", "junction": null, "ref": null, "width": "15", "est_width": null, "tunnel": null, "bridge": null, "service": null }, "geometry": { "type": "LineString", "coordinates": [ [ 2.158471, 41.3873457 ], [ 2.1582448, 41.3871747 ], [ 2.1578641, 41.3868936 ], [ 2.1575625, 41.386671 ], [ 2.1575298, 41.3866469 ], [ 2.1574997, 41.386625 ], [ 2.1574808, 41.3866111 ], [ 2.157323, 41.3864947 ] ] } },
{ "type": "Feature", "properties": { "u": 30242877, "v": 4436976528, "key": 0, "osmid": [ 447255449, 446419827 ], "oneway": true, "lanes": "2", "name": "Carrer del Consell de Cent", "highway": "primary", "maxspeed": "30", "reversed": "False", "length": 75.371, "access": "yes", "junction": null, "ref": null, "width": "6", "est_width": null, "tunnel": null, "bridge": null, "service": null }, "geometry": { "type": "LineString", "coordinates": [ [ 2.179461, 41.4014022 ], [ 2.1795408, 41.4014636 ], [ 2.1796654, 41.4015594 ], [ 2.1797199, 41.4016014 ], [ 2.1799051, 41.4017438 ], [ 2.179999, 41.4018161 ], [ 2.1800963, 41.4018841 ] ] } },
{ "type": "Feature", "properties": { "u": 30242948, "v": 415956312, "key": 0, "osmid": [ 296827096, 1091903757 ], "oneway": true, "lanes": null, "name": "Ronda del Guinardó", "highway": "primary_link", "maxspeed": "20", "reversed": "False", "length": 144.489, "access": null, "junction": null, "ref": null, "width": null, "est_width": null, "tunnel": null, "bridge": null, "service": null }, "geometry": { "type": "LineString", "coordinates": [ [ 2.1623442, 41.4123049 ], [ 2.1623904, 41.4122889 ], [ 2.1624829, 41.4122581 ], [ 2.1627832, 41.4121652 ], [ 2.163109, 41.4120591 ], [ 2.1636674, 41.4118926 ], [ 2.1637767, 41.4118664 ], [ 2.1638944, 41.4118523 ], [ 2.1639596, 41.4118466 ] ] } },
{ "type": "Feature", "properties": { "u": 30243163, "v": 33098964, "key": 0, "osmid": [ 1408524835, 1408524837 ], "oneway": true, "lanes": "5", "name": "Carrer d'Aragó", "highway": "primary", "maxspeed": "50", "reversed": "False", "length": 132.67, "access": "yes", "junction": null, "ref": null, "width": "15", "est_width": null, "tunnel": null, "bridge": null, "service": null }, "geometry": { "type": "LineString", "coordinates": [ [ 2.1742882, 41.3992399 ], [ 2.1740834, 41.3990958 ], [ 2.1737646, 41.3988523 ], [ 2.1733839, 41.3985614 ], [ 2.1731626, 41.3983971 ] ] } },
{ "type": "Feature", "properties": { "u": 30243210, "v": 11012442310, "key": 0, "osmid": [ 1408524841, 1408524842 ], "oneway": true, "lanes": "5", "name": "Carrer d'Aragó", "highway": "primary", "maxspeed": "50", "reversed": "False", "length": 110.174, "access": "yes", "junction": null, "ref": null, "width": "15", "est_width": null, "tunnel": null, "bridge": null, "service": null }, "geometry": { "type": "LineString", "coordinates": [ [ 2.1709222, 41.3967155 ], [ 2.1706816, 41.3965404 ], [ 2.170332, 41.3962792 ], [ 2.1700681, 41.3960819 ], [ 2.1699921, 41.3960251 ], [ 2.1699835, 41.3960185 ] ] } },
{ "type": "Feature", "properties": { "u": 30243250, "v": 431484966, "key": 0, "osmid": [ 1393168907, 1157643604, 545718427 ], "oneway": true, "lanes": "5", "name": "Gran Via de les Corts Catalanes", "highway": "primary", "maxspeed": "50", "reversed": "False", "length": 135.379, "access": null, "junction": null, "ref": "C-31", "width": "14", "est_width": null, "tunnel": null, "bridge": null, "service": null }, "geometry": { "type": "LineString", "coordinates": [ [ 2.1733002, 41.3931923 ], [ 2.1734506, 41.3933012 ], [ 2.1740788, 41.3937925 ], [ 2.1741501, 41.3938482 ], [ 2.174221, 41.3939049 ], [ 2.1742496, 41.3939238 ], [ 2.174267, 41.3939369 ], [ 2.1744343, 41.3940629 ] ] } },
{ "type": "Feature", "properties": { "u": 30243263, "v": 33098963, "key": 0, "osmid": [ 1408524846, 1408524847 ], "oneway": true, "lanes": "5", "name": "Carrer d'Aragó", "highway": "primary", "maxspeed": "50", "reversed": "False", "length": 133.477, "access": "yes", "junction": null, "ref": null, "width": "15", "est_width": null, "tunnel": null, "bridge": null, "service": null }, "geometry": { "type": "LineString", "coordinates": [ [ 2.1686343, 41.395006 ], [ 2.1684163, 41.3948424 ], [ 2.1680825, 41.3945919 ], [ 2.1677879, 41.3943708 ], [ 2.1677137, 41.3943151 ], [ 2.1675031, 41.394157 ] ] } },
{ "type": "Feature", "properties": { "u": 30243264, "v": 30243250, "key": 0, "osmid": "238179183", "oneway": true, "lanes": "5", "name": "Gran Via de les Corts Catalanes", "highway": "primary", "maxspeed": "50", "reversed": "False", "length": 134.729, "access": null, "junction": null, "ref": "C-31", "width": "14", "est_width": null, "tunnel": null, "bridge": null, "service": null }, "geometry": { "type": "LineString", "coordinates": [ [ 2.1721601, 41.3923341 ], [ 2.1723111, 41.3924503 ], [ 2.1731181, 41.3930568 ], [ 2.1731421, 41.3930739 ], [ 2.1732606, 41.3931626 ], [ 2.1733002, 41.3931923 ] ] } },
{ "type": "Feature", "properties": { "u": 30243342, "v": 2293731592, "key": 0, "osmid": [ 579970664, 220245635 ], "oneway": true, "lanes": "3", "name": "Avinguda Meridiana", "highway": "primary", "maxspeed": "50", "reversed": "False", "length": 154.855, "access": "yes", "junction": null, "ref": null, "width": [ "9", "12" ], "est_width": null, "tunnel": null, "bridge": null, "service": null }, "geometry": { "type": "LineString", "coordinates": [ [ 2.1869951, 41.4104766 ], [ 2.1869937, 41.4106211 ], [ 2.1869954, 41.4106944 ], [ 2.186998, 41.4110619 ], [ 2.1869969, 41.4111226 ], [ 2.186997, 41.411149 ], [ 2.1869971, 41.4112177 ], [ 2.1869978, 41.4116783 ], [ 2.1869963, 41.4118468 ], [ 2.1869953, 41.4118692 ] ] } },
{ "type": "Feature", "properties": { "u": 30246712, "v": 1297744704, "key": 0, "osmid": [ 1363539842, 450145189 ], "oneway": true, "lanes": "5", "name": "Avinguda de Sarrià", "highway": "primary", "maxspeed": "30", "reversed": "False", "length": 103.73, "access": "yes", "junction": null, "ref": null, "width": "16", "est_width": null, "tunnel": null, "bridge": null, "service": null }, "geometry": { "type": "LineString", "coordinates": [ [ 2.1456243, 41.3902116 ], [ 2.1449945, 41.3903054 ], [ 2.1447613, 41.3903376 ], [ 2.1444043, 41.3903918 ] ] } },
{ "type": "Feature", "properties": { "u": 30247089, "v": 1589583464, "key": 0, "osmid": [ 237960945, 243716771, 1408645398 ], "oneway": true, "lanes": [ "4", "2" ], "name": [ "Carrer de Còrsega", "Carrer del Comte d'Urgell" ], "highway": [ "residential", "primary" ], "maxspeed": "50", "reversed": "False", "length": 245.418, "access": "yes", "junction": null, "ref": null, "width": "13", "est_width": null, "tunnel": null, "bridge": null, "service": null }, "geometry": { "type": "LineString", "coordinates": [ [ 2.1505317, 41.3899179 ], [ 2.1503064, 41.3897397 ], [ 2.1501412, 41.3896091 ], [ 2.1499025, 41.3894203 ], [ 2.1496786, 41.3892432 ], [ 2.1496583, 41.3892272 ], [ 2.1494345, 41.389055 ], [ 2.1491604, 41.3892554 ], [ 2.1489478, 41.3894109 ], [ 2.1488089, 41.3895145 ], [ 2.1485234, 41.3897273 ], [ 2.1484673, 41.3897639 ] ] } },
{ "type": "Feature", "properties": { "u": 30247091, "v": 30685337, "key": 0, "osmid": [ 295124089, 450140252 ], "oneway": true, "lanes": [ "4", "3" ], "name": "Avinguda de Roma", "highway": "primary", "maxspeed": "50", "reversed": "False", "length": 140.627, "access": "yes", "junction": null, "ref": null, "width": [ "10", "12" ], "est_width": null, "tunnel": null, "bridge": null, "service": null }, "geometry": { "type": "LineString", "coordinates": [ [ 2.1558694, 41.3858774 ], [ 2.1557278, 41.385814 ], [ 2.1552491, 41.3856012 ], [ 2.1547215, 41.3853653 ], [ 2.1546704, 41.3853424 ], [ 2.1545562, 41.385311 ], [ 2.1544303, 41.3852949 ], [ 2.1543898, 41.3853008 ] ] } },
{ "type": "Feature", "properties": { "u": 30247382, "v": 432467107, "key": 0, "osmid": "237555361", "oneway": false, "lanes": "5", "name": "Carrer de Balmes", "highway": "primary_link", "maxspeed": "50", "reversed": "True", "length": 14.744, "access": null, "junction": null, "ref": null, "width": null, "est_width": null, "tunnel": null, "bridge": null, "service": null }, "geometry": { "type": "LineString", "coordinates": [ [ 2.1408094, 41.4043903 ], [ 2.1406505, 41.4044484 ] ] } },
{ "type": "Feature", "properties": { "u": 30247382, "v": 1002675944, "key": 0, "osmid": "237555363", "oneway": true, "lanes": "2", "name": "Ronda del General Mitre", "highway": "primary", "maxspeed": "50", "reversed": "False", "length": 85.849, "access": null, "junction": null, "ref": null, "width": null, "est_width": null, "tunnel": null, "bridge": null, "service": null }, "geometry": { "type": "LineString", "coordinates": [ [ 2.1408094, 41.4043903 ], [ 2.1410682, 41.4044816 ], [ 2.1415678, 41.4046638 ], [ 2.1416013, 41.404676 ], [ 2.1417367, 41.4047254 ] ] } },
{ "type": "Feature", "properties": { "u": 30247434, "v": 11370726443, "key": 0, "osmid": "1408525899", "oneway": true, "lanes": "5", "name": "Carrer d'Aragó", "highway": "primary", "maxspeed": "50", "reversed": "False", "length": 73.3, "access": "yes", "junction": null, "ref": null, "width": "15", "est_width": null, "tunnel": null, "bridge": null, "service": null }, "geometry": { "type": "LineString", "coordinates": [ [ 2.1618703, 41.3899148 ], [ 2.1616362, 41.3897378 ], [ 2.1615576, 41.3896784 ], [ 2.1613381, 41.389499 ], [ 2.1613001, 41.3894679 ], [ 2.1612807, 41.3894524 ], [ 2.1612632, 41.3894384 ] ] } },
{ "type": "Feature", "properties": { "u": 30248535, "v": 9056235029, "key": 0, "osmid": [ 1408548657, 889215507, 450139789 ], "oneway": true, "lanes": [ "4", "3", "5" ], "name": "Carrer d'Aragó", "highway": "primary", "maxspeed": "50", "reversed": "False", "length": 111.306, "access": "yes", "junction": null, "ref": null, "width": "12", "est_width": null, "tunnel": null, "bridge": null, "service": null }, "geometry": { "type": "LineString", "coordinates": [ [ 2.1471627, 41.3788344 ], [ 2.1469348, 41.3786752 ], [ 2.1469135, 41.3786603 ], [ 2.1466538, 41.3784789 ], [ 2.1462532, 41.3781988 ], [ 2.1462261, 41.3781799 ], [ 2.1461879, 41.3781511 ] ] } },
{ "type": "Feature", "properties": { "u": 30251200, "v": 2588057862, "key": 0, "osmid": "237960946", "oneway": true, "lanes": "4", "name": "Carrer de Numància", "highway": "primary", "maxspeed": "50", "reversed": "False", "length": 117.588, "access": null, "junction": null, "ref": null, "width": "11", "est_width": null, "tunnel": null, "bridge": null, "service": null }, "geometry": { "type": "LineString", "coordinates": [ [ 2.1390586, 41.3832245 ], [ 2.1392679, 41.3830399 ], [ 2.1395357, 41.3828061 ], [ 2.1395987, 41.3827512 ], [ 2.1398591, 41.3825303 ], [ 2.1398763, 41.3825157 ], [ 2.1399815, 41.3824253 ] ] } },
{ "type": "Feature", "properties": { "u": 30253297, "v": 347712604, "key": 0, "osmid": [ 31266890, 1153019781 ], "oneway": true, "lanes": "1", "name": null, "highway": "trunk_link", "maxspeed": null, "reversed": "False", "length": 321.201, "access": null, "junction": null, "ref": null, "width": null, "est_width": null, "tunnel": null, "bridge": null, "service": null }, "geometry": { "type": "LineString", "coordinates": [ [ 2.2041016, 41.3923769 ], [ 2.2042229, 41.3925497 ], [ 2.2043068, 41.3926706 ], [ 2.2044054, 41.3928126 ], [ 2.204672, 41.3931941 ], [ 2.2047362, 41.393315 ], [ 2.2048442, 41.3935196 ], [ 2.2048809, 41.3935962 ], [ 2.2050151, 41.3938768 ], [ 2.2050552, 41.3939681 ], [ 2.2050887, 41.394055 ], [ 2.205174, 41.3942704 ], [ 2.205241, 41.3943858 ], [ 2.2052775, 41.3944328 ], [ 2.205319, 41.3944781 ], [ 2.2054035, 41.3945585 ], [ 2.2054824, 41.3946281 ], [ 2.2055518, 41.3946858 ], [ 2.2058124, 41.3949372 ] ] } },
{ "type": "Feature", "properties": { "u": 30253733, "v": 30253982, "key": 0, "osmid": "651533777", "oneway": true, "lanes": "4", "name": "Carrer d'Aragó", "highway": "primary", "maxspeed": "50", "reversed": "False", "length": 137.231, "access": "yes", "junction": null, "ref": null, "width": "14", "est_width": null, "tunnel": null, "bridge": null, "service": null }, "geometry": { "type": "LineString", "coordinates": [ [ 2.1845323, 41.4069142 ], [ 2.1844885, 41.4068815 ], [ 2.1843463, 41.4067752 ], [ 2.1836225, 41.4062127 ], [ 2.183578, 41.4061806 ], [ 2.1833853, 41.4060294 ] ] } },
{ "type": "Feature", "properties": { "u": 30253734, "v": 1303457186, "key": 0, "osmid": "251682771", "oneway": true, "lanes": "2", "name": "Carrer del Consell de Cent", "highway": "primary", "maxspeed": "30", "reversed": "False", "length": 62.203, "access": null, "junction": null, "ref": null, "width": "5", "est_width": null, "tunnel": null, "bridge": null, "service": null }, "geometry": { "type": "LineString", "coordinates": [ [ 2.1856666, 41.406047 ], [ 2.1858841, 41.4062138 ], [ 2.1861903, 41.4064453 ] ] } },
{ "type": "Feature", "properties": { "u": 30253862, "v": 1303457305, "key": 0, "osmid": "1408555555", "oneway": true, "lanes": "2", "name": "Carrer del Consell de Cent", "highway": "primary", "maxspeed": "30", "reversed": "False", "length": 73.041, "access": null, "junction": null, "ref": null, "width": "6", "est_width": null, "tunnel": null, "bridge": null, "service": null }, "geometry": { "type": "LineString", "coordinates": [ [ 2.1811674, 41.4026732 ], [ 2.1813688, 41.4028263 ], [ 2.1817874, 41.4031371 ] ] } },
{ "type": "Feature", "properties": { "u": 30253863, "v": 30253864, "key": 0, "osmid": [ 238179176, 1408555557 ], "oneway": true, "lanes": "2", "name": "Carrer del Consell de Cent", "highway": "primary", "maxspeed": "30", "reversed": "False", "length": 132.53, "access": null, "junction": null, "ref": null, "width": "6", "est_width": null, "tunnel": null, "bridge": null, "service": null }, "geometry": { "type": "LineString", "coordinates": [ [ 2.1822486, 41.4034795 ], [ 2.1823104, 41.4035254 ], [ 2.1824954, 41.4036627 ], [ 2.1825565, 41.4037081 ], [ 2.1828832, 41.4039506 ], [ 2.182899, 41.4039623 ], [ 2.1831468, 41.4041462 ], [ 2.1831695, 41.4041631 ], [ 2.1833267, 41.4042798 ], [ 2.183378, 41.4043179 ] ] } },
{ "type": "Feature", "properties": { "u": 30253864, "v": 30253865, "key": 0, "osmid": "489437008", "oneway": true, "lanes": "2", "name": "Carrer del Consell de Cent", "highway": "primary", "maxspeed": "30", "reversed": "False", "length": 135.238, "access": null, "junction": null, "ref": null, "width": "5", "est_width": null, "tunnel": null, "bridge": null, "service": null }, "geometry": { "type": "LineString", "coordinates": [ [ 2.183378, 41.4043179 ], [ 2.1836093, 41.404493 ], [ 2.1842432, 41.4049731 ], [ 2.1842821, 41.4050026 ], [ 2.1843015, 41.405017 ], [ 2.1845192, 41.4051819 ] ] } },
{ "type": "Feature", "properties": { "u": 30253865, "v": 30253734, "key": 0, "osmid": [ 956893080, 1408555558 ], "oneway": true, "lanes": "2", "name": "Carrer del Consell de Cent", "highway": "primary", "maxspeed": "30", "reversed": "False", "length": 135.687, "access": null, "junction": null, "ref": null, "width": "5", "est_width": null, "tunnel": null, "bridge": null, "service": null }, "geometry": { "type": "LineString", "coordinates": [ [ 2.1845192, 41.4051819 ], [ 2.1847382, 41.4053463 ], [ 2.1853189, 41.4057846 ], [ 2.1854306, 41.4058689 ], [ 2.1854648, 41.4058947 ], [ 2.1856329, 41.4060215 ], [ 2.1856666, 41.406047 ] ] } },
{ "type": "Feature", "properties": { "u": 30253982, "v": 2292981087, "key": 0, "osmid": [ 651533776, 1408524829 ], "oneway": true, "lanes": "5", "name": "Carrer d'Aragó", "highway": "primary", "maxspeed": "50", "reversed": "False", "length": 134.012, "access": "yes", "junction": null, "ref": null, "width": "14", "est_width": null, "tunnel": null, "bridge": null, "service": null }, "geometry": { "type": "LineString", "coordinates": [ [ 2.1833853, 41.4060294 ], [ 2.1832113, 41.4059095 ], [ 2.183093, 41.4058242 ], [ 2.1827646, 41.4055879 ], [ 2.182465, 41.4053723 ], [ 2.1824261, 41.4053433 ], [ 2.1822277, 41.4051937 ] ] } },
{ "type": "Feature", "properties": { "u": 30253983, "v": 412444660, "key": 0, "osmid": "71122913", "oneway": true, "lanes": "2", "name": "Ronda del Guinardó", "highway": "primary", "maxspeed": "50", "reversed": "False", "length": 37.45, "access": null, "junction": null, "ref": null, "width": null, "est_width": null, "tunnel": null, "bridge": null, "service": null }, "geometry": { "type": "LineString", "coordinates": [ [ 2.1709467, 41.413763 ], [ 2.1710135, 41.4138031 ], [ 2.1710271, 41.4138118 ], [ 2.171075, 41.4138441 ], [ 2.1712225, 41.4139551 ], [ 2.1712735, 41.4139935 ] ] } },
{ "type": "Feature", "properties": { "u": 30254013, "v": 30253983, "key": 0, "osmid": [ 1395721712, 145985024, 1395721711, 543578063 ], "oneway": true, "lanes": [ "3", "2" ], "name": "Ronda del Guinardó", "highway": "primary", "maxspeed": "50", "reversed": "False", "length": 134.771, "access": null, "junction": null, "ref": null, "width": null, "est_width": null, "tunnel": null, "bridge": null, "service": null }, "geometry": { "type": "LineString", "coordinates": [ [ 2.1695898, 41.4131374 ], [ 2.1697326, 41.4132158 ], [ 2.1701072, 41.4134302 ], [ 2.1703074, 41.4135423 ], [ 2.170372, 41.4135784 ], [ 2.1704286, 41.41361 ], [ 2.1704949, 41.4136448 ], [ 2.1705373, 41.413665 ], [ 2.1705527, 41.4136723 ], [ 2.1705874, 41.413688 ], [ 2.1706365, 41.4137046 ], [ 2.1706733, 41.4137124 ], [ 2.1707081, 41.4137171 ], [ 2.170753, 41.4137194 ], [ 2.1707954, 41.4137211 ], [ 2.1708243, 41.4137254 ], [ 2.1708951, 41.413743 ], [ 2.1709467, 41.413763 ] ] } },
{ "type": "Feature", "properties": { "u": 30254057, "v": 30254087, "key": 0, "osmid": "902150220", "oneway": true, "lanes": "5", "name": "Carrer d'Aragó", "highway": "primary", "maxspeed": "50", "reversed": "False", "length": 126.412, "access": "yes", "junction": null, "ref": null, "width": "14", "est_width": null, "tunnel": null, "bridge": null, "service": null }, "geometry": { "type": "LineString", "coordinates": [ [ 2.179997, 41.403536 ], [ 2.1797955, 41.4033836 ], [ 2.1791948, 41.4029249 ], [ 2.1791462, 41.4028878 ], [ 2.1789338, 41.4027258 ] ] } },
{ "type": "Feature", "properties": { "u": 30254087, "v": 30556416, "key": 0, "osmid": [ 1408524832, 1408524831 ], "oneway": true, "lanes": "5", "name": "Carrer d'Aragó", "highway": "primary", "maxspeed": "50", "reversed": "False", "length": 129.967, "access": "yes", "junction": null, "ref": null, "width": null, "est_width": null, "tunnel": null, "bridge": null, "service": null }, "geometry": { "type": "LineString", "coordinates": [ [ 2.1789338, 41.4027258 ], [ 2.178749, 41.4025917 ], [ 2.1785979, 41.4024787 ], [ 2.1783875, 41.4023214 ], [ 2.1780878, 41.4020885 ], [ 2.1780457, 41.4020568 ], [ 2.1778328, 41.4018988 ] ] } },
{ "type": "Feature", "properties": { "u": 30254197, "v": 30243163, "key": 0, "osmid": [ 450137744, 1408524833 ], "oneway": true, "lanes": "6", "name": "Carrer d'Aragó", "highway": "primary", "maxspeed": "50", "reversed": "False", "length": 137.201, "access": "yes", "junction": null, "ref": null, "width": "17", "est_width": null, "tunnel": null, "bridge": null, "service": null }, "geometry": { "type": "LineString", "coordinates": [ [ 2.1754442, 41.4001177 ], [ 2.1753914, 41.4000776 ], [ 2.1753231, 41.4000258 ], [ 2.1749979, 41.3997788 ], [ 2.1749273, 41.3997252 ], [ 2.1745713, 41.3994548 ], [ 2.1745119, 41.3994098 ], [ 2.1743226, 41.3992661 ], [ 2.1742882, 41.3992399 ] ] } },
{ "type": "Feature", "properties": { "u": 30254224, "v": 442540237, "key": 0, "osmid": [ 1408524848, 579981381 ], "oneway": true, "lanes": "5", "name": "Carrer d'Aragó", "highway": "primary", "maxspeed": "50", "reversed": "False", "length": 156.234, "access": "yes", "junction": null, "ref": null, "width": "15", "est_width": null, "tunnel": null, "bridge": null, "service": null }, "geometry": { "type": "LineString", "coordinates": [ [ 2.1663556, 41.3932959 ], [ 2.1661541, 41.3931454 ], [ 2.1654557, 41.3926166 ], [ 2.1654201, 41.3925896 ], [ 2.1651987, 41.3924219 ], [ 2.1651132, 41.3923572 ], [ 2.1650354, 41.3922993 ] ] } },
{ "type": "Feature", "properties": { "u": 30254225, "v": 2781080535, "key": 0, "osmid": "483469232", "oneway": true, "lanes": "5", "name": "Gran Via de les Corts Catalanes", "highway": "primary", "maxspeed": "50", "reversed": "False", "length": 86.58, "access": null, "junction": null, "ref": "C-31", "width": "14", "est_width": null, "tunnel": null, "bridge": null, "service": null }, "geometry": { "type": "LineString", "coordinates": [ [ 2.1698831, 41.3906171 ], [ 2.1699353, 41.3906569 ], [ 2.1700409, 41.3907422 ], [ 2.170572, 41.3911426 ], [ 2.1706121, 41.3911712 ] ] } },
{ "type": "Feature", "properties": { "u": 30254350, "v": 2781080542, "key": 0, "osmid": "545084605", "oneway": true, "lanes": "3", "name": "Gran Via de les Corts Catalanes", "highway": "primary", "maxspeed": "50", "reversed": "False", "length": 70.62, "access": null, "junction": null, "ref": "C-31", "width": "8", "est_width": null, "tunnel": null, "bridge": null, "service": null }, "geometry": { "type": "LineString", "coordinates": [ [ 2.171076, 41.3914514 ], [ 2.1712334, 41.3915529 ], [ 2.1713758, 41.3916708 ], [ 2.1716383, 41.3919234 ] ] } },
{ "type": "Feature", "properties": { "u": 30294780, "v": 126763506, "key": 0, "osmid": "86331333", "oneway": true, "lanes": "3", "name": "Ronda del General Mitre", "highway": "primary", "maxspeed": "50", "reversed": "False", "length": 164.918, "access": null, "junction": null, "ref": null, "width": null, "est_width": null, "tunnel": null, "bridge": null, "service": null }, "geometry": { "type": "LineString", "coordinates": [ [ 2.1393321, 41.4038286 ], [ 2.1386827, 41.4034336 ], [ 2.1380511, 41.4029988 ], [ 2.1380155, 41.402971 ], [ 2.1378494, 41.4028489 ] ] } },
{ "type": "Feature", "properties": { "u": 30295338, "v": 387130494, "key": 0, "osmid": "251746327", "oneway": false, "lanes": "4", "name": "Ronda del Guinardó", "highway": "primary", "maxspeed": "40", "reversed": "True", "length": 59.905, "access": null, "junction": null, "ref": null, "width": null, "est_width": null, "tunnel": null, "bridge": null, "service": null }, "geometry": { "type": "LineString", "coordinates": [ [ 2.1772037, 41.4219356 ], [ 2.1771879, 41.4218534 ], [ 2.1771804, 41.4218124 ], [ 2.17713, 41.4215383 ], [ 2.1771205, 41.4214863 ], [ 2.177103, 41.4214022 ] ] } },
{ "type": "Feature", "properties": { "u": 30295338, "v": 30689140, "key": 0, "osmid": [ 543581677, 878944085, 542845439 ], "oneway": false, "lanes": "3", "name": "Ronda del Guinardó", "highway": "primary", "maxspeed": "40", "reversed": "False", "length": 100.485, "access": null, "junction": null, "ref": null, "width": null, "est_width": null, "tunnel": null, "bridge": null, "service": null }, "geometry": { "type": "LineString", "coordinates": [ [ 2.1772037, 41.4219356 ], [ 2.177219, 41.4220255 ], [ 2.1772257, 41.4220738 ], [ 2.1772408, 41.4221835 ], [ 2.1772917, 41.4224613 ], [ 2.1773111, 41.422544 ], [ 2.1773312, 41.4226614 ], [ 2.1773456, 41.4227459 ], [ 2.1773564, 41.4228318 ] ] } },
{ "type": "Feature", "properties": { "u": 30313113, "v": 4470657984, "key": 0, "osmid": "570380997", "oneway": true, "lanes": "5", "name": "Avinguda de Sarrià", "highway": "primary", "maxspeed": "30", "reversed": "False", "length": 13.869, "access": "yes", "junction": null, "ref": null, "width": "16", "est_width": null, "tunnel": null, "bridge": null, "service": null }, "geometry": { "type": "LineString", "coordinates": [ [ 2.1481906, 41.3898089 ], [ 2.1480538, 41.3898352 ], [ 2.1480294, 41.3898394 ] ] } },
{ "type": "Feature", "properties": { "u": 30314622, "v": 356295267, "key": 0, "osmid": "1391886576", "oneway": true, "lanes": "4", "name": "Plaça de Pius XII", "highway": "primary_link", "maxspeed": "50", "reversed": "False", "length": 31.745, "access": null, "junction": "circular", "ref": null, "width": null, "est_width": null, "tunnel": null, "bridge": null, "service": null }, "geometry": { "type": "LineString", "coordinates": [ [ 2.1231824, 41.3868141 ], [ 2.1231955, 41.3868323 ], [ 2.1232151, 41.3868596 ], [ 2.1232417, 41.3868953 ], [ 2.1232836, 41.3869692 ], [ 2.1232958, 41.3869923 ], [ 2.1233337, 41.3870753 ] ] } },
{ "type": "Feature", "properties": { "u": 30314629, "v": 12919195202, "key": 0, "osmid": [ 1395710339, 34054324 ], "oneway": true, "lanes": "2", "name": "Gran Via de Carles III", "highway": "primary_link", "maxspeed": "50", "reversed": "False", "length": 24.935, "access": null, "junction": null, "ref": null, "width": null, "est_width": null, "tunnel": null, "bridge": null, "service": null }, "geometry": { "type": "LineString", "coordinates": [ [ 2.1269905, 41.3856805 ], [ 2.1269988, 41.3856324 ], [ 2.1270288, 41.3854581 ] ] } },
{ "type": "Feature", "properties": { "u": 30343487, "v": 1401840803, "key": 0, "osmid": "126464285", "oneway": true, "lanes": "1", "name": null, "highway": "trunk_link", "maxspeed": null, "reversed": "False", "length": 399.497, "access": null, "junction": null, "ref": null, "width": null, "est_width": null, "tunnel": null, "bridge": null, "service": null }, "geometry": { "type": "LineString", "coordinates": [ [ 2.1896931, 41.3835811 ], [ 2.1898997, 41.3836785 ], [ 2.1901659, 41.3837874 ], [ 2.1907645, 41.3839997 ], [ 2.1910543, 41.3841334 ], [ 2.1916732, 41.3844497 ], [ 2.1922109, 41.3847643 ], [ 2.1926224, 41.3850257 ], [ 2.193144, 41.3854154 ], [ 2.1933248, 41.3855694 ], [ 2.1934864, 41.3857217 ] ] } },
{ "type": "Feature", "properties": { "u": 30554843, "v": 415955415, "key": 0, "osmid": "130095553", "oneway": true, "lanes": null, "name": "Carrer de Verdi", "highway": "primary_link", "maxspeed": "50", "reversed": "False", "length": 9.59, "access": null, "junction": null, "ref": null, "width": null, "est_width": null, "tunnel": null, "bridge": null, "service": null }, "geometry": { "type": "LineString", "coordinates": [ [ 2.1522537, 41.4085617 ], [ 2.1523166, 41.4084895 ] ] } },
{ "type": "Feature", "properties": { "u": 30554843, "v": 126763485, "key": 0, "osmid": "130095554", "oneway": true, "lanes": "3", "name": "Travessera de Dalt", "highway": "primary", "maxspeed": "50", "reversed": "False", "length": 97.0, "access": null, "junction": null, "ref": null, "width": null, "est_width": null, "tunnel": null, "bridge": null, "service": null }, "geometry": { "type": "LineString", "coordinates": [ [ 2.1522537, 41.4085617 ], [ 2.152144, 41.408522 ], [ 2.1512142, 41.4081704 ] ] } },
{ "type": "Feature", "properties": { "u": 30556161, "v": 2293731594, "key": 0, "osmid": "723488715", "oneway": true, "lanes": "3", "name": "Avinguda Meridiana", "highway": "primary", "maxspeed": "50", "reversed": "False", "length": 35.318, "access": "yes", "junction": null, "ref": null, "width": "12", "est_width": null, "tunnel": null, "bridge": null, "service": null }, "geometry": { "type": "LineString", "coordinates": [ [ 2.1867875, 41.4123187 ], [ 2.1867875, 41.4123038 ], [ 2.1867905, 41.4121648 ], [ 2.1867903, 41.4120011 ] ] } },
{ "type": "Feature", "properties": { "u": 30556408, "v": 7376904297, "key": 0, "osmid": "1214936256", "oneway": true, "lanes": null, "name": "Carrer de l'Alcalde de Móstoles", "highway": "primary_link", "maxspeed": "50", "reversed": "False", "length": 13.254, "access": null, "junction": null, "ref": null, "width": null, "est_width": null, "tunnel": null, "bridge": null, "service": null }, "geometry": { "type": "LineString", "coordinates": [ [ 2.165093, 41.411642 ], [ 2.1650827, 41.4116752 ], [ 2.1650819, 41.4117031 ], [ 2.165089, 41.4117266 ], [ 2.1651074, 41.4117567 ] ] } },
{ "type": "Feature", "properties": { "u": 30556416, "v": 3193312157, "key": 0, "osmid": "238179151", "oneway": true, "lanes": "6", "name": "Carrer d'Aragó", "highway": "primary", "maxspeed": "50", "reversed": "False", "length": 150.954, "access": "yes", "junction": null, "ref": null, "width": null, "est_width": null, "tunnel": null, "bridge": null, "service": null }, "geometry": { "type": "LineString", "coordinates": [ [ 2.1778328, 41.4018988 ], [ 2.1776994, 41.4018042 ], [ 2.177647, 41.4017606 ], [ 2.1767353, 41.4010825 ], [ 2.1766753, 41.4010377 ], [ 2.1765991, 41.4009812 ], [ 2.1765478, 41.400943 ] ] } },
{ "type": "Feature", "properties": { "u": 30558292, "v": 412549139, "key": 0, "osmid": "287522295", "oneway": true, "lanes": "1", "name": "Carrer de Pàdua", "highway": "primary_link", "maxspeed": "50", "reversed": "False", "length": 24.951, "access": null, "junction": null, "ref": null, "width": null, "est_width": null, "tunnel": null, "bridge": null, "service": null }, "geometry": { "type": "LineString", "coordinates": [ [ 2.145558, 41.4055782 ], [ 2.1457707, 41.405736 ] ] } },
{ "type": "Feature", "properties": { "u": 30558292, "v": 412370999, "key": 0, "osmid": [ 287522297, 543574887 ], "oneway": true, "lanes": "2", "name": "Ronda del General Mitre", "highway": "primary", "maxspeed": "50", "reversed": "False", "length": 109.093, "access": null, "junction": null, "ref": null, "width": null, "est_width": null, "tunnel": null, "bridge": null, "service": null }, "geometry": { "type": "LineString", "coordinates": [ [ 2.145558, 41.4055782 ], [ 2.1459788, 41.4056292 ], [ 2.1465953, 41.4056848 ], [ 2.1466514, 41.4056896 ], [ 2.1468545, 41.4057068 ] ] } },
{ "type": "Feature", "properties": { "u": 30558433, "v": 269379907, "key": 0, "osmid": "450145193", "oneway": true, "lanes": "5", "name": "Avinguda de Sarrià", "highway": "primary", "maxspeed": "50", "reversed": "False", "length": 84.06, "access": "yes", "junction": null, "ref": null, "width": "13", "est_width": null, "tunnel": null, "bridge": null, "service": null }, "geometry": { "type": "LineString", "coordinates": [ [ 2.1423209, 41.3906964 ], [ 2.1418637, 41.3907709 ], [ 2.1414744, 41.3908311 ], [ 2.1413348, 41.3908519 ] ] } },
{ "type": "Feature", "properties": { "u": 30617355, "v": 690812102, "key": 0, "osmid": "296813929", "oneway": true, "lanes": "3", "name": "Travessera de Dalt", "highway": "primary", "maxspeed": "50", "reversed": "False", "length": 34.281, "access": null, "junction": null, "ref": null, "width": null, "est_width": null, "tunnel": null, "bridge": null, "service": null }, "geometry": { "type": "LineString", "coordinates": [ [ 2.1570199, 41.4109244 ], [ 2.1567104, 41.4107215 ] ] } },
{ "type": "Feature", "properties": { "u": 30617578, "v": 288024058, "key": 0, "osmid": "86330626", "oneway": true, "lanes": "3", "name": "Ronda del General Mitre", "highway": "primary", "maxspeed": "50", "reversed": "False", "length": 57.651, "access": null, "junction": null, "ref": null, "width": null, "est_width": null, "tunnel": null, "bridge": null, "service": null }, "geometry": { "type": "LineString", "coordinates": [ [ 2.1373566, 41.402358 ], [ 2.1370894, 41.4020907 ], [ 2.1370599, 41.4020612 ], [ 2.1369321, 41.4019491 ] ] } },
{ "type": "Feature", "properties": { "u": 30685337, "v": 30685340, "key": 0, "osmid": "1354683581", "oneway": true, "lanes": "4", "name": "Carrer del Comte d'Urgell", "highway": "primary", "maxspeed": "50", "reversed": "False", "length": 53.135, "access": "yes", "junction": null, "ref": null, "width": "12", "est_width": null, "tunnel": null, "bridge": null, "service": null }, "geometry": { "type": "LineString", "coordinates": [ [ 2.1543898, 41.3853008 ], [ 2.1541892, 41.3854568 ], [ 2.1540774, 41.3855437 ], [ 2.1540546, 41.3855614 ], [ 2.153948, 41.385645 ] ] } },
{ "type": "Feature", "properties": { "u": 30685338, "v": 8173071606, "key": 0, "osmid": [ 491622344, 545715323 ], "oneway": true, "lanes": "5", "name": "Gran Via de les Corts Catalanes", "highway": "primary", "maxspeed": "50", "reversed": "False", "length": 133.913, "access": null, "junction": null, "ref": "C-31", "width": "12", "est_width": null, "tunnel": null, "bridge": null, "service": null }, "geometry": { "type": "LineString", "coordinates": [ [ 2.1585938, 41.3821292 ], [ 2.1587593, 41.3822538 ], [ 2.1590585, 41.3824785 ], [ 2.1595209, 41.3828261 ], [ 2.1595655, 41.3828585 ], [ 2.1597279, 41.3829814 ] ] } },
{ "type": "Feature", "properties": { "u": 30685340, "v": 1589583429, "key": 0, "osmid": "450145197", "oneway": true, "lanes": "4", "name": "Carrer del Comte d'Urgell", "highway": "primary", "maxspeed": "50", "reversed": "False", "length": 135.198, "access": "yes", "junction": null, "ref": null, "width": "12", "est_width": null, "tunnel": null, "bridge": null, "service": null }, "geometry": { "type": "LineString", "coordinates": [ [ 2.153948, 41.385645 ], [ 2.153902, 41.38568 ], [ 2.153509, 41.3859828 ], [ 2.1532906, 41.3861422 ], [ 2.1530734, 41.3863144 ], [ 2.1530512, 41.3863319 ], [ 2.1528582, 41.3864762 ], [ 2.1528111, 41.3865113 ] ] } },
{ "type": "Feature", "properties": { "u": 30689119, "v": 387130494, "key": 0, "osmid": "552867842", "oneway": false, "lanes": "4", "name": "Ronda del Guinardó", "highway": "primary", "maxspeed": "40", "reversed": "False", "length": 24.855, "access": null, "junction": null, "ref": null, "width": null, "est_width": null, "tunnel": null, "bridge": null, "service": null }, "geometry": { "type": "LineString", "coordinates": [ [ 2.1770576, 41.4211813 ], [ 2.1770649, 41.4212156 ], [ 2.1770668, 41.421224 ], [ 2.177082, 41.4212913 ], [ 2.1770857, 41.4213131 ], [ 2.177103, 41.4214022 ] ] } },
{ "type": "Feature", "properties": { "u": 30689119, "v": 387130495, "key": 0, "osmid": "1395721721", "oneway": false, "lanes": "4", "name": "Ronda del Guinardó", "highway": "primary", "maxspeed": "40", "reversed": "True", "length": 93.261, "access": null, "junction": null, "ref": null, "width": null, "est_width": null, "tunnel": null, "bridge": null, "service": null }, "geometry": { "type": "LineString", "coordinates": [ [ 2.1770576, 41.4211813 ], [ 2.1770412, 41.421095 ], [ 2.1770313, 41.4210524 ], [ 2.1769902, 41.420813 ], [ 2.1769818, 41.4207638 ], [ 2.1769465, 41.4205756 ], [ 2.1769371, 41.4205254 ], [ 2.1768947, 41.4203517 ] ] } },
{ "type": "Feature", "properties": { "u": 30689140, "v": 125935921, "key": 0, "osmid": "541786520", "oneway": false, "lanes": "3", "name": "Ronda del Guinardó", "highway": "primary", "maxspeed": "40", "reversed": "False", "length": 112.132, "access": null, "junction": null, "ref": null, "width": null, "est_width": null, "tunnel": null, "bridge": null, "service": null }, "geometry": { "type": "LineString", "coordinates": [ [ 2.1773564, 41.4228318 ], [ 2.1773774, 41.4229223 ], [ 2.1773808, 41.4229385 ], [ 2.1775011, 41.4235158 ], [ 2.1775165, 41.4235899 ], [ 2.1775186, 41.4236248 ], [ 2.1775239, 41.4236966 ], [ 2.1775235, 41.4237414 ], [ 2.1775149, 41.4237863 ], [ 2.1775022, 41.4238291 ] ] } },
{ "type": "Feature", "properties": { "u": 30689140, "v": 30295338, "key": 0, "osmid": [ 878944085, 543581677, 542845439 ], "oneway": false, "lanes": "3", "name": "Ronda del Guinardó", "highway": "primary", "maxspeed": "40", "reversed": "True", "length": 100.485, "access": null, "junction": null, "ref": null, "width": null, "est_width": null, "tunnel": null, "bridge": null, "service": null }, "geometry": { "type": "LineString", "coordinates": [ [ 2.1773564, 41.4228318 ], [ 2.1773456, 41.4227459 ], [ 2.1773312, 41.4226614 ], [ 2.1773111, 41.422544 ], [ 2.1772917, 41.4224613 ], [ 2.1772408, 41.4221835 ], [ 2.1772257, 41.4220738 ], [ 2.177219, 41.4220255 ], [ 2.1772037, 41.4219356 ] ] } },
{ "type": "Feature", "properties": { "u": 30960627, "v": 690812143, "key": 0, "osmid": "542990503", "oneway": true, "lanes": "3", "name": "Travessera de Dalt", "highway": "primary", "maxspeed": "50", "reversed": "False", "length": 39.89, "access": null, "junction": null, "ref": null, "width": null, "est_width": null, "tunnel": null, "bridge": null, "service": null }, "geometry": { "type": "LineString", "coordinates": [ [ 2.1563207, 41.410466 ], [ 2.1562063, 41.4103934 ], [ 2.1559652, 41.4102261 ] ] } },
{ "type": "Feature", "properties": { "u": 30960642, "v": 2463014352, "key": 0, "osmid": "450020877", "oneway": true, "lanes": "1", "name": "Avinguda del Santuari de Sant Josep de la Muntanya", "highway": "primary_link", "maxspeed": "50", "reversed": "False", "length": 9.912, "access": null, "junction": null, "ref": null, "width": null, "est_width": null, "tunnel": null, "bridge": null, "service": null }, "geometry": { "type": "LineString", "coordinates": [ [ 2.1549989, 41.4095961 ], [ 2.1550718, 41.4095257 ] ] } },
{ "type": "Feature", "properties": { "u": 30960642, "v": 8530189630, "key": 0, "osmid": "263332201", "oneway": true, "lanes": "3", "name": "Travessera de Dalt", "highway": "primary", "maxspeed": "50", "reversed": "False", "length": 120.936, "access": null, "junction": null, "ref": null, "width": null, "est_width": null, "tunnel": null, "bridge": null, "service": null }, "geometry": { "type": "LineString", "coordinates": [ [ 2.1549989, 41.4095961 ], [ 2.1549088, 41.4095516 ], [ 2.1547613, 41.4094787 ], [ 2.1538808, 41.4091574 ], [ 2.1537132, 41.4090962 ] ] } },
{ "type": "Feature", "properties": { "u": 30960669, "v": 415955413, "key": 0, "osmid": "35465807", "oneway": true, "lanes": null, "name": "Carrer del Torrent de l'Olla", "highway": "primary_link", "maxspeed": "50", "reversed": "False", "length": 9.55, "access": null, "junction": null, "ref": null, "width": null, "est_width": null, "tunnel": null, "bridge": null, "service": null }, "geometry": { "type": "LineString", "coordinates": [ [ 2.1507279, 41.4078962 ], [ 2.1508002, 41.4078296 ] ] } },
{ "type": "Feature", "properties": { "u": 30960669, "v": 30960813, "key": 0, "osmid": [ 237655884, 23432709, 518535845 ], "oneway": true, "lanes": "2", "name": [ "Ronda del General Mitre", "Plaça de Lesseps", "Travessera de Dalt" ], "highway": "primary", "maxspeed": "50", "reversed": "False", "length": 336.748, "access": null, "junction": null, "ref": null, "width": null, "est_width": null, "tunnel": "yes", "bridge": null, "service": null }, "geometry": { "type": "LineString", "coordinates": [ [ 2.1507279, 41.4078962 ], [ 2.1506599, 41.4078411 ], [ 2.1505126, 41.4077163 ], [ 2.150168, 41.407428 ], [ 2.1500041, 41.4072667 ], [ 2.1493904, 41.4066994 ], [ 2.149193, 41.4065127 ], [ 2.1487935, 41.406262 ], [ 2.1485327, 41.4061235 ], [ 2.148325, 41.4060266 ], [ 2.1481133, 41.4059529 ], [ 2.1479323, 41.4059049 ], [ 2.1478089, 41.4058835 ] ] } },
{ "type": "Feature", "properties": { "u": 30960813, "v": 1357271811, "key": 0, "osmid": "1368039796", "oneway": true, "lanes": "2", "name": "Ronda del General Mitre", "highway": "primary", "maxspeed": "50", "reversed": "False", "length": 13.175, "access": null, "junction": null, "ref": null, "width": null, "est_width": null, "tunnel": null, "bridge": null, "service": null }, "geometry": { "type": "LineString", "coordinates": [ [ 2.1478089, 41.4058835 ], [ 2.1476525, 41.4058668 ] ] } },
{ "type": "Feature", "properties": { "u": 31285281, "v": 692247930, "key": 0, "osmid": "24793420", "oneway": true, "lanes": "2", "name": "Ronda del General Mitre", "highway": "primary_link", "maxspeed": "50", "reversed": "False", "length": 99.588, "access": null, "junction": null, "ref": null, "width": null, "est_width": null, "tunnel": null, "bridge": null, "service": null }, "geometry": { "type": "LineString", "coordinates": [ [ 2.1338578, 41.3960943 ], [ 2.133189, 41.3968362 ] ] } },
{ "type": "Feature", "properties": { "u": 31286309, "v": 387127706, "key": 0, "osmid": "33800494", "oneway": false, "lanes": "5", "name": "Passeig de Maragall", "highway": "primary", "maxspeed": "50", "reversed": "False", "length": 72.02, "access": "yes", "junction": null, "ref": null, "width": null, "est_width": null, "tunnel": null, "bridge": null, "service": null }, "geometry": { "type": "LineString", "coordinates": [ [ 2.1769901, 41.4244842 ], [ 2.1769212, 41.4245585 ], [ 2.1769113, 41.4245697 ], [ 2.1767006, 41.4248092 ], [ 2.1766763, 41.4248368 ], [ 2.176512, 41.4250236 ] ] } },
{ "type": "Feature", "properties": { "u": 31286309, "v": 125935921, "key": 0, "osmid": [ 543581682, 13668167 ], "oneway": false, "lanes": "5", "name": "Passeig de Maragall", "highway": "primary", "maxspeed": "50", "reversed": "True", "length": 84.707, "access": null, "junction": null, "ref": null, "width": null, "est_width": null, "tunnel": null, "bridge": null, "service": null }, "geometry": { "type": "LineString", "coordinates": [ [ 2.1769901, 41.4244842 ], [ 2.177009, 41.4244646 ], [ 2.1771524, 41.4243153 ], [ 2.1771934, 41.4242728 ], [ 2.1772188, 41.4242465 ], [ 2.1772948, 41.4241476 ], [ 2.177339, 41.424084 ], [ 2.1773921, 41.4240042 ], [ 2.1774441, 41.4239263 ], [ 2.1775022, 41.4238291 ] ] } },
{ "type": "Feature", "properties": { "u": 33098957, "v": 442540252, "key": 0, "osmid": "908375880", "oneway": true, "lanes": "5", "name": "Carrer d'Aragó", "highway": "primary", "maxspeed": "50", "reversed": "False", "length": 14.213, "access": "yes", "junction": null, "ref": null, "width": "15", "est_width": null, "tunnel": null, "bridge": null, "service": null }, "geometry": { "type": "LineString", "coordinates": [ [ 2.1648746, 41.3921866 ], [ 2.1648113, 41.392138 ], [ 2.1647555, 41.3920952 ] ] } },
{ "type": "Feature", "properties": { "u": 33098963, "v": 30254224, "key": 0, "osmid": "308355199", "oneway": true, "lanes": "5", "name": "Carrer d'Aragó", "highway": "primary", "maxspeed": "50", "reversed": "False", "length": 135.389, "access": "yes", "junction": null, "ref": null, "width": "15", "est_width": null, "tunnel": null, "bridge": null, "service": null }, "geometry": { "type": "LineString", "coordinates": [ [ 2.1675031, 41.394157 ], [ 2.167481, 41.3941405 ], [ 2.167362, 41.3940512 ], [ 2.1669853, 41.3937685 ], [ 2.1665901, 41.3934719 ], [ 2.1665487, 41.3934408 ], [ 2.1663912, 41.3933226 ], [ 2.1663556, 41.3932959 ] ] } },
{ "type": "Feature", "properties": { "u": 33098964, "v": 126797324, "key": 0, "osmid": [ 450137746, 1408524838 ], "oneway": true, "lanes": "5", "name": "Carrer d'Aragó", "highway": "primary", "maxspeed": "50", "reversed": "False", "length": 127.75, "access": "yes", "junction": null, "ref": null, "width": "15", "est_width": null, "tunnel": null, "bridge": null, "service": null }, "geometry": { "type": "LineString", "coordinates": [ [ 2.1731626, 41.3983971 ], [ 2.172952, 41.398246 ], [ 2.1726094, 41.397998 ], [ 2.172241, 41.3977177 ], [ 2.1722121, 41.3976957 ], [ 2.172075, 41.3975884 ] ] } },
{ "type": "Feature", "properties": { "u": 33098965, "v": 1303457162, "key": 0, "osmid": "263405133", "oneway": true, "lanes": "3", "name": "Carrer d'Aragó", "highway": "primary", "maxspeed": "50", "reversed": "False", "length": 77.295, "access": "yes", "junction": null, "ref": null, "width": null, "est_width": null, "tunnel": null, "bridge": null, "service": null }, "geometry": { "type": "LineString", "coordinates": [ [ 2.1857511, 41.4078072 ], [ 2.1855657, 41.4076678 ], [ 2.1850961, 41.4073154 ] ] } },
{ "type": "Feature", "properties": { "u": 36756096, "v": 416088703, "key": 0, "osmid": [ 1394466916, 1394466915, 554608796, 554608795 ], "oneway": true, "lanes": [ "4", "3" ], "name": "Ronda Litoral", "highway": "trunk", "maxspeed": "80", "reversed": "False", "length": 1760.081, "access": null, "junction": null, "ref": "B-10", "width": null, "est_width": null, "tunnel": null, "bridge": null, "service": null }, "geometry": { "type": "LineString", "coordinates": [ [ 2.1429078, 41.3478238 ], [ 2.1421275, 41.3474981 ], [ 2.141335, 41.3471724 ], [ 2.1396824, 41.3465175 ], [ 2.1380015, 41.3459232 ], [ 2.1366454, 41.3454491 ], [ 2.1365047, 41.3453999 ], [ 2.1356441, 41.3451054 ], [ 2.1293608, 41.3429552 ], [ 2.1270661, 41.342171 ], [ 2.1261592, 41.3418634 ], [ 2.1243663, 41.3412698 ], [ 2.1241982, 41.3412037 ], [ 2.1238412, 41.3410802 ] ] } },
{ "type": "Feature", "properties": { "u": 36756165, "v": 190943216, "key": 0, "osmid": [ 18506914, 1347380778, 1394466931, 18506718, 18506879 ], "oneway": true, "lanes": [ "1", "2" ], "name": null, "highway": "trunk_link", "maxspeed": [ "80", "60", "50" ], "reversed": "False", "length": 576.477, "access": null, "junction": null, "ref": "B-10", "width": null, "est_width": null, "tunnel": "yes", "bridge": null, "service": null }, "geometry": { "type": "LineString", "coordinates": [ [ 2.1719412, 41.3663027 ], [ 2.1721554, 41.3665729 ], [ 2.1726846, 41.3672337 ], [ 2.1728081, 41.3673969 ], [ 2.1730135, 41.3676492 ], [ 2.1732254, 41.3678895 ], [ 2.1735126, 41.3682464 ], [ 2.1735573, 41.3683112 ], [ 2.1735958, 41.3683852 ], [ 2.1736112, 41.3684476 ], [ 2.1736189, 41.3685054 ], [ 2.1736087, 41.3686751 ], [ 2.1735775, 41.3688461 ], [ 2.1735482, 41.3689883 ], [ 2.1735402, 41.3690501 ], [ 2.1735362, 41.3691118 ], [ 2.1735401, 41.3691794 ], [ 2.173558, 41.3692907 ], [ 2.1736616, 41.3696489 ], [ 2.1736921, 41.369793 ], [ 2.1737226, 41.369937 ], [ 2.1738216, 41.3704433 ], [ 2.173916, 41.3709335 ], [ 2.1739648, 41.3711111 ] ] } },
{ "type": "Feature", "properties": { "u": 36756165, "v": 190955805, "key": 0, "osmid": [ 1394466929, 1394466934, 242820055 ], "oneway": true, "lanes": "2", "name": "Ronda Litoral", "highway": "trunk", "maxspeed": "80", "reversed": "False", "length": 363.195, "access": null, "junction": null, "ref": "B-10", "width": null, "est_width": null, "tunnel": null, "bridge": null, "service": null }, "geometry": { "type": "LineString", "coordinates": [ [ 2.1719412, 41.3663027 ], [ 2.1720653, 41.3665171 ], [ 2.1721605, 41.3666672 ], [ 2.1722733, 41.3668451 ], [ 2.1724155, 41.3670598 ], [ 2.1725405, 41.3672404 ], [ 2.1726759, 41.3674236 ], [ 2.1729252, 41.3677515 ], [ 2.1731786, 41.3680648 ], [ 2.1734908, 41.3684317 ], [ 2.1735557, 41.3685205 ], [ 2.1735937, 41.3685725 ], [ 2.1736683, 41.3686746 ], [ 2.1738469, 41.3690153 ], [ 2.1739252, 41.3692002 ] ] } },
{ "type": "Feature", "properties": { "u": 71643529, "v": 1400448338, "key": 0, "osmid": [ 483469233, 1303878700, 545718431 ], "oneway": true, "lanes": "5", "name": "Gran Via de les Corts Catalanes", "highway": "primary", "maxspeed": "50", "reversed": "False", "length": 163.25, "access": null, "junction": null, "ref": "C-31", "width": null, "est_width": null, "tunnel": null, "bridge": null, "service": null }, "geometry": { "type": "LineString", "coordinates": [ [ 2.1653796, 41.3872305 ], [ 2.1656651, 41.3874594 ], [ 2.1660716, 41.387774 ], [ 2.1663299, 41.3879769 ], [ 2.1665817, 41.3881698 ], [ 2.1666987, 41.3882594 ], [ 2.1667365, 41.3882883 ] ] } },
{ "type": "Feature", "properties": { "u": 71710025, "v": 1379023475, "key": 0, "osmid": [ 1137827993, 404402531 ], "oneway": true, "lanes": "4", "name": "Plaça d'Espanya", "highway": "primary", "maxspeed": "50", "reversed": "False", "length": 63.572, "access": null, "junction": "circular", "ref": null, "width": "16", "est_width": null, "tunnel": null, "bridge": null, "service": null }, "geometry": { "type": "LineString", "coordinates": [ [ 2.1495277, 41.3746929 ], [ 2.1495933, 41.3747687 ], [ 2.1496162, 41.3747978 ], [ 2.1496359, 41.3748475 ], [ 2.1496552, 41.3749188 ], [ 2.1496685, 41.3749949 ], [ 2.1496736, 41.3750384 ], [ 2.1496781, 41.3750803 ], [ 2.1496748, 41.3751537 ], [ 2.1496657, 41.3751965 ], [ 2.1496463, 41.3752377 ] ] } },
{ "type": "Feature", "properties": { "u": 125935921, "v": 31286309, "key": 0, "osmid": [ 543581682, 13668167 ], "oneway": false, "lanes": "5", "name": "Passeig de Maragall", "highway": "primary", "maxspeed": "50", "reversed": "False", "length": 84.707, "access": null, "junction": null, "ref": null, "width": null, "est_width": null, "tunnel": null, "bridge": null, "service": null }, "geometry": { "type": "LineString", "coordinates": [ [ 2.1775022, 41.4238291 ], [ 2.1774441, 41.4239263 ], [ 2.1773921, 41.4240042 ], [ 2.177339, 41.424084 ], [ 2.1772948, 41.4241476 ], [ 2.1772188, 41.4242465 ], [ 2.1771934, 41.4242728 ], [ 2.1771524, 41.4243153 ], [ 2.177009, 41.4244646 ], [ 2.1769901, 41.4244842 ] ] } },
{ "type": "Feature", "properties": { "u": 125935921, "v": 387127757, "key": 0, "osmid": [ 40735728, 1395726186, 542845438 ], "oneway": true, "lanes": "3", "name": "Carrer de Ramon Albó", "highway": "primary", "maxspeed": "50", "reversed": "False", "length": 185.212, "access": null, "junction": null, "ref": null, "width": "11", "est_width": null, "tunnel": null, "bridge": null, "service": null }, "geometry": { "type": "LineString", "coordinates": [ [ 2.1775022, 41.4238291 ], [ 2.1774438, 41.4239657 ], [ 2.1774064, 41.4240639 ], [ 2.1773825, 41.4241437 ], [ 2.177376, 41.4241992 ], [ 2.1773638, 41.4243405 ], [ 2.1773618, 41.4243761 ], [ 2.1773398, 41.4247481 ], [ 2.1773287, 41.4251963 ], [ 2.1773242, 41.4253773 ], [ 2.1773228, 41.4254042 ], [ 2.1773189, 41.4254809 ] ] } },
{ "type": "Feature", "properties": { "u": 125935921, "v": 30689140, "key": 0, "osmid": "541786520", "oneway": false, "lanes": "3", "name": "Ronda del Guinardó", "highway": "primary", "maxspeed": "40", "reversed": "True", "length": 112.132, "access": null, "junction": null, "ref": null, "width": null, "est_width": null, "tunnel": null, "bridge": null, "service": null }, "geometry": { "type": "LineString", "coordinates": [ [ 2.1775022, 41.4238291 ], [ 2.1775149, 41.4237863 ], [ 2.1775235, 41.4237414 ], [ 2.1775239, 41.4236966 ], [ 2.1775186, 41.4236248 ], [ 2.1775165, 41.4235899 ], [ 2.1775011, 41.4235158 ], [ 2.1773808, 41.4229385 ], [ 2.1773774, 41.4229223 ], [ 2.1773564, 41.4228318 ] ] } },
{ "type": "Feature", "properties": { "u": 126763485, "v": 2509167399, "key": 0, "osmid": "121189293", "oneway": true, "lanes": "1", "name": "Travessera de Dalt", "highway": "primary_link", "maxspeed": "50", "reversed": "False", "length": 51.672, "access": null, "junction": null, "ref": null, "width": null, "est_width": null, "tunnel": null, "bridge": null, "service": null }, "geometry": { "type": "LineString", "coordinates": [ [ 2.1512142, 41.4081704 ], [ 2.1511353, 41.408155 ], [ 2.151059, 41.4081295 ], [ 2.1508699, 41.4080322 ], [ 2.1506771, 41.4079449 ] ] } },
{ "type": "Feature", "properties": { "u": 126763485, "v": 30960669, "key": 0, "osmid": "296813932", "oneway": true, "lanes": "2", "name": "Travessera de Dalt", "highway": "primary", "maxspeed": "50", "reversed": "False", "length": 50.74, "access": null, "junction": null, "ref": null, "width": null, "est_width": null, "tunnel": null, "bridge": null, "service": null }, "geometry": { "type": "LineString", "coordinates": [ [ 2.1512142, 41.4081704 ], [ 2.1510951, 41.408104 ], [ 2.1509015, 41.4079963 ], [ 2.1507279, 41.4078962 ] ] } },
{ "type": "Feature", "properties": { "u": 126763506, "v": 1002710274, "key": 0, "osmid": "451648808", "oneway": true, "lanes": "3", "name": "Carrer de Muntaner", "highway": "primary_link", "maxspeed": "50", "reversed": "False", "length": 11.352, "access": null, "junction": null, "ref": null, "width": null, "est_width": null, "tunnel": null, "bridge": null, "service": null }, "geometry": { "type": "LineString", "coordinates": [ [ 2.1378494, 41.4028489 ], [ 2.1379369, 41.4027707 ] ] } },
{ "type": "Feature", "properties": { "u": 126763506, "v": 30617578, "key": 0, "osmid": [ 543586121, 86330626 ], "oneway": true, "lanes": "3", "name": "Ronda del General Mitre", "highway": "primary", "maxspeed": "50", "reversed": "False", "length": 68.335, "access": null, "junction": null, "ref": null, "width": null, "est_width": null, "tunnel": null, "bridge": null, "service": null }, "geometry": { "type": "LineString", "coordinates": [ [ 2.1378494, 41.4028489 ], [ 2.1377619, 41.4027613 ], [ 2.1376293, 41.4026248 ], [ 2.1374783, 41.4024792 ], [ 2.1373566, 41.402358 ] ] } },
{ "type": "Feature", "properties": { "u": 126763513, "v": 3191418780, "key": 0, "osmid": "237515358", "oneway": true, "lanes": "3", "name": "Ronda del General Mitre", "highway": "primary", "maxspeed": "50", "reversed": "False", "length": 57.147, "access": null, "junction": null, "ref": null, "width": "7", "est_width": null, "tunnel": null, "bridge": null, "service": null }, "geometry": { "type": "LineString", "coordinates": [ [ 2.1351146, 41.4003492 ], [ 2.1350044, 41.4002539 ], [ 2.1349745, 41.400228 ], [ 2.1347901, 41.4000619 ], [ 2.1346778, 41.3999534 ] ] } },
{ "type": "Feature", "properties": { "u": 126763523, "v": 692247924, "key": 0, "osmid": "29344544", "oneway": true, "lanes": "1", "name": "Ronda del General Mitre", "highway": "primary_link", "maxspeed": "50", "reversed": "False", "length": 49.31, "access": null, "junction": null, "ref": null, "width": null, "est_width": null, "tunnel": null, "bridge": null, "service": null }, "geometry": { "type": "LineString", "coordinates": [ [ 2.1327738, 41.3971177 ], [ 2.1328621, 41.3968866 ], [ 2.1329987, 41.3967113 ] ] } },
{ "type": "Feature", "properties": { "u": 126763523, "v": 1378950933, "key": 0, "osmid": [ 86330625, 237555370, 1395710349, 568330391 ], "oneway": true, "lanes": "2", "name": [ "Ronda del General Mitre", "Ronda del Mig" ], "highway": "primary", "maxspeed": "50", "reversed": "False", "length": 754.339, "access": null, "junction": null, "ref": null, "width": null, "est_width": null, "tunnel": "yes", "bridge": null, "service": null }, "geometry": { "type": "LineString", "coordinates": [ [ 2.1327738, 41.3971177 ], [ 2.1328812, 41.3969569 ], [ 2.1330569, 41.3967568 ], [ 2.1338201, 41.395988 ], [ 2.1338841, 41.3958768 ], [ 2.1339397, 41.3957505 ], [ 2.1339776, 41.3956661 ], [ 2.1339998, 41.3955881 ], [ 2.1340108, 41.3954995 ], [ 2.1340102, 41.3954617 ], [ 2.1340015, 41.3954073 ], [ 2.1339879, 41.3953569 ], [ 2.1339558, 41.3952966 ], [ 2.1339148, 41.3952325 ], [ 2.1338298, 41.3951315 ], [ 2.1336892, 41.3949858 ], [ 2.1334011, 41.3946778 ], [ 2.1330212, 41.3942908 ], [ 2.1326496, 41.3939957 ], [ 2.1322147, 41.3936866 ], [ 2.1320681, 41.3936068 ], [ 2.1315791, 41.3933447 ], [ 2.1307517, 41.392917 ], [ 2.1303936, 41.3927391 ], [ 2.1301588, 41.3926253 ], [ 2.1295478, 41.3923481 ], [ 2.1294118, 41.3922681 ], [ 2.129347, 41.3922256 ] ] } },
{ "type": "Feature", "properties": { "u": 126769416, "v": 390227134, "key": 0, "osmid": [ 1391886570, 1391886571, 1391886572, 68506232, 543400543 ], "oneway": false, "lanes": "7", "name": "Avinguda Diagonal", "highway": "primary", "maxspeed": "50", "reversed": "True", "length": 172.083, "access": null, "junction": null, "ref": null, "width": "18", "est_width": null, "tunnel": null, "bridge": null, "service": null }, "geometry": { "type": "LineString", "coordinates": [ [ 2.1221093, 41.3870011 ], [ 2.1218732, 41.3869412 ], [ 2.1218226, 41.3869284 ], [ 2.1216098, 41.3868743 ], [ 2.1214633, 41.3868371 ], [ 2.1209873, 41.3867163 ], [ 2.1208361, 41.386678 ], [ 2.120677, 41.3866375 ], [ 2.120315, 41.3865456 ], [ 2.1201554, 41.3865051 ] ] } },
{ "type": "Feature", "properties": { "u": 126769416, "v": 681936376, "key": 0, "osmid": "253360734", "oneway": false, "lanes": "7", "name": "Avinguda Diagonal", "highway": "primary", "maxspeed": "50", "reversed": "False", "length": 105.478, "access": null, "junction": null, "ref": null, "width": "18", "est_width": null, "tunnel": null, "bridge": null, "service": null }, "geometry": { "type": "LineString", "coordinates": [ [ 2.1221093, 41.3870011 ], [ 2.1223151, 41.3870534 ], [ 2.1223439, 41.3870607 ], [ 2.1227011, 41.3871514 ], [ 2.1230825, 41.3872482 ], [ 2.123108, 41.3872547 ], [ 2.1233069, 41.3873052 ] ] } },
{ "type": "Feature", "properties": { "u": 126769416, "v": 390227080, "key": 0, "osmid": "552634574", "oneway": true, "lanes": "4", "name": "Plaça de Pius XII", "highway": "primary_link", "maxspeed": "50", "reversed": "False", "length": 26.207, "access": null, "junction": "circular", "ref": null, "width": null, "est_width": null, "tunnel": null, "bridge": null, "service": null }, "geometry": { "type": "LineString", "coordinates": [ [ 2.1221093, 41.3870011 ], [ 2.1221952, 41.3868845 ], [ 2.1222038, 41.386876 ], [ 2.1222269, 41.3868588 ], [ 2.1222907, 41.3868114 ] ] } },
{ "type": "Feature", "properties": { "u": 126781115, "v": 390227101, "key": 0, "osmid": "247038425", "oneway": true, "lanes": "5", "name": "Plaça d'Ildefons Cerdà", "highway": "primary", "maxspeed": null, "reversed": "False", "length": 38.385, "access": null, "junction": "circular", "ref": null, "width": "18", "est_width": null, "tunnel": null, "bridge": null, "service": null }, "geometry": { "type": "LineString", "coordinates": [ [ 2.1356178, 41.3643983 ], [ 2.1357107, 41.364449 ], [ 2.1358066, 41.3645388 ], [ 2.1358344, 41.3645926 ], [ 2.1358578, 41.364677 ] ] } },
{ "type": "Feature", "properties": { "u": 126781118, "v": 540312571, "key": 0, "osmid": [ 160264081, 1226435915, 160264083, 666707718 ], "oneway": true, "lanes": [ "1", "2" ], "name": "Rambla de Badal", "highway": [ "primary_link", "tertiary" ], "maxspeed": [ "30", "50" ], "reversed": "False", "length": 253.069, "access": null, "junction": null, "ref": null, "width": null, "est_width": null, "tunnel": "yes", "bridge": null, "service": null }, "geometry": { "type": "LineString", "coordinates": [ [ 2.1320094, 41.3711316 ], [ 2.1321009, 41.3706205 ], [ 2.1321413, 41.3704932 ], [ 2.1323015, 41.3700688 ], [ 2.1323213, 41.3699762 ], [ 2.1324173, 41.3696951 ], [ 2.132674, 41.3690451 ], [ 2.1326899, 41.3690027 ], [ 2.1327211, 41.3689238 ] ] } },
{ "type": "Feature", "properties": { "u": 126781118, "v": 693864923, "key": 0, "osmid": [ 542458008, 542495909, 1395701661 ], "oneway": true, "lanes": [ "3", "2" ], "name": "Ronda del Mig", "highway": "primary", "maxspeed": [ "60", "50" ], "reversed": "False", "length": 651.198, "access": null, "junction": null, "ref": null, "width": null, "est_width": null, "tunnel": "yes", "bridge": null, "service": null }, "geometry": { "type": "LineString", "coordinates": [ [ 2.1320094, 41.3711316 ], [ 2.1322013, 41.37064 ], [ 2.1328734, 41.3689187 ], [ 2.133303, 41.3680367 ], [ 2.1336334, 41.3675009 ], [ 2.1339925, 41.3669737 ], [ 2.1346023, 41.3661678 ], [ 2.1346105, 41.3661546 ], [ 2.1348214, 41.3658166 ], [ 2.134886, 41.3657131 ] ] } },
{ "type": "Feature", "properties": { "u": 126781129, "v": 690411249, "key": 0, "osmid": [ 34054321, 123269342, 23425567 ], "oneway": true, "lanes": "3", "name": "Ronda del Mig", "highway": "primary", "maxspeed": "60", "reversed": "False", "length": 456.128, "access": "yes", "junction": null, "ref": null, "width": null, "est_width": null, "tunnel": "yes", "bridge": null, "service": null }, "geometry": { "type": "LineString", "coordinates": [ [ 2.1281307, 41.3904753 ], [ 2.1280433, 41.3902935 ], [ 2.127968, 41.3901135 ], [ 2.1278306, 41.3897506 ], [ 2.1277302, 41.3894835 ], [ 2.1276173, 41.3891561 ], [ 2.1275631, 41.3889863 ], [ 2.127511, 41.3888187 ], [ 2.1272427, 41.3879251 ], [ 2.1272225, 41.3878353 ], [ 2.1272052, 41.3877492 ], [ 2.1271794, 41.387567 ], [ 2.1271377, 41.3873083 ], [ 2.127116, 41.3871842 ], [ 2.1270992, 41.3870122 ], [ 2.1270793, 41.3867558 ], [ 2.1270718, 41.3864678 ] ] } },
{ "type": "Feature", "properties": { "u": 126797324, "v": 126803324, "key": 0, "osmid": "571448022", "oneway": true, "lanes": "5", "name": "Carrer d'Aragó", "highway": "primary", "maxspeed": "50", "reversed": "False", "length": 11.058, "access": "yes", "junction": null, "ref": null, "width": "15", "est_width": null, "tunnel": null, "bridge": null, "service": null }, "geometry": { "type": "LineString", "coordinates": [ [ 2.172075, 41.3975884 ], [ 2.1720333, 41.397554 ], [ 2.1719857, 41.3975149 ] ] } },
{ "type": "Feature", "properties": { "u": 126803324, "v": 30243210, "key": 0, "osmid": "1408524839", "oneway": true, "lanes": "5", "name": "Carrer d'Aragó", "highway": "primary", "maxspeed": "50", "reversed": "False", "length": 125.581, "access": "yes", "junction": null, "ref": null, "width": "15", "est_width": null, "tunnel": null, "bridge": null, "service": null }, "geometry": { "type": "LineString", "coordinates": [ [ 2.1719857, 41.3975149 ], [ 2.1718745, 41.3974315 ], [ 2.1718449, 41.3974093 ], [ 2.1716083, 41.3972319 ], [ 2.1711985, 41.3969247 ], [ 2.1711297, 41.3968731 ], [ 2.1709222, 41.3967155 ] ] } },
{ "type": "Feature", "properties": { "u": 126812839, "v": 2269130838, "key": 0, "osmid": "13724827", "oneway": true, "lanes": "1", "name": "Plaça de Tetuan", "highway": "primary", "maxspeed": "50", "reversed": "False", "length": 104.458, "access": null, "junction": null, "ref": "C-31", "width": null, "est_width": null, "tunnel": null, "bridge": null, "service": null }, "geometry": { "type": "LineString", "coordinates": [ [ 2.1749375, 41.3947726 ], [ 2.1749533, 41.3948896 ], [ 2.174973, 41.3949584 ], [ 2.1750038, 41.3950238 ], [ 2.175061, 41.3951063 ], [ 2.1751128, 41.3951645 ], [ 2.1751312, 41.3951852 ], [ 2.1751584, 41.3952063 ], [ 2.1752461, 41.3952526 ], [ 2.1753474, 41.3952922 ], [ 2.175498, 41.39533 ], [ 2.17561, 41.3953469 ], [ 2.1757333, 41.3953631 ] ] } },
{ "type": "Feature", "properties": { "u": 126812839, "v": 126812841, "key": 0, "osmid": "217617440", "oneway": true, "lanes": "4", "name": "Plaça de Tetuan", "highway": "primary", "maxspeed": "50", "reversed": "False", "length": 54.731, "access": null, "junction": null, "ref": "C-31", "width": null, "est_width": null, "tunnel": null, "bridge": null, "service": null }, "geometry": { "type": "LineString", "coordinates": [ [ 2.1749375, 41.3947726 ], [ 2.1749543, 41.3947117 ], [ 2.174977, 41.3946577 ], [ 2.1750461, 41.3945657 ], [ 2.1750849, 41.3945312 ], [ 2.1751938, 41.3944576 ], [ 2.1753344, 41.3944179 ] ] } },
{ "type": "Feature", "properties": { "u": 126812841, "v": 126812844, "key": 0, "osmid": "304693485", "oneway": true, "lanes": "5", "name": "Plaça de Tetuan", "highway": "primary", "maxspeed": "50", "reversed": "False", "length": 29.845, "access": null, "junction": null, "ref": "C-31", "width": null, "est_width": null, "tunnel": null, "bridge": null, "service": null }, "geometry": { "type": "LineString", "coordinates": [ [ 2.1753344, 41.3944179 ], [ 2.1755048, 41.3944066 ], [ 2.1756903, 41.3944226 ] ] } },
{ "type": "Feature", "properties": { "u": 126812844, "v": 126812847, "key": 0, "osmid": "140001523", "oneway": true, "lanes": "5", "name": "Plaça de Tetuan", "highway": "primary", "maxspeed": "50", "reversed": "False", "length": 66.145, "access": null, "junction": null, "ref": "C-31", "width": "14", "est_width": null, "tunnel": null, "bridge": null, "service": null }, "geometry": { "type": "LineString", "coordinates": [ [ 2.1756903, 41.3944226 ], [ 2.1758671, 41.3944772 ], [ 2.1759259, 41.394507 ], [ 2.175988, 41.3945385 ], [ 2.1760187, 41.3945619 ], [ 2.1760756, 41.3946157 ], [ 2.1761538, 41.3947199 ], [ 2.1761972, 41.3948363 ] ] } },
{ "type": "Feature", "properties": { "u": 126812847, "v": 126812850, "key": 0, "osmid": "140001525", "oneway": true, "lanes": "4", "name": "Plaça de Tetuan", "highway": "primary", "maxspeed": "50", "reversed": "False", "length": 20.864, "access": null, "junction": null, "ref": "C-31", "width": null, "est_width": null, "tunnel": null, "bridge": null, "service": null }, "geometry": { "type": "LineString", "coordinates": [ [ 2.1761972, 41.3948363 ], [ 2.1762004, 41.3949049 ], [ 2.1762, 41.3949353 ], [ 2.1761904, 41.3950236 ] ] } },
{ "type": "Feature", "properties": { "u": 126812850, "v": 1311833055, "key": 0, "osmid": "23191709", "oneway": true, "lanes": "4", "name": "Gran Via de les Corts Catalanes", "highway": "primary", "maxspeed": "50", "reversed": "False", "length": 65.05, "access": null, "junction": null, "ref": "C-31", "width": "12", "est_width": null, "tunnel": null, "bridge": null, "service": null }, "geometry": { "type": "LineString", "coordinates": [ [ 2.1761904, 41.3950236 ], [ 2.1762407, 41.3951408 ], [ 2.1762742, 41.3952203 ], [ 2.1763586, 41.3953664 ], [ 2.1763641, 41.3953736 ], [ 2.1763774, 41.3953924 ], [ 2.1765228, 41.3955476 ] ] } },
{ "type": "Feature", "properties": { "u": 126812850, "v": 2269130838, "key": 0, "osmid": "304693486", "oneway": true, "lanes": "4", "name": "Plaça de Tetuan", "highway": "primary", "maxspeed": "50", "reversed": "False", "length": 56.624, "access": null, "junction": null, "ref": "C-31", "width": null, "est_width": null, "tunnel": null, "bridge": null, "service": null }, "geometry": { "type": "LineString", "coordinates": [ [ 2.1761904, 41.3950236 ], [ 2.1761622, 41.3950945 ], [ 2.1761147, 41.39516 ], [ 2.1760637, 41.3952146 ], [ 2.1760254, 41.3952441 ], [ 2.1760089, 41.3952554 ], [ 2.1759881, 41.3952702 ], [ 2.175941, 41.395297 ], [ 2.1758843, 41.3953238 ], [ 2.1758216, 41.395342 ], [ 2.1757333, 41.3953631 ] ] } },
{ "type": "Feature", "properties": { "u": 168319807, "v": 71710025, "key": 0, "osmid": [ 306586234, 208708603 ], "oneway": true, "lanes": "7", "name": "Plaça d'Espanya", "highway": "primary", "maxspeed": "50", "reversed": "False", "length": 41.003, "access": null, "junction": "circular", "ref": null, "width": "28", "est_width": null, "tunnel": null, "bridge": null, "service": null }, "geometry": { "type": "LineString", "coordinates": [ [ 2.1490731, 41.3745772 ], [ 2.149155, 41.3745768 ], [ 2.14922, 41.3745833 ], [ 2.149311, 41.3746006 ], [ 2.1493899, 41.3746259 ], [ 2.1494596, 41.3746581 ], [ 2.1495277, 41.3746929 ] ] } },
{ "type": "Feature", "properties": { "u": 178518958, "v": 4908316180, "key": 0, "osmid": "532193662", "oneway": true, "lanes": "4", "name": "Gran Via de les Corts Catalanes", "highway": "primary", "maxspeed": "50", "reversed": "False", "length": 79.778, "access": null, "junction": null, "ref": "C-31", "width": "16", "est_width": null, "tunnel": null, "bridge": null, "service": null }, "geometry": { "type": "LineString", "coordinates": [ [ 2.1477349, 41.3740736 ], [ 2.1473051, 41.3737339 ], [ 2.1470734, 41.3735556 ] ] } },
{ "type": "Feature", "properties": { "u": 178542532, "v": 530687855, "key": 0, "osmid": [ 1395752173, 208708605 ], "oneway": true, "lanes": "4", "name": "Carrer de Tarragona", "highway": "primary", "maxspeed": "50", "reversed": "False", "length": 97.997, "access": null, "junction": null, "ref": null, "width": "14", "est_width": null, "tunnel": null, "bridge": null, "service": null }, "geometry": { "type": "LineString", "coordinates": [ [ 2.1429359, 41.380259 ], [ 2.1430869, 41.380194 ], [ 2.1432238, 41.3800979 ], [ 2.1432679, 41.3800646 ], [ 2.1433981, 41.3799674 ], [ 2.1435451, 41.3798576 ], [ 2.1436277, 41.3797959 ], [ 2.1437998, 41.3796674 ] ] } },
{ "type": "Feature", "properties": { "u": 178542533, "v": 178542532, "key": 0, "osmid": [ 23348945, 768101885 ], "oneway": true, "lanes": "4", "name": "Carrer de Tarragona", "highway": "primary", "maxspeed": "50", "reversed": "False", "length": 68.593, "access": null, "junction": null, "ref": null, "width": "8", "est_width": null, "tunnel": null, "bridge": null, "service": null }, "geometry": { "type": "LineString", "coordinates": [ [ 2.1423074, 41.380648 ], [ 2.1424182, 41.3806099 ], [ 2.142451, 41.3805969 ], [ 2.1426312, 41.3804917 ], [ 2.1427608, 41.3803923 ], [ 2.1428341, 41.3803395 ], [ 2.1429359, 41.380259 ] ] } },
{ "type": "Feature", "properties": { "u": 178542900, "v": 803435608, "key": 0, "osmid": [ 315272793, 542836620 ], "oneway": true, "lanes": "5", "name": "Carrer de Tarragona", "highway": "primary", "maxspeed": "50", "reversed": "False", "length": 121.496, "access": null, "junction": null, "ref": null, "width": "20", "est_width": null, "tunnel": null, "bridge": null, "service": null }, "geometry": { "type": "LineString", "coordinates": [ [ 2.1482216, 41.3762532 ], [ 2.1482575, 41.3762205 ], [ 2.1483355, 41.3761497 ], [ 2.1484818, 41.376053 ], [ 2.1487592, 41.3758562 ], [ 2.1488337, 41.3757899 ], [ 2.1488679, 41.3757551 ], [ 2.1489014, 41.375721 ], [ 2.1489389, 41.375666 ], [ 2.1489408, 41.3756625 ], [ 2.1489538, 41.375638 ], [ 2.1489546, 41.3756324 ], [ 2.1489604, 41.3755901 ], [ 2.1489586, 41.3755391 ], [ 2.1489382, 41.3754863 ], [ 2.1489232, 41.3754644 ], [ 2.1489044, 41.3754426 ], [ 2.1488463, 41.3754064 ] ] } },
{ "type": "Feature", "properties": { "u": 190936244, "v": 190939352, "key": 0, "osmid": [ 4746860, 309189491, 1394466932, 18506331, 18506301 ], "oneway": true, "lanes": [ "1", "2" ], "name": null, "highway": "trunk_link", "maxspeed": null, "reversed": "False", "length": 572.426, "access": null, "junction": null, "ref": "B-10", "width": null, "est_width": null, "tunnel": "yes", "bridge": null, "service": null }, "geometry": { "type": "LineString", "coordinates": [ [ 2.1738395, 41.3711047 ], [ 2.1737665, 41.3709902 ], [ 2.1737204, 41.3708793 ], [ 2.17357, 41.3701335 ], [ 2.1735386, 41.3699786 ], [ 2.1734494, 41.369525 ], [ 2.1734443, 41.3694992 ], [ 2.1733975, 41.3692099 ], [ 2.1733722, 41.3689616 ], [ 2.1733679, 41.3688105 ], [ 2.1733627, 41.3687707 ], [ 2.1733549, 41.3687309 ], [ 2.1733389, 41.3686741 ], [ 2.1733148, 41.3686173 ], [ 2.1732845, 41.368554 ], [ 2.1732414, 41.3684896 ], [ 2.173149, 41.3683784 ], [ 2.172936, 41.3681213 ], [ 2.1726734, 41.3677826 ], [ 2.1725379, 41.3676149 ], [ 2.1724155, 41.3674401 ], [ 2.1722553, 41.3671881 ], [ 2.1721224, 41.3669629 ], [ 2.1719966, 41.3667107 ], [ 2.1719635, 41.3666423 ], [ 2.171869, 41.3664472 ], [ 2.1718021, 41.366268 ] ] } },
{ "type": "Feature", "properties": { "u": 190939352, "v": 559604881, "key": 0, "osmid": [ 965376705, 965376706, 44013384, 1347380777, 76702889, 79304107 ], "oneway": true, "lanes": "2", "name": "Ronda Litoral", "highway": "trunk", "maxspeed": [ "80", "60" ], "reversed": "False", "length": 1735.456, "access": null, "junction": null, "ref": "B-10", "width": null, "est_width": null, "tunnel": null, "bridge": "yes", "service": null }, "geometry": { "type": "LineString", "coordinates": [ [ 2.1718021, 41.366268 ], [ 2.1715094, 41.3657076 ], [ 2.1713505, 41.3654134 ], [ 2.1712792, 41.3652907 ], [ 2.1712496, 41.3652397 ], [ 2.1710997, 41.3649976 ], [ 2.170898, 41.3647079 ], [ 2.169697, 41.3630863 ], [ 2.1692995, 41.3625482 ], [ 2.1691065, 41.3623315 ], [ 2.1689947, 41.3622126 ], [ 2.1688865, 41.3621069 ], [ 2.1687302, 41.361971 ], [ 2.1685211, 41.3618024 ], [ 2.1671351, 41.3608053 ], [ 2.1668157, 41.3605728 ], [ 2.16647, 41.3603326 ], [ 2.1660583, 41.3600633 ], [ 2.165534, 41.3597499 ], [ 2.1653174, 41.3596198 ], [ 2.1650387, 41.3594378 ], [ 2.1648118, 41.3592799 ], [ 2.1638046, 41.3585522 ], [ 2.163263, 41.3581489 ], [ 2.1630735, 41.3580034 ], [ 2.162884, 41.3578499 ], [ 2.1623803, 41.357408 ], [ 2.1610585, 41.3562085 ], [ 2.1606081, 41.3557986 ], [ 2.1591942, 41.3544953 ], [ 2.158949, 41.3542777 ], [ 2.1589007, 41.3542357 ] ] } },
{ "type": "Feature", "properties": { "u": 190955805, "v": 1401840772, "key": 0, "osmid": [ 18520751, 1054494708, 1394466933, 18520436, 1394466935, 1394466936, 18520820, 284963002, 1187845084, 18520413 ], "oneway": true, "lanes": [ "3", "2" ], "name": "Ronda Litoral", "highway": "trunk", "maxspeed": [ "80", "60" ], "reversed": "False", "length": 2153.91, "access": null, "junction": null, "ref": "B-10", "width": null, "est_width": null, "tunnel": "yes", "bridge": null, "service": null }, "geometry": { "type": "LineString", "coordinates": [ [ 2.1739252, 41.3692002 ], [ 2.1741211, 41.3696801 ], [ 2.1742057, 41.36987 ], [ 2.1742296, 41.3699235 ], [ 2.1743067, 41.3700681 ], [ 2.1744, 41.3702009 ], [ 2.1744674, 41.3702905 ], [ 2.1745142, 41.3703528 ], [ 2.1746614, 41.3705119 ], [ 2.1748644, 41.3707313 ], [ 2.1750925, 41.3709709 ], [ 2.1762743, 41.372421 ], [ 2.1764968, 41.372695 ], [ 2.1770225, 41.3733367 ], [ 2.1772569, 41.3736006 ], [ 2.1774176, 41.3737771 ], [ 2.1777305, 41.3741409 ], [ 2.1780001, 41.3744685 ], [ 2.1781163, 41.3746324 ], [ 2.1782039, 41.3747898 ], [ 2.1782455, 41.3748994 ], [ 2.1782759, 41.3750074 ], [ 2.1783317, 41.3753507 ], [ 2.1783709, 41.3756867 ], [ 2.1784007, 41.3758497 ], [ 2.1784745, 41.3760352 ], [ 2.1785212, 41.3761092 ], [ 2.1785989, 41.3762092 ], [ 2.1786957, 41.3763083 ], [ 2.1790907, 41.3766978 ], [ 2.181507, 41.3796724 ], [ 2.1820343, 41.3803247 ], [ 2.1822396, 41.3805122 ], [ 2.1823264, 41.3805692 ], [ 2.1824418, 41.3806376 ], [ 2.182558, 41.3807092 ], [ 2.1827808, 41.3808255 ], [ 2.1830073, 41.3809175 ], [ 2.1831348, 41.3809483 ], [ 2.1835157, 41.3810147 ], [ 2.1839241, 41.3811209 ], [ 2.1852293, 41.3816727 ], [ 2.1853185, 41.3817102 ], [ 2.1858029, 41.3819332 ], [ 2.1871966, 41.3825746 ], [ 2.1872136, 41.3825824 ], [ 2.1895261, 41.3836531 ] ] } },
{ "type": "Feature", "properties": { "u": 191001636, "v": 1401568849, "key": 0, "osmid": "126439646", "oneway": true, "lanes": "1", "name": null, "highway": "trunk_link", "maxspeed": null, "reversed": "False", "length": 82.885, "access": null, "junction": null, "ref": "B-10", "width": null, "est_width": null, "tunnel": null, "bridge": null, "service": null }, "geometry": { "type": "LineString", "coordinates": [ [ 2.1751273, 41.3712239 ], [ 2.1746111, 41.3707724 ], [ 2.1744713, 41.3706645 ] ] } },
{ "type": "Feature", "properties": { "u": 191001636, "v": 190939352, "key": 0, "osmid": [ 1394466937, 377179098 ], "oneway": true, "lanes": "2", "name": "Ronda Litoral", "highway": "trunk", "maxspeed": "60", "reversed": "False", "length": 620.545, "access": null, "junction": null, "ref": "B-10", "width": null, "est_width": null, "tunnel": null, "bridge": null, "service": null }, "geometry": { "type": "LineString", "coordinates": [ [ 2.1751273, 41.3712239 ], [ 2.1746242, 41.3706881 ], [ 2.1745562, 41.3706157 ], [ 2.1743834, 41.3704194 ], [ 2.174246, 41.3702158 ], [ 2.1741101, 41.370011 ], [ 2.1740071, 41.3697968 ], [ 2.1738454, 41.3693867 ], [ 2.1736963, 41.3689967 ], [ 2.1735036, 41.3686556 ], [ 2.1734457, 41.3685761 ], [ 2.1733434, 41.3684354 ], [ 2.1731709, 41.3682462 ], [ 2.1728322, 41.3678326 ], [ 2.1726172, 41.3675533 ], [ 2.1724356, 41.3672998 ], [ 2.1722369, 41.3670088 ], [ 2.172041, 41.366703 ], [ 2.1718021, 41.366268 ] ] } },
{ "type": "Feature", "properties": { "u": 191031226, "v": 552864169, "key": 0, "osmid": "44010189", "oneway": true, "lanes": "1", "name": null, "highway": "trunk_link", "maxspeed": "70", "reversed": "False", "length": 128.915, "access": null, "junction": null, "ref": "13", "width": null, "est_width": null, "tunnel": null, "bridge": null, "service": null }, "geometry": { "type": "LineString", "coordinates": [ [ 2.149129, 41.3501231 ], [ 2.1498149, 41.3503749 ], [ 2.1500681, 41.3504665 ], [ 2.1505246, 41.3506193 ] ] } },
{ "type": "Feature", "properties": { "u": 191031226, "v": 191031231, "key": 0, "osmid": [ 44010194, 1394466921, 288931978, 44010196 ], "oneway": true, "lanes": "2", "name": "Ronda Litoral", "highway": "trunk", "maxspeed": "80", "reversed": "False", "length": 643.036, "access": null, "junction": null, "ref": "B-10", "width": null, "est_width": null, "tunnel": null, "bridge": "yes", "service": null }, "geometry": { "type": "LineString", "coordinates": [ [ 2.149129, 41.3501231 ], [ 2.1497662, 41.3504187 ], [ 2.1498577, 41.3504611 ], [ 2.1502425, 41.3506266 ], [ 2.1507123, 41.350818 ], [ 2.1510362, 41.3509388 ], [ 2.1513639, 41.3510515 ], [ 2.151639, 41.3511379 ], [ 2.15193, 41.351224 ], [ 2.1522543, 41.3513087 ], [ 2.1530282, 41.3515008 ], [ 2.153525, 41.3516209 ], [ 2.1542527, 41.3517849 ], [ 2.1549839, 41.3519252 ], [ 2.1552396, 41.3519791 ], [ 2.1554912, 41.3520438 ], [ 2.1558152, 41.3521434 ], [ 2.156235, 41.3522835 ] ] } },
{ "type": "Feature", "properties": { "u": 191031231, "v": 191031236, "key": 0, "osmid": [ 44010552, 237649289, 44010551 ], "oneway": true, "lanes": "2", "name": "Ronda Litoral", "highway": "trunk", "maxspeed": "80", "reversed": "False", "length": 285.238, "access": null, "junction": null, "ref": "B-10", "width": null, "est_width": null, "tunnel": null, "bridge": "yes", "service": null }, "geometry": { "type": "LineString", "coordinates": [ [ 2.156235, 41.3522835 ], [ 2.1563961, 41.3523459 ], [ 2.1565465, 41.3524099 ], [ 2.1569246, 41.3525756 ], [ 2.1572658, 41.3527478 ], [ 2.1575694, 41.3529134 ], [ 2.1577953, 41.3530506 ], [ 2.158036, 41.3532085 ], [ 2.1584078, 41.353483 ], [ 2.1585897, 41.353637 ], [ 2.158869, 41.3538853 ] ] } },
{ "type": "Feature", "properties": { "u": 191031236, "v": 36756165, "key": 0, "osmid": [ 965376704, 548337281, 44013385, 44013386, 1394466930, 554608798 ], "oneway": true, "lanes": "2", "name": "Ronda Litoral", "highway": "trunk", "maxspeed": "80", "reversed": "False", "length": 1778.022, "access": null, "junction": null, "ref": "B-10", "width": null, "est_width": null, "tunnel": null, "bridge": "yes", "service": null }, "geometry": { "type": "LineString", "coordinates": [ [ 2.158869, 41.3538853 ], [ 2.1589575, 41.3539876 ], [ 2.159158, 41.3542014 ], [ 2.1592712, 41.3543231 ], [ 2.1596064, 41.3546845 ], [ 2.1599612, 41.3550557 ], [ 2.1606776, 41.3557515 ], [ 2.161201, 41.3562199 ], [ 2.1617273, 41.3567008 ], [ 2.1619961, 41.3569409 ], [ 2.1625281, 41.3574263 ], [ 2.1629628, 41.3578057 ], [ 2.1633465, 41.3581122 ], [ 2.1638889, 41.3585119 ], [ 2.1648206, 41.3591899 ], [ 2.1652142, 41.3594565 ], [ 2.1656375, 41.3597194 ], [ 2.1661186, 41.3600099 ], [ 2.1664682, 41.360229 ], [ 2.1669627, 41.3605816 ], [ 2.1672101, 41.36076 ], [ 2.167574, 41.3610219 ], [ 2.1683135, 41.3615499 ], [ 2.1686027, 41.3617662 ], [ 2.1687379, 41.3618732 ], [ 2.1688652, 41.3619801 ], [ 2.1690358, 41.3621387 ], [ 2.169207, 41.3623178 ], [ 2.1693566, 41.3624897 ], [ 2.1699594, 41.3632879 ], [ 2.170617, 41.3641749 ], [ 2.1708645, 41.3645106 ], [ 2.1710607, 41.3647843 ], [ 2.1712448, 41.3650613 ], [ 2.171314, 41.3651723 ], [ 2.1713951, 41.3653124 ], [ 2.1714043, 41.3653285 ], [ 2.1714397, 41.3653896 ], [ 2.1714931, 41.3654887 ], [ 2.1717398, 41.3659603 ], [ 2.1718378, 41.3661275 ], [ 2.1719412, 41.3663027 ] ] } },
{ "type": "Feature", "properties": { "u": 191046034, "v": 1141503163, "key": 0, "osmid": [ 1394486202, 475127150 ], "oneway": true, "lanes": "3", "name": "Ronda Litoral (Nus de la Trinitat)", "highway": "trunk", "maxspeed": "80", "reversed": "False", "length": 128.679, "access": null, "junction": null, "ref": "B-10", "width": null, "est_width": null, "tunnel": null, "bridge": null, "service": null }, "geometry": { "type": "LineString", "coordinates": [ [ 2.2010339, 41.4486904 ], [ 2.2005552, 41.4489104 ], [ 2.2005476, 41.4489135 ], [ 2.2003333, 41.449002 ], [ 2.2001157, 41.4490763 ], [ 2.1996591, 41.4492095 ] ] } },
{ "type": "Feature", "properties": { "u": 208696479, "v": 1297818714, "key": 0, "osmid": [ 550453994, 30014907, 1393379500 ], "oneway": true, "lanes": "3", "name": "Ronda de Dalt", "highway": "trunk", "maxspeed": "80", "reversed": "False", "length": 824.379, "access": "yes", "junction": null, "ref": "B-20", "width": null, "est_width": null, "tunnel": "yes", "bridge": null, "service": null }, "geometry": { "type": "LineString", "coordinates": [ [ 2.1091445, 41.3924042 ], [ 2.1092859, 41.3926817 ], [ 2.109604, 41.3933055 ], [ 2.1096471, 41.3933889 ], [ 2.1101205, 41.3944006 ], [ 2.1105675, 41.3951467 ], [ 2.1107722, 41.3954546 ], [ 2.1110445, 41.3957591 ], [ 2.1115093, 41.3961958 ], [ 2.1119919, 41.3966629 ], [ 2.1127376, 41.3975965 ], [ 2.1130746, 41.3980445 ], [ 2.1132118, 41.3983029 ], [ 2.1133592, 41.3987223 ], [ 2.1134229, 41.3990124 ] ] } },
{ "type": "Feature", "properties": { "u": 243341175, "v": 243341274, "key": 0, "osmid": "22689378", "oneway": true, "lanes": "1", "name": null, "highway": "trunk_link", "maxspeed": "80", "reversed": "False", "length": 300.729, "access": null, "junction": null, "ref": "24", "width": null, "est_width": null, "tunnel": null, "bridge": null, "service": null }, "geometry": { "type": "LineString", "coordinates": [ [ 2.2162287, 41.4039587 ], [ 2.21639, 41.4041487 ], [ 2.2168412, 41.4045255 ], [ 2.2170725, 41.404736 ], [ 2.2173901, 41.4050617 ], [ 2.217674, 41.4053565 ], [ 2.2179957, 41.4057544 ], [ 2.2182068, 41.4059856 ], [ 2.2183479, 41.4061401 ] ] } },
{ "type": "Feature", "properties": { "u": 243341360, "v": 243341274, "key": 0, "osmid": [ 1394468642, 18521230 ], "oneway": true, "lanes": "2", "name": "Ronda Litoral", "highway": "trunk", "maxspeed": "80", "reversed": "False", "length": 423.007, "access": null, "junction": null, "ref": "B-10", "width": null, "est_width": null, "tunnel": null, "bridge": null, "service": null }, "geometry": { "type": "LineString", "coordinates": [ [ 2.2147712, 41.4034429 ], [ 2.2174983, 41.4054995 ], [ 2.2176336, 41.4056015 ], [ 2.2183479, 41.4061401 ] ] } },
{ "type": "Feature", "properties": { "u": 243341360, "v": 243341469, "key": 0, "osmid": [ 997954626, 47145389, 47145390, 22689403, 22689404 ], "oneway": true, "lanes": "1", "name": null, "highway": "trunk_link", "maxspeed": [ "80", "50" ], "reversed": "False", "length": 413.195, "access": null, "junction": null, "ref": "24", "width": null, "est_width": null, "tunnel": null, "bridge": "yes", "service": null }, "geometry": { "type": "LineString", "coordinates": [ [ 2.2147712, 41.4034429 ], [ 2.2151417, 41.4036759 ], [ 2.2157994, 41.4041561 ], [ 2.2162114, 41.4044075 ], [ 2.2167242, 41.4047597 ], [ 2.2168764, 41.4048642 ], [ 2.2171782, 41.405033 ], [ 2.2174157, 41.4051557 ], [ 2.2176864, 41.4052781 ], [ 2.2179593, 41.4054178 ], [ 2.2184624, 41.4056988 ], [ 2.2186128, 41.405775 ] ] } },
{ "type": "Feature", "properties": { "u": 243586483, "v": 308678075, "key": 0, "osmid": "1303883449", "oneway": true, "lanes": "2", "name": "Ronda de Dalt", "highway": "trunk", "maxspeed": "80", "reversed": "False", "length": 136.396, "access": null, "junction": null, "ref": "B-20", "width": null, "est_width": null, "tunnel": null, "bridge": null, "service": null }, "geometry": { "type": "LineString", "coordinates": [ [ 2.1039371, 41.3847407 ], [ 2.1031044, 41.3836851 ] ] } },
{ "type": "Feature", "properties": { "u": 243586498, "v": 690679274, "key": 0, "osmid": "32024114", "oneway": true, "lanes": "1", "name": null, "highway": "trunk_link", "maxspeed": "50", "reversed": "False", "length": 239.664, "access": "yes", "junction": null, "ref": "10", "width": null, "est_width": null, "tunnel": null, "bridge": null, "service": null }, "geometry": { "type": "LineString", "coordinates": [ [ 2.1090684, 41.3925676 ], [ 2.1087485, 41.3921071 ], [ 2.1086644, 41.3919618 ], [ 2.1082305, 41.3911362 ], [ 2.1081911, 41.3910879 ], [ 2.1081415, 41.3910386 ], [ 2.1080907, 41.3909935 ], [ 2.1080283, 41.3909563 ], [ 2.1078771, 41.3908861 ], [ 2.107727, 41.3908082 ], [ 2.107631, 41.3907677 ] ] } },
{ "type": "Feature", "properties": { "u": 243586498, "v": 330419120, "key": 0, "osmid": [ 30014906, 1393379498 ], "oneway": true, "lanes": "3", "name": "Ronda de Dalt", "highway": "trunk", "maxspeed": "80", "reversed": "False", "length": 435.822, "access": null, "junction": null, "ref": "B-20", "width": null, "est_width": null, "tunnel": null, "bridge": null, "service": null }, "geometry": { "type": "LineString", "coordinates": [ [ 2.1090684, 41.3925676 ], [ 2.1087943, 41.3920175 ], [ 2.1085201, 41.3914673 ], [ 2.1079582, 41.3903726 ], [ 2.1076193, 41.3897059 ], [ 2.1073315, 41.3891777 ], [ 2.1071906, 41.3889103 ] ] } },
{ "type": "Feature", "properties": { "u": 243587576, "v": 359547255, "key": 0, "osmid": [ 975794529, 32036933 ], "oneway": true, "lanes": "1", "name": "Sarrià", "highway": "trunk_link", "maxspeed": "50", "reversed": "False", "length": 251.966, "access": null, "junction": null, "ref": "9", "width": null, "est_width": null, "tunnel": "yes", "bridge": null, "service": null }, "geometry": { "type": "LineString", "coordinates": [ [ 2.1161372, 41.4032595 ], [ 2.1159247, 41.4031322 ], [ 2.1156477, 41.4029006 ], [ 2.1156293, 41.4028851 ], [ 2.1155555, 41.4028159 ], [ 2.1154642, 41.4027277 ], [ 2.1153402, 41.402612 ], [ 2.1146857, 41.4020064 ], [ 2.1145865, 41.4019239 ], [ 2.1141584, 41.4015529 ] ] } },
{ "type": "Feature", "properties": { "u": 243587576, "v": 1482182667, "key": 0, "osmid": [ 975794530, 550454010, 29379172 ], "oneway": true, "lanes": "3", "name": "Ronda de Dalt", "highway": "trunk", "maxspeed": "80", "reversed": "False", "length": 548.308, "access": null, "junction": null, "ref": "B-20", "width": null, "est_width": null, "tunnel": "yes", "bridge": null, "service": null }, "geometry": { "type": "LineString", "coordinates": [ [ 2.1161372, 41.4032595 ], [ 2.115718, 41.402857 ], [ 2.1143742, 41.4015724 ], [ 2.1142994, 41.4014947 ], [ 2.1140394, 41.4012247 ], [ 2.1137819, 41.4008706 ], [ 2.1136662, 41.400689 ], [ 2.1135776, 41.4004955 ], [ 2.1134869, 41.4001552 ], [ 2.1134292, 41.3999381 ], [ 2.1133896, 41.3997961 ], [ 2.1132507, 41.3989668 ] ] } },
{ "type": "Feature", "properties": { "u": 243756418, "v": 4414985711, "key": 0, "osmid": [ 545724436, 1393169477, 308354709 ], "oneway": true, "lanes": "3", "name": "Gran Via de les Corts Catalanes", "highway": "primary", "maxspeed": "50", "reversed": "False", "length": 110.442, "access": null, "junction": null, "ref": "C-31", "width": null, "est_width": null, "tunnel": null, "bridge": null, "service": null }, "geometry": { "type": "LineString", "coordinates": [ [ 2.1824667, 41.4000378 ], [ 2.1827084, 41.400221 ], [ 2.183044, 41.4004682 ], [ 2.1832847, 41.4006455 ], [ 2.1833268, 41.4006714 ], [ 2.1834194, 41.4007267 ] ] } },
{ "type": "Feature", "properties": { "u": 243756435, "v": 312894012, "key": 0, "osmid": [ 28481993, 43994635, 1410032189 ], "oneway": true, "lanes": "1", "name": null, "highway": "trunk_link", "maxspeed": "50", "reversed": "False", "length": 274.856, "access": null, "junction": null, "ref": null, "width": null, "est_width": null, "tunnel": "yes", "bridge": null, "service": null }, "geometry": { "type": "LineString", "coordinates": [ [ 2.2048262, 41.4168616 ], [ 2.2045871, 41.4167293 ], [ 2.2040921, 41.4163881 ], [ 2.2036139, 41.4161801 ], [ 2.2033409, 41.4159715 ], [ 2.2026708, 41.4154751 ], [ 2.2025556, 41.4153713 ], [ 2.2023967, 41.415215 ] ] } },
{ "type": "Feature", "properties": { "u": 243756435, "v": 9232630600, "key": 0, "osmid": [ 1053430415, 1051304241, 1051304242, 263327090, 300875381 ], "oneway": true, "lanes": [ "4", "3" ], "name": "Gran Via de les Corts Catalanes", "highway": [ "trunk", "primary" ], "maxspeed": [ "60", "50" ], "reversed": "False", "length": 1284.434, "access": null, "junction": null, "ref": "C-31", "width": "12", "est_width": null, "tunnel": null, "bridge": null, "service": null }, "geometry": { "type": "LineString", "coordinates": [ [ 2.2048262, 41.4168616 ], [ 2.2018017, 41.4146298 ], [ 2.1994152, 41.4128644 ], [ 2.1983199, 41.4120324 ], [ 2.1977732, 41.4116266 ], [ 2.1957677, 41.4101378 ], [ 2.1954903, 41.4099326 ], [ 2.1943846, 41.4091132 ], [ 2.1938837, 41.4087326 ] ] } },
{ "type": "Feature", "properties": { "u": 247637117, "v": 347718255, "key": 0, "osmid": "31267167", "oneway": true, "lanes": "1", "name": null, "highway": "trunk_link", "maxspeed": null, "reversed": "False", "length": 195.47, "access": null, "junction": null, "ref": "24", "width": null, "est_width": null, "tunnel": null, "bridge": null, "service": null }, "geometry": { "type": "LineString", "coordinates": [ [ 2.2149404, 41.404403 ], [ 2.2149012, 41.4042982 ], [ 2.2148954, 41.4042466 ], [ 2.2149018, 41.4042124 ], [ 2.2149533, 41.4041043 ], [ 2.2149739, 41.4039859 ], [ 2.2149327, 41.4038958 ], [ 2.2148658, 41.4037953 ], [ 2.2145748, 41.4035688 ], [ 2.2142767, 41.403313 ], [ 2.2140896, 41.4031525 ], [ 2.2138911, 41.4029474 ] ] } },
{ "type": "Feature", "properties": { "u": 250794418, "v": 250794419, "key": 0, "osmid": [ 545718426, 237521115 ], "oneway": true, "lanes": "5", "name": "Gran Via de les Corts Catalanes", "highway": "primary", "maxspeed": "50", "reversed": "False", "length": 133.652, "access": null, "junction": null, "ref": "C-31", "width": "14", "est_width": null, "tunnel": null, "bridge": null, "service": null }, "geometry": { "type": "LineString", "coordinates": [ [ 2.1766935, 41.3957354 ], [ 2.1768367, 41.3958482 ], [ 2.1768567, 41.3958638 ], [ 2.1771329, 41.396081 ], [ 2.1771701, 41.3961103 ], [ 2.1776365, 41.3964556 ], [ 2.1776675, 41.3964786 ], [ 2.1778182, 41.3965913 ] ] } },
{ "type": "Feature", "properties": { "u": 250794419, "v": 250794420, "key": 0, "osmid": [ 1393168908, 309055983 ], "oneway": true, "lanes": "5", "name": "Gran Via de les Corts Catalanes", "highway": "primary", "maxspeed": "50", "reversed": "False", "length": 134.935, "access": null, "junction": null, "ref": "C-31", "width": "14", "est_width": null, "tunnel": null, "bridge": null, "service": null }, "geometry": { "type": "LineString", "coordinates": [ [ 2.1778182, 41.3965913 ], [ 2.1779641, 41.3967029 ], [ 2.1784724, 41.3970873 ], [ 2.1787664, 41.397311 ], [ 2.1787924, 41.3973294 ], [ 2.178914, 41.3974201 ], [ 2.1789577, 41.3974526 ] ] } },
{ "type": "Feature", "properties": { "u": 250794420, "v": 250794421, "key": 0, "osmid": "1243745480", "oneway": true, "lanes": "5", "name": "Gran Via de les Corts Catalanes", "highway": "primary", "maxspeed": "50", "reversed": "False", "length": 133.34, "access": null, "junction": null, "ref": "C-31", "width": "14", "est_width": null, "tunnel": null, "bridge": null, "service": null }, "geometry": { "type": "LineString", "coordinates": [ [ 2.1789577, 41.3974526 ], [ 2.1791038, 41.3975596 ], [ 2.1799509, 41.3981748 ], [ 2.17997, 41.3981884 ], [ 2.1801049, 41.3982877 ] ] } },
{ "type": "Feature", "properties": { "u": 250794421, "v": 431481322, "key": 0, "osmid": [ 37103026, 545724437 ], "oneway": true, "lanes": "5", "name": "Gran Via de les Corts Catalanes", "highway": "primary", "maxspeed": "50", "reversed": "False", "length": 132.474, "access": null, "junction": null, "ref": "C-31", "width": "14", "est_width": null, "tunnel": null, "bridge": null, "service": null }, "geometry": { "type": "LineString", "coordinates": [ [ 2.1801049, 41.3982877 ], [ 2.1801343, 41.3983099 ], [ 2.1802431, 41.398399 ], [ 2.1805088, 41.3985992 ], [ 2.180587, 41.3986559 ], [ 2.1809923, 41.398963 ], [ 2.1810815, 41.3990311 ], [ 2.1811154, 41.399057 ], [ 2.1812288, 41.3991287 ] ] } },
{ "type": "Feature", "properties": { "u": 252826185, "v": 30247091, "key": 0, "osmid": [ 295124089, 23348966 ], "oneway": true, "lanes": "3", "name": "Avinguda de Roma", "highway": "primary", "maxspeed": "50", "reversed": "False", "length": 139.554, "access": "yes", "junction": null, "ref": null, "width": [ "12", "8" ], "est_width": null, "tunnel": null, "bridge": null, "service": null }, "geometry": { "type": "LineString", "coordinates": [ [ 2.157323, 41.3864947 ], [ 2.1572442, 41.3864755 ], [ 2.15722, 41.386467 ], [ 2.1571589, 41.3864465 ], [ 2.1560953, 41.3859699 ], [ 2.156046, 41.3859478 ], [ 2.1558694, 41.3858774 ] ] } },
{ "type": "Feature", "properties": { "u": 252826185, "v": 1532752086, "key": 0, "osmid": [ 136725370, 1112886298 ], "oneway": true, "lanes": "3", "name": "Carrer d'Aragó", "highway": "primary", "maxspeed": "50", "reversed": "False", "length": 134.291, "access": "yes", "junction": null, "ref": null, "width": "11", "est_width": null, "tunnel": null, "bridge": null, "service": null }, "geometry": { "type": "LineString", "coordinates": [ [ 2.157323, 41.3864947 ], [ 2.1572603, 41.3864471 ], [ 2.1572085, 41.3864077 ], [ 2.1571528, 41.3863655 ], [ 2.1567495, 41.3860593 ], [ 2.1562939, 41.3857135 ], [ 2.15627, 41.3856953 ], [ 2.1561914, 41.3856358 ] ] } },
{ "type": "Feature", "properties": { "u": 252850929, "v": 318589941, "key": 0, "osmid": "98324070", "oneway": true, "lanes": "3", "name": null, "highway": "trunk", "maxspeed": "50", "reversed": "False", "length": 300.821, "access": "yes", "junction": null, "ref": "C-17", "width": null, "est_width": null, "tunnel": null, "bridge": null, "service": null }, "geometry": { "type": "LineString", "coordinates": [ [ 2.1874977, 41.4561312 ], [ 2.1876651, 41.455954 ], [ 2.1878233, 41.4557653 ], [ 2.1879307, 41.4556213 ], [ 2.1880442, 41.4554617 ], [ 2.1881017, 41.4553707 ], [ 2.1881653, 41.455267 ], [ 2.188228, 41.4551601 ], [ 2.1883281, 41.4549656 ], [ 2.1884166, 41.4547624 ], [ 2.1884815, 41.454582 ], [ 2.1885492, 41.4543705 ], [ 2.1885956, 41.4541739 ], [ 2.1887324, 41.4536216 ] ] } },
{ "type": "Feature", "properties": { "u": 252850941, "v": 319630542, "key": 0, "osmid": [ 29059781, 551888566 ], "oneway": true, "lanes": [ "1", "2" ], "name": "Avinguda Meridiana", "highway": "primary", "maxspeed": "50", "reversed": "False", "length": 183.403, "access": null, "junction": null, "ref": null, "width": null, "est_width": null, "tunnel": null, "bridge": null, "service": null }, "geometry": { "type": "LineString", "coordinates": [ [ 2.1826963, 41.4320005 ], [ 2.1826339, 41.4318895 ], [ 2.1825768, 41.4317717 ], [ 2.1825262, 41.4316503 ], [ 2.1824783, 41.4315148 ], [ 2.1824443, 41.4313975 ], [ 2.1824229, 41.4312961 ], [ 2.1824167, 41.4312135 ], [ 2.1824236, 41.4311071 ], [ 2.1824474, 41.4309401 ], [ 2.1824609, 41.4308647 ], [ 2.1824762, 41.4307938 ], [ 2.1824972, 41.4307339 ], [ 2.182522, 41.4305986 ], [ 2.1825597, 41.4304886 ], [ 2.1825705, 41.4303926 ] ] } },
{ "type": "Feature", "properties": { "u": 252850941, "v": 1139082295, "key": 0, "osmid": [ 1334822224, 377331940, 1203906327 ], "oneway": true, "lanes": "4", "name": "Avinguda Meridiana", "highway": "primary", "maxspeed": "50", "reversed": "False", "length": 206.677, "access": "yes", "junction": null, "ref": null, "width": "13", "est_width": null, "tunnel": null, "bridge": null, "service": null }, "geometry": { "type": "LineString", "coordinates": [ [ 2.1826963, 41.4320005 ], [ 2.1826442, 41.4318005 ], [ 2.1826095, 41.4316067 ], [ 2.1825833, 41.4314333 ], [ 2.1825718, 41.431296 ], [ 2.1825686, 41.4311647 ], [ 2.1825746, 41.4310747 ], [ 2.1825891, 41.4309922 ], [ 2.1826015, 41.4309349 ], [ 2.1826304, 41.4308288 ], [ 2.1826468, 41.4307781 ], [ 2.1826814, 41.4306689 ], [ 2.1827224, 41.4305702 ], [ 2.1827757, 41.4304629 ], [ 2.1828334, 41.4303619 ], [ 2.1828508, 41.430338 ], [ 2.182944, 41.4301975 ] ] } },
{ "type": "Feature", "properties": { "u": 254399269, "v": 390057407, "key": 0, "osmid": "122307620", "oneway": false, "lanes": "7", "name": "Avinguda Diagonal", "highway": "primary", "maxspeed": "50", "reversed": "False", "length": 179.86, "access": null, "junction": null, "ref": null, "width": "22", "est_width": null, "tunnel": null, "bridge": null, "service": null }, "geometry": { "type": "LineString", "coordinates": [ [ 2.1109023, 41.3841559 ], [ 2.11078, 41.3841249 ], [ 2.1107299, 41.3841122 ], [ 2.1101231, 41.3839581 ], [ 2.1099408, 41.3839118 ], [ 2.1091913, 41.3837215 ], [ 2.1091333, 41.3837068 ], [ 2.1090706, 41.3836909 ], [ 2.1088602, 41.3836375 ] ] } },
{ "type": "Feature", "properties": { "u": 254399269, "v": 390227139, "key": 0, "osmid": "122307631", "oneway": true, "lanes": null, "name": "Carrer de González Tablas", "highway": "primary_link", "maxspeed": "50", "reversed": "False", "length": 27.967, "access": null, "junction": null, "ref": null, "width": null, "est_width": null, "tunnel": null, "bridge": null, "service": null }, "geometry": { "type": "LineString", "coordinates": [ [ 2.1109023, 41.3841559 ], [ 2.1110074, 41.3840484 ], [ 2.1110487, 41.3840141 ], [ 2.1111198, 41.3839658 ] ] } },
{ "type": "Feature", "properties": { "u": 254399269, "v": 1311619485, "key": 0, "osmid": [ 129216265, 567940189, 122307617 ], "oneway": false, "lanes": "7", "name": "Avinguda Diagonal", "highway": "primary", "maxspeed": "50", "reversed": "False", "length": 77.702, "access": null, "junction": null, "ref": null, "width": "22", "est_width": null, "tunnel": null, "bridge": null, "service": null }, "geometry": { "type": "LineString", "coordinates": [ [ 2.1109023, 41.3841559 ], [ 2.1110729, 41.3841993 ], [ 2.1115372, 41.3843171 ], [ 2.1116123, 41.3843362 ], [ 2.1117845, 41.3843799 ] ] } },
{ "type": "Feature", "properties": { "u": 255620227, "v": 323190992, "key": 0, "osmid": [ 1395147168, 645744134, 1168893386, 120332972, 806125840, 29382772, 297820824, 119503615 ], "oneway": false, "lanes": [ "5", "3", "2" ], "name": "Túnel de Vallvidrera", "highway": "trunk", "maxspeed": "80", "reversed": [ false, true ], "length": 3005.41, "access": null, "junction": null, "ref": "C-16", "width": "12", "est_width": null, "tunnel": "yes", "bridge": null, "service": null }, "geometry": { "type": "LineString", "coordinates": [ [ 2.0923555, 41.4250201 ], [ 2.0926951, 41.424494 ], [ 2.0929636, 41.4240476 ], [ 2.093152, 41.4237514 ], [ 2.0933608, 41.4234392 ], [ 2.0935049, 41.4232233 ], [ 2.0938688, 41.4227466 ], [ 2.094173, 41.4223481 ], [ 2.0943962, 41.4220911 ], [ 2.0946724, 41.4217771 ], [ 2.0946943, 41.4217522 ], [ 2.0955096, 41.4209316 ], [ 2.096993, 41.4193374 ], [ 2.0985732, 41.4181592 ], [ 2.0999779, 41.4171195 ], [ 2.1016471, 41.4154689 ], [ 2.1033889, 41.412824 ], [ 2.1039384, 41.4119155 ], [ 2.1045933, 41.4110616 ], [ 2.1058205, 41.4098965 ], [ 2.1068694, 41.4091635 ], [ 2.1081861, 41.4084292 ], [ 2.1100222, 41.4076999 ], [ 2.1127219, 41.4070799 ], [ 2.1139616, 41.4067687 ], [ 2.1144007, 41.4066627 ], [ 2.1147061, 41.4065727 ], [ 2.1150597, 41.4064209 ], [ 2.1150742, 41.4064149 ], [ 2.1154994, 41.4062398 ], [ 2.1156058, 41.406196 ], [ 2.1160349, 41.4059947 ] ] } },
{ "type": "Feature", "properties": { "u": 255861698, "v": 9425426928, "key": 0, "osmid": [ 1408620384, 23620139, 23620132, 901661389 ], "oneway": true, "lanes": [ "1", "2" ], "name": null, "highway": "trunk_link", "maxspeed": "50", "reversed": "False", "length": 451.509, "access": null, "junction": null, "ref": "21", "width": null, "est_width": null, "tunnel": "yes", "bridge": null, "service": null }, "geometry": { "type": "LineString", "coordinates": [ [ 2.1779989, 41.3747027 ], [ 2.1774037, 41.3741495 ], [ 2.1772475, 41.3740738 ], [ 2.1771226, 41.3740323 ], [ 2.1770109, 41.3740257 ], [ 2.1768594, 41.3740288 ], [ 2.1766963, 41.3740548 ], [ 2.1766061, 41.3740881 ], [ 2.1765178, 41.3741304 ], [ 2.1764199, 41.3741751 ], [ 2.1763225, 41.3742059 ], [ 2.1762486, 41.3742208 ], [ 2.176176, 41.3742289 ], [ 2.1761024, 41.3742288 ], [ 2.1760478, 41.374222 ], [ 2.1759947, 41.3742089 ], [ 2.1759484, 41.374194 ], [ 2.1759006, 41.3741753 ], [ 2.1758596, 41.374152 ], [ 2.1758163, 41.3741258 ], [ 2.1757869, 41.3740975 ], [ 2.1757496, 41.3740546 ], [ 2.1757147, 41.3739971 ], [ 2.1756926, 41.3739401 ], [ 2.1756836, 41.3738797 ], [ 2.1756911, 41.373816 ], [ 2.1757109, 41.3737522 ], [ 2.1757405, 41.3736947 ], [ 2.1757811, 41.3736417 ], [ 2.1758437, 41.373595 ], [ 2.1759165, 41.3735558 ], [ 2.1759954, 41.3735279 ], [ 2.1760817, 41.3735055 ], [ 2.1761555, 41.3734982 ], [ 2.1762276, 41.3734977 ], [ 2.1763711, 41.373516 ], [ 2.1764576, 41.3735427 ], [ 2.1765312, 41.3735763 ], [ 2.1765964, 41.373619 ], [ 2.1766473, 41.3736682 ], [ 2.1766784, 41.3737015 ], [ 2.1767057, 41.3737368 ], [ 2.1767262, 41.3737727 ], [ 2.1767398, 41.3738086 ], [ 2.176755, 41.3738732 ], [ 2.1767582, 41.3739317 ], [ 2.176752, 41.3739902 ], [ 2.1767367, 41.3740422 ], [ 2.1767115, 41.3741015 ], [ 2.17667, 41.3741621 ], [ 2.1766224, 41.3742205 ], [ 2.1765341, 41.3743041 ], [ 2.1765084, 41.3743387 ], [ 2.1764795, 41.3743781 ] ] } },
{ "type": "Feature", "properties": { "u": 255861698, "v": 191001636, "key": 0, "osmid": [ 1394468613, 1394468614, 18524339, 1054494709, 1394466938, 1394466939, 1408620382 ], "oneway": true, "lanes": "2", "name": "Ronda Litoral", "highway": "trunk", "maxspeed": "60", "reversed": "False", "length": 455.267, "access": null, "junction": null, "ref": "B-10", "width": null, "est_width": null, "tunnel": "yes", "bridge": null, "service": null }, "geometry": { "type": "LineString", "coordinates": [ [ 2.1779989, 41.3747027 ], [ 2.1779165, 41.3745687 ], [ 2.1778607, 41.3744973 ], [ 2.1778502, 41.3744839 ], [ 2.1777839, 41.3743992 ], [ 2.1774997, 41.3740591 ], [ 2.1773189, 41.3738413 ], [ 2.1770996, 41.3735827 ], [ 2.1770222, 41.3734902 ], [ 2.1768711, 41.3733177 ], [ 2.1766823, 41.373106 ], [ 2.1765051, 41.3729113 ], [ 2.1764006, 41.3727852 ], [ 2.1763825, 41.3727673 ], [ 2.1754712, 41.3716349 ], [ 2.1754026, 41.3715464 ], [ 2.1752074, 41.3713072 ], [ 2.1751273, 41.3712239 ] ] } },
{ "type": "Feature", "properties": { "u": 256484325, "v": 387127612, "key": 0, "osmid": [ 1383285960, 237725952 ], "oneway": true, "lanes": "3", "name": "Carrer de les Ciències", "highway": "primary", "maxspeed": "50", "reversed": "False", "length": 105.935, "access": null, "junction": null, "ref": null, "width": null, "est_width": null, "tunnel": null, "bridge": null, "service": null }, "geometry": { "type": "LineString", "coordinates": [ [ 2.1583498, 41.4255348 ], [ 2.1582939, 41.425783 ], [ 2.1582616, 41.4259378 ], [ 2.1581655, 41.4263993 ], [ 2.1581466, 41.4264752 ] ] } },
{ "type": "Feature", "properties": { "u": 258562655, "v": 258562660, "key": 0, "osmid": "546578346", "oneway": true, "lanes": "2", "name": "Plaça de l'Estatut", "highway": "primary", "maxspeed": "50", "reversed": "False", "length": 57.19, "access": null, "junction": "circular", "ref": null, "width": null, "est_width": null, "tunnel": null, "bridge": null, "service": null }, "geometry": { "type": "LineString", "coordinates": [ [ 2.1560637, 41.4298349 ], [ 2.1561242, 41.4298165 ], [ 2.1561879, 41.4298061 ], [ 2.1562531, 41.4298041 ], [ 2.1563178, 41.4298105 ], [ 2.1563801, 41.4298252 ], [ 2.1564381, 41.4298476 ], [ 2.1564901, 41.4298772 ], [ 2.1565295, 41.4299084 ], [ 2.1565623, 41.4299436 ], [ 2.1565875, 41.4299821 ], [ 2.1566048, 41.4300231 ] ] } },
{ "type": "Feature", "properties": { "u": 258562655, "v": 522578984, "key": 0, "osmid": [ 1408689618, 42070642, 34638071 ], "oneway": true, "lanes": "2", "name": "Avinguda de l'Estatut de Catalunya", "highway": "primary", "maxspeed": "50", "reversed": "False", "length": 133.209, "access": null, "junction": null, "ref": null, "width": null, "est_width": null, "tunnel": null, "bridge": "yes", "service": null }, "geometry": { "type": "LineString", "coordinates": [ [ 2.1560637, 41.4298349 ], [ 2.156221, 41.4297491 ], [ 2.1562651, 41.4297248 ], [ 2.1563019, 41.4297057 ], [ 2.1563937, 41.4296513 ], [ 2.1564788, 41.4295915 ], [ 2.1565523, 41.4295304 ], [ 2.156619, 41.4294651 ], [ 2.1568006, 41.4292381 ], [ 2.1570336, 41.4289084 ] ] } },
{ "type": "Feature", "properties": { "u": 258562660, "v": 1116318602, "key": 0, "osmid": "553724918", "oneway": true, "lanes": "3", "name": "Plaça de l'Estatut", "highway": "primary", "maxspeed": "50", "reversed": "False", "length": 14.228, "access": null, "junction": "circular", "ref": null, "width": null, "est_width": null, "tunnel": null, "bridge": null, "service": null }, "geometry": { "type": "LineString", "coordinates": [ [ 2.1566048, 41.4300231 ], [ 2.1566108, 41.4300978 ], [ 2.1565957, 41.4301497 ] ] } },
{ "type": "Feature", "properties": { "u": 258562666, "v": 258562674, "key": 0, "osmid": [ 551983376, 1408689619 ], "oneway": true, "lanes": "3", "name": "Plaça de l'Estatut", "highway": "primary", "maxspeed": "50", "reversed": "False", "length": 38.187, "access": null, "junction": "circular", "ref": null, "width": null, "est_width": null, "tunnel": null, "bridge": null, "service": null }, "geometry": { "type": "LineString", "coordinates": [ [ 2.1563034, 41.4304602 ], [ 2.1562538, 41.4304809 ], [ 2.1561774, 41.4305113 ], [ 2.1561103, 41.4305279 ], [ 2.156104, 41.4305283 ], [ 2.1560404, 41.4305329 ], [ 2.1559788, 41.4305297 ], [ 2.1559308, 41.4305222 ], [ 2.1558717, 41.4305056 ] ] } },
{ "type": "Feature", "properties": { "u": 258562674, "v": 2017294208, "key": 0, "osmid": "263351477", "oneway": true, "lanes": "3", "name": "Avinguda de l'Estatut de Catalunya", "highway": "primary", "maxspeed": "50", "reversed": "False", "length": 426.254, "access": null, "junction": null, "ref": null, "width": null, "est_width": null, "tunnel": null, "bridge": null, "service": null }, "geometry": { "type": "LineString", "coordinates": [ [ 2.1558717, 41.4305056 ], [ 2.1558044, 41.4304948 ], [ 2.1557368, 41.4304865 ], [ 2.1556695, 41.4304844 ], [ 2.155602, 41.4304946 ], [ 2.1555712, 41.4305019 ], [ 2.1555433, 41.4305143 ], [ 2.155519, 41.4305253 ], [ 2.1554798, 41.4305427 ], [ 2.1554154, 41.4305803 ], [ 2.1551662, 41.4307315 ], [ 2.1548456, 41.4309259 ], [ 2.1547297, 41.4309966 ], [ 2.154685, 41.4310238 ], [ 2.1545254, 41.4311212 ], [ 2.1543678, 41.4312206 ], [ 2.1542967, 41.4312695 ], [ 2.1542329, 41.4313183 ], [ 2.1541612, 41.4313823 ], [ 2.1540992, 41.4314428 ], [ 2.1539991, 41.4315592 ], [ 2.1539424, 41.4316368 ], [ 2.1538899, 41.4317245 ], [ 2.1538696, 41.4317581 ], [ 2.1534364, 41.4324996 ], [ 2.1534125, 41.4325403 ], [ 2.1530924, 41.4330881 ], [ 2.1530586, 41.433146 ], [ 2.153039, 41.4331827 ], [ 2.1530203, 41.4332176 ], [ 2.1530047, 41.4332482 ], [ 2.1529797, 41.4332981 ], [ 2.1529656, 41.4333431 ], [ 2.152965, 41.4334076 ] ] } },
{ "type": "Feature", "properties": { "u": 258562674, "v": 4416582821, "key": 0, "osmid": "546578345", "oneway": true, "lanes": "2", "name": "Plaça de l'Estatut", "highway": "primary", "maxspeed": "50", "reversed": "False", "length": 46.127, "access": null, "junction": "circular", "ref": null, "width": null, "est_width": null, "tunnel": null, "bridge": null, "service": null }, "geometry": { "type": "LineString", "coordinates": [ [ 2.1558717, 41.4305056 ], [ 2.1558412, 41.4304824 ], [ 2.1558039, 41.4304426 ], [ 2.1557765, 41.4304065 ], [ 2.1557473, 41.4303552 ], [ 2.1557375, 41.4303114 ], [ 2.1557371, 41.4302487 ], [ 2.1557402, 41.4302067 ], [ 2.1557485, 41.4301198 ] ] } },
{ "type": "Feature", "properties": { "u": 269379907, "v": 998637904, "key": 0, "osmid": "450145579", "oneway": true, "lanes": "5", "name": "Avinguda de Sarrià", "highway": "primary", "maxspeed": "50", "reversed": "False", "length": 38.897, "access": "yes", "junction": null, "ref": null, "width": "13", "est_width": null, "tunnel": null, "bridge": null, "service": null }, "geometry": { "type": "LineString", "coordinates": [ [ 2.1413348, 41.3908519 ], [ 2.1411141, 41.3908888 ], [ 2.1408799, 41.3909287 ] ] } },
{ "type": "Feature", "properties": { "u": 269379908, "v": 269379909, "key": 0, "osmid": "450145580", "oneway": true, "lanes": "4", "name": "Avinguda de Sarrià", "highway": "primary", "maxspeed": "50", "reversed": "False", "length": 53.111, "access": "yes", "junction": null, "ref": null, "width": "13", "est_width": null, "tunnel": null, "bridge": null, "service": null }, "geometry": { "type": "LineString", "coordinates": [ [ 2.1394288, 41.3911504 ], [ 2.1392165, 41.3911801 ], [ 2.139135, 41.3911915 ], [ 2.1388032, 41.3912391 ] ] } },
{ "type": "Feature", "properties": { "u": 269379909, "v": 269379910, "key": 0, "osmid": "283778456", "oneway": true, "lanes": "4", "name": "Avinguda de Sarrià", "highway": "primary_link", "maxspeed": "50", "reversed": "False", "length": 77.996, "access": null, "junction": null, "ref": null, "width": null, "est_width": null, "tunnel": null, "bridge": null, "service": null }, "geometry": { "type": "LineString", "coordinates": [ [ 2.1388032, 41.3912391 ], [ 2.138347, 41.3913062 ], [ 2.13831, 41.3913117 ], [ 2.1381923, 41.3913293 ], [ 2.1378859, 41.3913748 ] ] } },
{ "type": "Feature", "properties": { "u": 269379909, "v": 269382682, "key": 0, "osmid": [ 550732197, 1409620054 ], "oneway": false, "lanes": "7", "name": "Avinguda Diagonal", "highway": "primary", "maxspeed": "50", "reversed": "True", "length": 150.735, "access": null, "junction": null, "ref": null, "width": "18", "est_width": null, "tunnel": null, "bridge": null, "service": null }, "geometry": { "type": "LineString", "coordinates": [ [ 2.1388032, 41.3912391 ], [ 2.1386331, 41.391196 ], [ 2.1380933, 41.3910589 ], [ 2.1374251, 41.3908893 ], [ 2.1373694, 41.3908752 ], [ 2.1371769, 41.3908263 ], [ 2.1370916, 41.3908046 ] ] } },
{ "type": "Feature", "properties": { "u": 269379910, "v": 269382573, "key": 0, "osmid": "237521119", "oneway": true, "lanes": "2", "name": "Avinguda Diagonal (lateral muntanya)", "highway": "primary_link", "maxspeed": "50", "reversed": "False", "length": 94.721, "access": null, "junction": null, "ref": null, "width": null, "est_width": null, "tunnel": null, "bridge": null, "service": null }, "geometry": { "type": "LineString", "coordinates": [ [ 2.1378859, 41.3913748 ], [ 2.1376348, 41.3913082 ], [ 2.1370083, 41.3911544 ], [ 2.1369685, 41.3911446 ], [ 2.1368932, 41.3911254 ], [ 2.1368608, 41.3911176 ], [ 2.1368089, 41.3911051 ] ] } },
{ "type": "Feature", "properties": { "u": 269380670, "v": 1840721007, "key": 0, "osmid": "237521119", "oneway": true, "lanes": "2", "name": "Avinguda Diagonal (lateral muntanya)", "highway": "primary_link", "maxspeed": "50", "reversed": "False", "length": 34.097, "access": null, "junction": null, "ref": null, "width": null, "est_width": null, "tunnel": null, "bridge": null, "service": null }, "geometry": { "type": "LineString", "coordinates": [ [ 2.132611, 41.3900333 ], [ 2.1325241, 41.3900115 ], [ 2.1324916, 41.3900034 ], [ 2.1324416, 41.3899906 ], [ 2.132223, 41.3899369 ] ] } },
{ "type": "Feature", "properties": { "u": 269382573, "v": 364816292, "key": 0, "osmid": "237521119", "oneway": true, "lanes": "2", "name": "Avinguda Diagonal (lateral muntanya)", "highway": "primary_link", "maxspeed": "50", "reversed": "False", "length": 150.651, "access": null, "junction": null, "ref": null, "width": null, "est_width": null, "tunnel": null, "bridge": null, "service": null }, "geometry": { "type": "LineString", "coordinates": [ [ 2.1368089, 41.3911051 ], [ 2.1367551, 41.3910912 ], [ 2.1366566, 41.3910645 ], [ 2.1352165, 41.3906944 ], [ 2.1351004, 41.3906662 ] ] } },
{ "type": "Feature", "properties": { "u": 269382682, "v": 364829704, "key": 0, "osmid": "283778455", "oneway": false, "lanes": "7", "name": "Avinguda Diagonal", "highway": "primary", "maxspeed": "50", "reversed": "True", "length": 402.874, "access": null, "junction": null, "ref": null, "width": "18", "est_width": null, "tunnel": null, "bridge": null, "service": null }, "geometry": { "type": "LineString", "coordinates": [ [ 2.1370916, 41.3908046 ], [ 2.136979, 41.390776 ], [ 2.1368264, 41.3907373 ], [ 2.136759, 41.3907202 ], [ 2.1363802, 41.390624 ], [ 2.1358746, 41.3904957 ], [ 2.1328896, 41.3897379 ], [ 2.1328249, 41.3897215 ], [ 2.132517, 41.3896433 ] ] } },
{ "type": "Feature", "properties": { "u": 269382682, "v": 269379909, "key": 0, "osmid": [ 550732197, 1409620054 ], "oneway": false, "lanes": "7", "name": "Avinguda Diagonal", "highway": "primary", "maxspeed": "50", "reversed": "False", "length": 150.735, "access": null, "junction": null, "ref": null, "width": "18", "est_width": null, "tunnel": null, "bridge": null, "service": null }, "geometry": { "type": "LineString", "coordinates": [ [ 2.1370916, 41.3908046 ], [ 2.1371769, 41.3908263 ], [ 2.1373694, 41.3908752 ], [ 2.1374251, 41.3908893 ], [ 2.1380933, 41.3910589 ], [ 2.1386331, 41.391196 ], [ 2.1388032, 41.3912391 ] ] } },
{ "type": "Feature", "properties": { "u": 269383243, "v": 998592677, "key": 0, "osmid": "1395746243", "oneway": true, "lanes": "3", "name": "Carrer de Numància", "highway": "primary", "maxspeed": "50", "reversed": "False", "length": 36.089, "access": null, "junction": null, "ref": null, "width": "9", "est_width": null, "tunnel": null, "bridge": null, "service": null }, "geometry": { "type": "LineString", "coordinates": [ [ 2.1343833, 41.3877209 ], [ 2.1345749, 41.3875285 ], [ 2.1346031, 41.3875002 ], [ 2.1346493, 41.3874655 ] ] } },
{ "type": "Feature", "properties": { "u": 269384759, "v": 269384878, "key": 0, "osmid": [ 1391890992, 34054326 ], "oneway": true, "lanes": "3", "name": "Avinguda Diagonal", "highway": "primary_link", "maxspeed": "50", "reversed": "False", "length": 246.093, "access": null, "junction": null, "ref": null, "width": null, "est_width": null, "tunnel": null, "bridge": null, "service": null }, "geometry": { "type": "LineString", "coordinates": [ [ 2.1299258, 41.3887491 ], [ 2.1305744, 41.3889073 ], [ 2.1309476, 41.3889983 ], [ 2.131364, 41.3891033 ], [ 2.1317614, 41.3892023 ], [ 2.1320557, 41.3892756 ], [ 2.1322672, 41.3893283 ], [ 2.1323199, 41.3893414 ], [ 2.1327269, 41.3894432 ] ] } },
{ "type": "Feature", "properties": { "u": 269384878, "v": 12919487149, "key": 0, "osmid": [ 238862114, 450186812 ], "oneway": true, "lanes": "3", "name": "Carrer de Numància", "highway": "primary", "maxspeed": [ "30", "50" ], "reversed": "False", "length": 50.994, "access": null, "junction": null, "ref": null, "width": null, "est_width": null, "tunnel": null, "bridge": null, "service": null }, "geometry": { "type": "LineString", "coordinates": [ [ 2.1327269, 41.3894432 ], [ 2.132828, 41.3893403 ], [ 2.1329023, 41.3892637 ], [ 2.1330068, 41.3891541 ], [ 2.133083, 41.3890705 ] ] } },
{ "type": "Feature", "properties": { "u": 269386319, "v": 269386336, "key": 0, "osmid": "24794193", "oneway": true, "lanes": "2", "name": "Avinguda Diagonal (lateral muntanya)", "highway": "primary_link", "maxspeed": "50", "reversed": "False", "length": 148.665, "access": null, "junction": null, "ref": null, "width": null, "est_width": null, "tunnel": null, "bridge": null, "service": null }, "geometry": { "type": "LineString", "coordinates": [ [ 2.1268727, 41.3885809 ], [ 2.1267222, 41.3885478 ], [ 2.1253473, 41.3881949 ], [ 2.1251845, 41.3881531 ] ] } },
{ "type": "Feature", "properties": { "u": 269386319, "v": 2509871324, "key": 0, "osmid": "237521117", "oneway": true, "lanes": "5", "name": "Plaça de la Reina Maria Cristina", "highway": "primary_link", "maxspeed": "50", "reversed": "False", "length": 39.032, "access": null, "junction": null, "ref": null, "width": null, "est_width": null, "tunnel": null, "bridge": null, "service": null }, "geometry": { "type": "LineString", "coordinates": [ [ 2.1268727, 41.3885809 ], [ 2.126919, 41.3884865 ], [ 2.1269288, 41.3884598 ], [ 2.1269556, 41.3883972 ], [ 2.1270199, 41.3882478 ] ] } },
{ "type": "Feature", "properties": { "u": 269386336, "v": 390227141, "key": 0, "osmid": "24794193", "oneway": true, "lanes": "2", "name": "Avinguda Diagonal (lateral muntanya)", "highway": "primary_link", "maxspeed": "50", "reversed": "False", "length": 192.698, "access": null, "junction": null, "ref": null, "width": null, "est_width": null, "tunnel": null, "bridge": null, "service": null }, "geometry": { "type": "LineString", "coordinates": [ [ 2.1251845, 41.3881531 ], [ 2.1250416, 41.3881193 ], [ 2.1234502, 41.3877362 ], [ 2.123246, 41.3876845 ], [ 2.1232169, 41.3876771 ], [ 2.123172, 41.3876679 ], [ 2.1231254, 41.3876604 ], [ 2.1230798, 41.3876565 ], [ 2.1230282, 41.387655 ], [ 2.1229776, 41.3876577 ] ] } },
{ "type": "Feature", "properties": { "u": 269386336, "v": 681936382, "key": 0, "osmid": "32023091", "oneway": false, "lanes": "4", "name": "Carrer del Doctor Ferran", "highway": "primary_link", "maxspeed": "50", "reversed": "True", "length": 39.141, "access": null, "junction": null, "ref": null, "width": null, "est_width": null, "tunnel": null, "bridge": null, "service": null }, "geometry": { "type": "LineString", "coordinates": [ [ 2.1251845, 41.3881531 ], [ 2.1252284, 41.3880621 ], [ 2.1252455, 41.3880267 ], [ 2.1252656, 41.3879841 ], [ 2.1252761, 41.3879546 ], [ 2.1253251, 41.3878176 ] ] } },
{ "type": "Feature", "properties": { "u": 288024058, "v": 688393867, "key": 0, "osmid": "86330626", "oneway": true, "lanes": "3", "name": "Ronda del General Mitre", "highway": "primary", "maxspeed": "50", "reversed": "False", "length": 86.294, "access": null, "junction": null, "ref": null, "width": null, "est_width": null, "tunnel": null, "bridge": null, "service": null }, "geometry": { "type": "LineString", "coordinates": [ [ 2.1369321, 41.4019491 ], [ 2.13657, 41.4016091 ], [ 2.1365354, 41.4015766 ], [ 2.1363975, 41.4014519 ], [ 2.1362807, 41.4013462 ] ] } },
{ "type": "Feature", "properties": { "u": 290060007, "v": 3358603033, "key": 0, "osmid": "545747655", "oneway": true, "lanes": "2", "name": "Gran Via de les Corts Catalanes (lateral muntanya)", "highway": "primary_link", "maxspeed": "50", "reversed": "False", "length": 74.827, "access": null, "junction": null, "ref": null, "width": null, "est_width": null, "tunnel": null, "bridge": null, "service": null }, "geometry": { "type": "LineString", "coordinates": [ [ 2.2079972, 41.4193915 ], [ 2.2079309, 41.4193409 ], [ 2.2073684, 41.4189114 ] ] } },
{ "type": "Feature", "properties": { "u": 290060008, "v": 290060062, "key": 0, "osmid": "1393171303", "oneway": true, "lanes": "3", "name": "Gran Via de les Corts Catalanes (lateral mar)", "highway": "primary_link", "maxspeed": "50", "reversed": "False", "length": 76.834, "access": null, "junction": null, "ref": null, "width": null, "est_width": null, "tunnel": null, "bridge": null, "service": null }, "geometry": { "type": "LineString", "coordinates": [ [ 2.2082409, 41.4192057 ], [ 2.2082868, 41.4192443 ], [ 2.2086015, 41.4194719 ], [ 2.2087716, 41.4195949 ], [ 2.2088344, 41.4196389 ], [ 2.2089015, 41.4196872 ] ] } },
{ "type": "Feature", "properties": { "u": 290060062, "v": 560006189, "key": 0, "osmid": "251750784", "oneway": true, "lanes": "2", "name": "Gran Via de les Corts Catalanes (lateral mar)", "highway": "primary_link", "maxspeed": "50", "reversed": "False", "length": 204.045, "access": null, "junction": null, "ref": null, "width": null, "est_width": null, "tunnel": null, "bridge": null, "service": null }, "geometry": { "type": "LineString", "coordinates": [ [ 2.2089015, 41.4196872 ], [ 2.2089611, 41.4197337 ], [ 2.2097366, 41.4203392 ], [ 2.2098551, 41.4204283 ], [ 2.2098795, 41.4204472 ], [ 2.2106241, 41.4209902 ] ] } },
{ "type": "Feature", "properties": { "u": 290060063, "v": 290060007, "key": 0, "osmid": "543586727", "oneway": true, "lanes": "2", "name": "Gran Via de les Corts Catalanes (lateral muntanya)", "highway": "primary_link", "maxspeed": "50", "reversed": "False", "length": 76.936, "access": null, "junction": null, "ref": null, "width": null, "est_width": null, "tunnel": null, "bridge": null, "service": null }, "geometry": { "type": "LineString", "coordinates": [ [ 2.208653, 41.4198782 ], [ 2.2085824, 41.4198255 ], [ 2.2080986, 41.4194662 ], [ 2.2080465, 41.4194275 ], [ 2.2079972, 41.4193915 ] ] } },
{ "type": "Feature", "properties": { "u": 301572132, "v": 2495598155, "key": 0, "osmid": "316789524", "oneway": true, "lanes": "2", "name": "Gran Via de les Corts Catalanes", "highway": "primary", "maxspeed": "50", "reversed": "False", "length": 127.521, "access": null, "junction": null, "ref": "C-31", "width": null, "est_width": null, "tunnel": null, "bridge": null, "service": null }, "geometry": { "type": "LineString", "coordinates": [ [ 2.1669951, 41.388609 ], [ 2.1671442, 41.388734 ], [ 2.1678579, 41.3892665 ], [ 2.1678885, 41.3892894 ], [ 2.1679774, 41.3893567 ], [ 2.1679893, 41.3893656 ], [ 2.1680216, 41.3893918 ], [ 2.1680684, 41.3894252 ] ] } },
{ "type": "Feature", "properties": { "u": 301572279, "v": 301572963, "key": 0, "osmid": "1408525895", "oneway": true, "lanes": "5", "name": "Carrer d'Aragó", "highway": "primary", "maxspeed": "50", "reversed": "False", "length": 17.429, "access": "yes", "junction": null, "ref": null, "width": "15", "est_width": null, "tunnel": null, "bridge": null, "service": null }, "geometry": { "type": "LineString", "coordinates": [ [ 2.1635041, 41.391148 ], [ 2.163446, 41.391104 ], [ 2.1634224, 41.3910862 ], [ 2.163357, 41.3910367 ] ] } },
{ "type": "Feature", "properties": { "u": 301572963, "v": 30247434, "key": 0, "osmid": [ 1408525897, 1408525898 ], "oneway": true, "lanes": "5", "name": "Carrer d'Aragó", "highway": "primary", "maxspeed": "50", "reversed": "False", "length": 175.909, "access": "yes", "junction": null, "ref": null, "width": "15", "est_width": null, "tunnel": null, "bridge": null, "service": null }, "geometry": { "type": "LineString", "coordinates": [ [ 2.163357, 41.3910367 ], [ 2.1631595, 41.390889 ], [ 2.1627975, 41.3906154 ], [ 2.1627377, 41.3905702 ], [ 2.1624854, 41.3903795 ], [ 2.1621521, 41.3901276 ], [ 2.1620828, 41.3900753 ], [ 2.1618703, 41.3899148 ] ] } },
{ "type": "Feature", "properties": { "u": 301573130, "v": 301572132, "key": 0, "osmid": "673080418", "oneway": true, "lanes": "2", "name": "Gran Via de les Corts Catalanes", "highway": "primary", "maxspeed": "50", "reversed": "False", "length": 19.511, "access": null, "junction": null, "ref": "C-31", "width": null, "est_width": null, "tunnel": null, "bridge": null, "service": null }, "geometry": { "type": "LineString", "coordinates": [ [ 2.166859, 41.3884665 ], [ 2.1669631, 41.3885808 ], [ 2.1669951, 41.388609 ] ] } },
{ "type": "Feature", "properties": { "u": 308672700, "v": 308672701, "key": 0, "osmid": "28100168", "oneway": true, "lanes": "3", "name": "Avinguda Diagonal (lateral mar)", "highway": "primary_link", "maxspeed": "50", "reversed": "False", "length": 104.957, "access": null, "junction": null, "ref": null, "width": "9", "est_width": null, "tunnel": null, "bridge": null, "service": null }, "geometry": { "type": "LineString", "coordinates": [ [ 2.1030473, 41.3819407 ], [ 2.1042336, 41.3822548 ] ] } },
{ "type": "Feature", "properties": { "u": 308672701, "v": 425611748, "key": 0, "osmid": [ 34054312, 449606863, 449606864, 449606867, 449606868 ], "oneway": true, "lanes": "2", "name": "Avinguda Diagonal (lateral mar)", "highway": "primary_link", "maxspeed": "50", "reversed": "False", "length": 240.945, "access": null, "junction": null, "ref": null, "width": "6", "est_width": null, "tunnel": null, "bridge": null, "service": null }, "geometry": { "type": "LineString", "coordinates": [ [ 2.1042336, 41.3822548 ], [ 2.1045117, 41.3823013 ], [ 2.1049195, 41.3823983 ], [ 2.1055231, 41.3825548 ], [ 2.1061277, 41.3827097 ], [ 2.106593, 41.382829 ], [ 2.1067674, 41.3828745 ], [ 2.1069786, 41.3829243 ] ] } },
{ "type": "Feature", "properties": { "u": 308672701, "v": 390227137, "key": 0, "osmid": [ 28100165, 449606877 ], "oneway": true, "lanes": "1", "name": null, "highway": "primary_link", "maxspeed": "50", "reversed": "False", "length": 130.059, "access": null, "junction": null, "ref": null, "width": null, "est_width": null, "tunnel": null, "bridge": null, "service": null }, "geometry": { "type": "LineString", "coordinates": [ [ 2.1042336, 41.3822548 ], [ 2.1044874, 41.3823586 ], [ 2.1047846, 41.3824586 ], [ 2.1051219, 41.3825708 ], [ 2.1054476, 41.3826712 ], [ 2.1056424, 41.3827527 ] ] } },
{ "type": "Feature", "properties": { "u": 308672754, "v": 308672756, "key": 0, "osmid": "28100178", "oneway": true, "lanes": "1", "name": null, "highway": "trunk_link", "maxspeed": "80", "reversed": "False", "length": 152.622, "access": null, "junction": null, "ref": null, "width": null, "est_width": null, "tunnel": null, "bridge": null, "service": null }, "geometry": { "type": "LineString", "coordinates": [ [ 2.1025874, 41.3826797 ], [ 2.103103, 41.3833845 ], [ 2.1034314, 41.3838969 ] ] } },
{ "type": "Feature", "properties": { "u": 308672754, "v": 690679104, "key": 0, "osmid": [ 1393379496, 28100838, 1393379495 ], "oneway": true, "lanes": "2", "name": null, "highway": "trunk_link", "maxspeed": "50", "reversed": "False", "length": 304.018, "access": null, "junction": null, "ref": null, "width": null, "est_width": null, "tunnel": null, "bridge": null, "service": null }, "geometry": { "type": "LineString", "coordinates": [ [ 2.1025874, 41.3826797 ], [ 2.1027771, 41.3828721 ], [ 2.102939, 41.3830489 ], [ 2.1033182, 41.3835334 ], [ 2.1033245, 41.3835414 ], [ 2.1036216, 41.3839237 ], [ 2.1039611, 41.3844098 ], [ 2.1042199, 41.3847802 ], [ 2.1043549, 41.3849603 ], [ 2.1044156, 41.3850413 ] ] } },
{ "type": "Feature", "properties": { "u": 308672756, "v": 690679214, "key": 0, "osmid": [ 29379170, 54856708, 54856710, 54856679 ], "oneway": true, "lanes": "3", "name": "Ronda de Dalt", "highway": "trunk", "maxspeed": "80", "reversed": "False", "length": 492.103, "access": null, "junction": null, "ref": "B-20", "width": null, "est_width": null, "tunnel": "yes", "bridge": null, "service": null }, "geometry": { "type": "LineString", "coordinates": [ [ 2.1034314, 41.3838969 ], [ 2.1036563, 41.384192 ], [ 2.1040596, 41.3846844 ], [ 2.1042437, 41.3849314 ], [ 2.1045288, 41.3852608 ], [ 2.104922, 41.3857151 ], [ 2.1060036, 41.3869463 ], [ 2.1065379, 41.3876567 ] ] } },
{ "type": "Feature", "properties": { "u": 312894012, "v": 559417176, "key": 0, "osmid": [ 902169338, 1393171310, 1393171311 ], "oneway": true, "lanes": "3", "name": "Gran Via de les Corts Catalanes (lateral muntanya)", "highway": "primary_link", "maxspeed": "50", "reversed": "False", "length": 105.322, "access": null, "junction": null, "ref": null, "width": null, "est_width": null, "tunnel": null, "bridge": null, "service": null }, "geometry": { "type": "LineString", "coordinates": [ [ 2.2023967, 41.415215 ], [ 2.2019609, 41.4148948 ], [ 2.201854, 41.4148114 ], [ 2.2016086, 41.414629 ], [ 2.2015938, 41.4146188 ], [ 2.2015405, 41.4145783 ], [ 2.201504, 41.4145453 ] ] } },
{ "type": "Feature", "properties": { "u": 316877741, "v": 252850929, "key": 0, "osmid": [ 23351308, 100640548, 238179135 ], "oneway": true, "lanes": "2", "name": "Autovia de l'Ametlla", "highway": "trunk", "maxspeed": "50", "reversed": "False", "length": 864.606, "access": "yes", "junction": null, "ref": "C-17", "width": null, "est_width": null, "tunnel": null, "bridge": null, "service": null }, "geometry": { "type": "LineString", "coordinates": [ [ 2.180561, 41.4618635 ], [ 2.1806089, 41.4617934 ], [ 2.1807543, 41.4615958 ], [ 2.1810675, 41.4612206 ], [ 2.1813879, 41.4608722 ], [ 2.1815059, 41.4607537 ], [ 2.1818608, 41.4604082 ], [ 2.1820477, 41.4602382 ], [ 2.182332, 41.4599945 ], [ 2.182728, 41.4596754 ], [ 2.183137, 41.4593831 ], [ 2.18381, 41.4589227 ], [ 2.1843405, 41.458554 ], [ 2.185104, 41.4580514 ], [ 2.1854384, 41.4578235 ], [ 2.1857754, 41.4575845 ], [ 2.1860769, 41.457362 ], [ 2.1862678, 41.4572121 ], [ 2.1864108, 41.4570946 ], [ 2.1868405, 41.4567269 ], [ 2.1870402, 41.4565409 ], [ 2.1874977, 41.4561312 ] ] } },
{ "type": "Feature", "properties": { "u": 316877744, "v": 4251794057, "key": 0, "osmid": [ 450070504, 450070503 ], "oneway": true, "lanes": "7", "name": "Avinguda Meridiana", "highway": "primary", "maxspeed": "50", "reversed": "False", "length": 102.847, "access": "yes", "junction": null, "ref": null, "width": [ "20", "23" ], "est_width": null, "tunnel": null, "bridge": null, "service": null }, "geometry": { "type": "LineString", "coordinates": [ [ 2.1883493, 41.4493839 ], [ 2.1882757, 41.4491491 ], [ 2.1882548, 41.4490816 ], [ 2.1881307, 41.4487018 ], [ 2.1880673, 41.4484835 ] ] } },
{ "type": "Feature", "properties": { "u": 316877771, "v": 316877774, "key": 0, "osmid": [ 1105235352, 47044934 ], "oneway": true, "lanes": "1", "name": null, "highway": "primary_link", "maxspeed": "50", "reversed": "False", "length": 70.091, "access": null, "junction": null, "ref": null, "width": null, "est_width": null, "tunnel": null, "bridge": null, "service": null }, "geometry": { "type": "LineString", "coordinates": [ [ 2.1877231, 41.4442723 ], [ 2.1875852, 41.4442994 ], [ 2.1875322, 41.4443109 ], [ 2.1874979, 41.4443256 ], [ 2.1874726, 41.4443412 ], [ 2.1874454, 41.4443608 ], [ 2.1874131, 41.4444058 ], [ 2.1873563, 41.4445017 ], [ 2.1872946, 41.4446252 ], [ 2.1872578, 41.4447335 ] ] } },
{ "type": "Feature", "properties": { "u": 316877774, "v": 319631021, "key": 0, "osmid": "551974373", "oneway": true, "lanes": "2", "name": null, "highway": "primary_link", "maxspeed": "50", "reversed": "False", "length": 64.347, "access": null, "junction": null, "ref": null, "width": null, "est_width": null, "tunnel": null, "bridge": null, "service": null }, "geometry": { "type": "LineString", "coordinates": [ [ 2.1872578, 41.4447335 ], [ 2.1872447, 41.4448641 ], [ 2.1872431, 41.4449498 ], [ 2.187249, 41.44506 ], [ 2.1872659, 41.4453114 ] ] } },
{ "type": "Feature", "properties": { "u": 316877790, "v": 1141503197, "key": 0, "osmid": [ 98669349, 290299053 ], "oneway": true, "lanes": "1", "name": "Autopista Barcelona-Manresa", "highway": "motorway_link", "maxspeed": "80", "reversed": "False", "length": 305.483, "access": null, "junction": null, "ref": null, "width": null, "est_width": null, "tunnel": null, "bridge": null, "service": null }, "geometry": { "type": "LineString", "coordinates": [ [ 2.1886162, 41.4556236 ], [ 2.1885384, 41.4558807 ], [ 2.1884781, 41.4560381 ], [ 2.1884137, 41.4561806 ], [ 2.1883445, 41.4563148 ], [ 2.1882749, 41.4564389 ], [ 2.1882021, 41.4565528 ], [ 2.1881262, 41.4566581 ], [ 2.1880293, 41.4567809 ], [ 2.1879378, 41.4568909 ], [ 2.1878222, 41.4570223 ], [ 2.1877233, 41.4571273 ], [ 2.1875605, 41.4572837 ], [ 2.187412, 41.4574124 ], [ 2.1872597, 41.4575349 ], [ 2.1870837, 41.4576738 ], [ 2.1867702, 41.4579456 ] ] } },
{ "type": "Feature", "properties": { "u": 317922760, "v": 1162558801, "key": 0, "osmid": [ 34211140, 98789830, 1393379572, 30013882, 30013884 ], "oneway": true, "lanes": "3", "name": "Ronda de Dalt", "highway": "trunk", "maxspeed": "80", "reversed": "False", "length": 907.748, "access": "yes", "junction": null, "ref": "B-20", "width": null, "est_width": null, "tunnel": "yes", "bridge": "yes", "service": null }, "geometry": { "type": "LineString", "coordinates": [ [ 2.1933706, 41.4474134 ], [ 2.1932701, 41.4473425 ], [ 2.1931625, 41.4472784 ], [ 2.1930519, 41.4472213 ], [ 2.1929197, 41.4471626 ], [ 2.1927978, 41.4471197 ], [ 2.1926546, 41.4470876 ], [ 2.1925075, 41.4470672 ], [ 2.1923623, 41.4470536 ], [ 2.1922195, 41.4470457 ], [ 2.1914489, 41.4470202 ], [ 2.191022, 41.447005 ], [ 2.1901865, 41.4470019 ], [ 2.1894115, 41.4470084 ], [ 2.1882041, 41.4470189 ], [ 2.187953, 41.4470211 ], [ 2.1876902, 41.4470232 ], [ 2.1876634, 41.4470234 ], [ 2.1872297, 41.4470101 ], [ 2.1870415, 41.4469979 ], [ 2.1868979, 41.446981 ], [ 2.1867208, 41.4469532 ], [ 2.1863981, 41.4469201 ], [ 2.185627, 41.446854 ], [ 2.1852456, 41.4468166 ], [ 2.1848572, 41.4467799 ], [ 2.1845534, 41.446747 ], [ 2.1838237, 41.4466845 ], [ 2.1831122, 41.4466083 ], [ 2.1826574, 41.4465592 ] ] } },
{ "type": "Feature", "properties": { "u": 317922760, "v": 604937943, "key": 0, "osmid": [ 34211800, 98789825, 36568686 ], "oneway": true, "lanes": [ "1", "2" ], "name": "Via Favència", "highway": "trunk_link", "maxspeed": [ "60", "50" ], "reversed": "False", "length": 247.377, "access": "yes", "junction": null, "ref": "1", "width": null, "est_width": null, "tunnel": null, "bridge": null, "service": null }, "geometry": { "type": "LineString", "coordinates": [ [ 2.1933706, 41.4474134 ], [ 2.1932005, 41.4473306 ], [ 2.193057, 41.4472717 ], [ 2.1929355, 41.447227 ], [ 2.1928036, 41.4471874 ], [ 2.1926901, 41.447158 ], [ 2.1925884, 41.4471379 ], [ 2.1924574, 41.4471229 ], [ 2.1923113, 41.4471144 ], [ 2.1921491, 41.447111 ], [ 2.1917772, 41.4471252 ], [ 2.1915359, 41.4471141 ], [ 2.1908479, 41.4470983 ], [ 2.19064, 41.447098 ], [ 2.1906015, 41.4470977 ], [ 2.1904928, 41.447098 ] ] } },
{ "type": "Feature", "properties": { "u": 317922804, "v": 323165720, "key": 0, "osmid": [ 114458470, 109378014, 114458471 ], "oneway": true, "lanes": "1", "name": null, "highway": "trunk_link", "maxspeed": "40", "reversed": "False", "length": 126.348, "access": null, "junction": null, "ref": "C-17;N-150", "width": null, "est_width": null, "tunnel": null, "bridge": "yes", "service": null }, "geometry": { "type": "LineString", "coordinates": [ [ 2.1938305, 41.4474214 ], [ 2.1939938, 41.4474627 ], [ 2.1941239, 41.4474852 ], [ 2.194564, 41.4475326 ], [ 2.1946459, 41.4475373 ], [ 2.1947864, 41.4475415 ], [ 2.194923, 41.4475399 ], [ 2.1950032, 41.4475349 ], [ 2.1950994, 41.4475244 ], [ 2.1953219, 41.4474859 ] ] } },
{ "type": "Feature", "properties": { "u": 317922804, "v": 317922808, "key": 0, "osmid": [ 295497939, 29380021, 29380023 ], "oneway": true, "lanes": "4", "name": "Ronda de Dalt", "highway": "trunk", "maxspeed": "80", "reversed": "False", "length": 131.718, "access": "yes", "junction": null, "ref": "B-20", "width": null, "est_width": null, "tunnel": null, "bridge": "yes", "service": null }, "geometry": { "type": "LineString", "coordinates": [ [ 2.1938305, 41.4474214 ], [ 2.1939431, 41.4474668 ], [ 2.1940682, 41.4475121 ], [ 2.194213, 41.4475554 ], [ 2.1943551, 41.4475851 ], [ 2.1944966, 41.4476057 ], [ 2.1946357, 41.4476196 ], [ 2.1946987, 41.4476233 ], [ 2.1948217, 41.4476242 ], [ 2.1949735, 41.4476201 ], [ 2.1952057, 41.4476068 ], [ 2.1953598, 41.4475968 ] ] } },
{ "type": "Feature", "properties": { "u": 317922808, "v": 323162210, "key": 0, "osmid": "29379937", "oneway": true, "lanes": "3", "name": "Ronda de Dalt (Nus de la Trinitat)", "highway": "trunk", "maxspeed": "60", "reversed": "False", "length": 131.107, "access": "yes", "junction": null, "ref": "B-20", "width": null, "est_width": null, "tunnel": null, "bridge": null, "service": null }, "geometry": { "type": "LineString", "coordinates": [ [ 2.1953598, 41.4475968 ], [ 2.1955316, 41.4475955 ], [ 2.1957013, 41.4476004 ], [ 2.1958876, 41.4476113 ], [ 2.1961085, 41.447634 ], [ 2.1962075, 41.4476515 ], [ 2.1962769, 41.4476629 ], [ 2.1964464, 41.4476942 ], [ 2.1965835, 41.4477298 ], [ 2.1967044, 41.4477677 ], [ 2.1968833, 41.4478314 ] ] } },
{ "type": "Feature", "properties": { "u": 317922808, "v": 1142860648, "key": 0, "osmid": "560625685", "oneway": true, "lanes": "2", "name": "Ronda Litoral", "highway": "trunk_link", "maxspeed": "60", "reversed": "False", "length": 104.782, "access": null, "junction": null, "ref": null, "width": null, "est_width": null, "tunnel": null, "bridge": null, "service": null }, "geometry": { "type": "LineString", "coordinates": [ [ 2.1953598, 41.4475968 ], [ 2.1960007, 41.4475663 ], [ 2.1961206, 41.4475722 ], [ 2.1962848, 41.4475887 ], [ 2.1964203, 41.4476083 ], [ 2.1965327, 41.4476287 ], [ 2.1966041, 41.4476471 ] ] } },
{ "type": "Feature", "properties": { "u": 317926444, "v": 317926447, "key": 0, "osmid": [ 1394486204, 29379613 ], "oneway": true, "lanes": "2", "name": "Ronda Litoral", "highway": "trunk_link", "maxspeed": "60", "reversed": "False", "length": 73.655, "access": null, "junction": null, "ref": null, "width": null, "est_width": null, "tunnel": null, "bridge": null, "service": null }, "geometry": { "type": "LineString", "coordinates": [ [ 2.199879, 41.4488429 ], [ 2.199974, 41.4488427 ], [ 2.2001186, 41.4488344 ], [ 2.2002441, 41.4488166 ], [ 2.2003373, 41.4487948 ], [ 2.2005833, 41.4487229 ], [ 2.2007321, 41.4486923 ] ] } },
{ "type": "Feature", "properties": { "u": 317926447, "v": 408397901, "key": 0, "osmid": [ 560625677, 744153938, 744153939, 18525524, 1394486203, 1394485887 ], "oneway": true, "lanes": [ "4", "3" ], "name": [ "Ronda Litoral", "Ronda Litoral (Nus de la Trinitat)" ], "highway": "trunk", "maxspeed": "80", "reversed": "False", "length": 317.117, "access": null, "junction": null, "ref": "B-10", "width": null, "est_width": null, "tunnel": "yes", "bridge": null, "service": null }, "geometry": { "type": "LineString", "coordinates": [ [ 2.2007321, 41.4486923 ], [ 2.2009557, 41.4485736 ], [ 2.2011646, 41.4484608 ], [ 2.2013796, 41.4483307 ], [ 2.2015515, 41.4482205 ], [ 2.2016294, 41.4481709 ], [ 2.2023487, 41.4475677 ], [ 2.2028817, 41.4470613 ], [ 2.2029839, 41.4469642 ], [ 2.2031219, 41.4468089 ], [ 2.2032965, 41.4466126 ] ] } },
{ "type": "Feature", "properties": { "u": 317926471, "v": 317926474, "key": 0, "osmid": [ 98669346, 98669347 ], "oneway": true, "lanes": "2", "name": "Nus de la Trinitat", "highway": "trunk_link", "maxspeed": "80", "reversed": "False", "length": 291.366, "access": null, "junction": null, "ref": null, "width": null, "est_width": null, "tunnel": null, "bridge": "yes", "service": null }, "geometry": { "type": "LineString", "coordinates": [ [ 2.1971883, 41.4503265 ], [ 2.1969863, 41.4504576 ], [ 2.196886, 41.4505229 ], [ 2.1967659, 41.4505921 ], [ 2.1966196, 41.4506653 ], [ 2.1965146, 41.4507096 ], [ 2.196292, 41.4507898 ], [ 2.196166, 41.4508205 ], [ 2.1960054, 41.4508475 ], [ 2.1958477, 41.4508623 ], [ 2.195687, 41.4508599 ], [ 2.1955559, 41.4508542 ], [ 2.195387, 41.4508386 ], [ 2.195168, 41.4507943 ], [ 2.1950172, 41.4507551 ], [ 2.1948765, 41.450711 ], [ 2.1947402, 41.450663 ], [ 2.1945968, 41.4505969 ], [ 2.1944708, 41.4505307 ], [ 2.1943542, 41.4504614 ], [ 2.194114, 41.4503004 ] ] } },
{ "type": "Feature", "properties": { "u": 317926474, "v": 317926487, "key": 0, "osmid": "744155326", "oneway": true, "lanes": "3", "name": "Ronda de Dalt – Nus de la Trinitat", "highway": "trunk", "maxspeed": "60", "reversed": "False", "length": 34.266, "access": null, "junction": null, "ref": "B-20", "width": null, "est_width": null, "tunnel": null, "bridge": null, "service": null }, "geometry": { "type": "LineString", "coordinates": [ [ 2.194114, 41.4503004 ], [ 2.193838, 41.450072 ] ] } },
{ "type": "Feature", "properties": { "u": 317926487, "v": 317922760, "key": 0, "osmid": [ 29380609, 1393380614, 98789831, 295497930, 28921292 ], "oneway": true, "lanes": [ "4", "5" ], "name": [ "Ronda de Dalt", "Ronda de Dalt – Nus de la Trinitat" ], "highway": "trunk", "maxspeed": "60", "reversed": "False", "length": 309.226, "access": null, "junction": null, "ref": "B-20", "width": "14", "est_width": null, "tunnel": "yes", "bridge": null, "service": null }, "geometry": { "type": "LineString", "coordinates": [ [ 2.193838, 41.450072 ], [ 2.1937846, 41.4499906 ], [ 2.1937214, 41.4498601 ], [ 2.1936692, 41.4497262 ], [ 2.1936377, 41.4495878 ], [ 2.1936151, 41.4494543 ], [ 2.1935976, 41.4493247 ], [ 2.1935969, 41.4492915 ], [ 2.1935947, 41.4491797 ], [ 2.1936159, 41.4490217 ], [ 2.1936609, 41.4488165 ], [ 2.1937194, 41.4486131 ], [ 2.1937461, 41.4485165 ], [ 2.1937731, 41.4484023 ], [ 2.1937884, 41.4483094 ], [ 2.1937956, 41.4481982 ], [ 2.1937872, 41.4480948 ], [ 2.1937651, 41.4479812 ], [ 2.1937333, 41.4478767 ], [ 2.1936834, 41.4477754 ], [ 2.1936253, 41.4476792 ], [ 2.1935506, 41.4475842 ], [ 2.1934728, 41.4475034 ], [ 2.1933706, 41.4474134 ] ] } },
{ "type": "Feature", "properties": { "u": 318317456, "v": 446207454, "key": 0, "osmid": "1394490881", "oneway": true, "lanes": "4", "name": null, "highway": "trunk", "maxspeed": "80", "reversed": "False", "length": 27.27, "access": "yes", "junction": null, "ref": "C-58", "width": null, "est_width": null, "tunnel": null, "bridge": null, "service": null }, "geometry": { "type": "LineString", "coordinates": [ [ 2.1951865, 41.4531326 ], [ 2.1951114, 41.4533713 ] ] } },
{ "type": "Feature", "properties": { "u": 318317466, "v": 1141503197, "key": 0, "osmid": "29380170", "oneway": true, "lanes": "2", "name": "Autopista Barcelona-Manresa", "highway": "motorway", "maxspeed": "80", "reversed": "False", "length": 134.286, "access": null, "junction": null, "ref": "C-58", "width": null, "est_width": null, "tunnel": null, "bridge": null, "service": null }, "geometry": { "type": "LineString", "coordinates": [ [ 2.1879104, 41.4570934 ], [ 2.1874488, 41.457451 ], [ 2.1873057, 41.4575706 ], [ 2.1871281, 41.4577047 ], [ 2.1867702, 41.4579456 ] ] } },
{ "type": "Feature", "properties": { "u": 318318080, "v": 318318081, "key": 0, "osmid": "98551640", "oneway": true, "lanes": "2", "name": null, "highway": "trunk_link", "maxspeed": "80", "reversed": "False", "length": 27.923, "access": null, "junction": null, "ref": null, "width": null, "est_width": null, "tunnel": null, "bridge": null, "service": null }, "geometry": { "type": "LineString", "coordinates": [ [ 2.185559, 41.4579491 ], [ 2.1858583, 41.4578362 ] ] } },
{ "type": "Feature", "properties": { "u": 318318080, "v": 252850929, "key": 0, "osmid": "28973642", "oneway": true, "lanes": "2", "name": null, "highway": "trunk_link", "maxspeed": "80", "reversed": "False", "length": 259.12, "access": null, "junction": null, "ref": "C-58", "width": null, "est_width": null, "tunnel": null, "bridge": null, "service": null }, "geometry": { "type": "LineString", "coordinates": [ [ 2.185559, 41.4579491 ], [ 2.1858906, 41.4576486 ], [ 2.1861045, 41.4574681 ], [ 2.1863684, 41.4572466 ], [ 2.1866227, 41.457026 ], [ 2.1868487, 41.4568203 ], [ 2.1870904, 41.4565891 ], [ 2.1874977, 41.4561312 ] ] } },
{ "type": "Feature", "properties": { "u": 318318081, "v": 318318094, "key": 0, "osmid": [ 1394490884, 29380166, 98551630, 1047585245, 1047585246 ], "oneway": true, "lanes": [ "4", "5" ], "name": null, "highway": "trunk", "maxspeed": "80", "reversed": "False", "length": 758.607, "access": null, "junction": null, "ref": "B-10", "width": null, "est_width": null, "tunnel": null, "bridge": "yes", "service": null }, "geometry": { "type": "LineString", "coordinates": [ [ 2.1858583, 41.4578362 ], [ 2.1864649, 41.4573876 ], [ 2.1868028, 41.4571177 ], [ 2.1870233, 41.4569348 ], [ 2.1873238, 41.4566542 ], [ 2.1875154, 41.4564743 ], [ 2.1876229, 41.4563789 ], [ 2.187751, 41.4562703 ], [ 2.1878419, 41.4561974 ], [ 2.1879834, 41.4560947 ], [ 2.1881175, 41.4560092 ], [ 2.1882611, 41.4559275 ], [ 2.1884315, 41.4558403 ], [ 2.1886361, 41.4557417 ], [ 2.1887922, 41.4556713 ], [ 2.1889815, 41.4555977 ], [ 2.1890887, 41.4555634 ], [ 2.1893257, 41.4554935 ], [ 2.1896673, 41.4554194 ], [ 2.1898358, 41.4553944 ], [ 2.1899994, 41.4553765 ], [ 2.1901549, 41.4553644 ], [ 2.1903152, 41.4553594 ], [ 2.190636, 41.4553679 ], [ 2.1909627, 41.4553752 ], [ 2.1911199, 41.4553725 ], [ 2.1912799, 41.4553662 ], [ 2.1914385, 41.4553527 ], [ 2.1915874, 41.455335 ], [ 2.1919921, 41.4552582 ], [ 2.1923649, 41.4551576 ], [ 2.193076, 41.4549223 ], [ 2.1935149, 41.45474 ] ] } },
{ "type": "Feature", "properties": { "u": 318318094, "v": 318318107, "key": 0, "osmid": [ 1394490880, 98551633 ], "oneway": true, "lanes": [ "4", "3" ], "name": null, "highway": "trunk", "maxspeed": "80", "reversed": "False", "length": 334.39, "access": null, "junction": null, "ref": "B-10", "width": null, "est_width": null, "tunnel": null, "bridge": null, "service": null }, "geometry": { "type": "LineString", "coordinates": [ [ 2.1935149, 41.45474 ], [ 2.1937193, 41.454651 ], [ 2.1939182, 41.4545381 ], [ 2.1940851, 41.4544288 ], [ 2.1942478, 41.4543018 ], [ 2.1943562, 41.4542071 ], [ 2.194444, 41.4541155 ], [ 2.1945163, 41.4540339 ], [ 2.1946111, 41.4539145 ], [ 2.1946772, 41.4538207 ], [ 2.1947409, 41.4537118 ], [ 2.1948055, 41.4535763 ], [ 2.1948584, 41.4534415 ], [ 2.1948872, 41.4533355 ], [ 2.1949139, 41.4532183 ], [ 2.194933, 41.453108 ], [ 2.1949474, 41.4529941 ], [ 2.1949623, 41.4528728 ], [ 2.1949865, 41.4527389 ], [ 2.1950001, 41.4525291 ], [ 2.1950057, 41.4523548 ], [ 2.1950295, 41.4521325 ] ] } },
{ "type": "Feature", "properties": { "u": 318318094, "v": 2119991183, "key": 0, "osmid": [ 29379563, 98551646 ], "oneway": true, "lanes": "2", "name": null, "highway": "trunk_link", "maxspeed": [ "80", "60" ], "reversed": "False", "length": 278.584, "access": null, "junction": null, "ref": null, "width": null, "est_width": null, "tunnel": null, "bridge": null, "service": null }, "geometry": { "type": "LineString", "coordinates": [ [ 2.1935149, 41.45474 ], [ 2.1937685, 41.4545332 ], [ 2.1938588, 41.4544755 ], [ 2.1939692, 41.4544016 ], [ 2.1940634, 41.4543328 ], [ 2.194226, 41.4542057 ], [ 2.1943266, 41.4541074 ], [ 2.1944198, 41.4540048 ], [ 2.1945043, 41.4538988 ], [ 2.1945816, 41.4537907 ], [ 2.1946442, 41.4536815 ], [ 2.1947156, 41.4535362 ], [ 2.1947504, 41.4534402 ], [ 2.1947874, 41.4533182 ], [ 2.1948152, 41.4531798 ], [ 2.1948347, 41.4530307 ], [ 2.1948456, 41.4528807 ], [ 2.1948563, 41.4525633 ] ] } },
{ "type": "Feature", "properties": { "u": 318318107, "v": 323161610, "key": 0, "osmid": [ 29379584, 29379712, 98551650, 1047603803, 1047603804 ], "oneway": true, "lanes": "2", "name": null, "highway": "trunk_link", "maxspeed": [ "80", "50" ], "reversed": "False", "length": 661.472, "access": null, "junction": null, "ref": null, "width": null, "est_width": null, "tunnel": "yes", "bridge": "yes", "service": null }, "geometry": { "type": "LineString", "coordinates": [ [ 2.1950295, 41.4521325 ], [ 2.1950332, 41.4518968 ], [ 2.1951237, 41.4514414 ], [ 2.1951655, 41.451269 ], [ 2.195222, 41.4510763 ], [ 2.1952898, 41.4508909 ], [ 2.1953791, 41.4507085 ], [ 2.1954413, 41.4506091 ], [ 2.1955013, 41.4505241 ], [ 2.1955783, 41.4504191 ], [ 2.1956573, 41.4503266 ], [ 2.1958086, 41.4501744 ], [ 2.1959734, 41.4500305 ], [ 2.1961812, 41.4498794 ], [ 2.1963428, 41.4497538 ], [ 2.1964697, 41.4496494 ], [ 2.1965694, 41.4495574 ], [ 2.1966631, 41.4494409 ], [ 2.1967379, 41.4493265 ], [ 2.1967983, 41.4491993 ], [ 2.1968312, 41.4490782 ], [ 2.1968457, 41.4489887 ], [ 2.1968618, 41.4487557 ], [ 2.1968646, 41.4486128 ], [ 2.1968577, 41.448462 ], [ 2.1968409, 41.4483092 ], [ 2.1968187, 41.4481562 ], [ 2.1967664, 41.4478541 ], [ 2.1967076, 41.4474882 ], [ 2.1966488, 41.4472542 ], [ 2.1966246, 41.4471942 ], [ 2.1965746, 41.4470972 ], [ 2.1964649, 41.4469477 ], [ 2.1963287, 41.4468316 ], [ 2.1962648, 41.4467933 ], [ 2.1961311, 41.4467344 ] ] } },
{ "type": "Feature", "properties": { "u": 318318107, "v": 318318114, "key": 0, "osmid": [ 29379419, 98551636, 29379719 ], "oneway": true, "lanes": "2", "name": "Ronda Litoral (Nus de la Trinitat)", "highway": "trunk", "maxspeed": "80", "reversed": "False", "length": 310.217, "access": null, "junction": null, "ref": "B-10", "width": null, "est_width": null, "tunnel": null, "bridge": "yes", "service": null }, "geometry": { "type": "LineString", "coordinates": [ [ 2.1950295, 41.4521325 ], [ 2.195123, 41.4518487 ], [ 2.1952231, 41.4514655 ], [ 2.1952767, 41.4512958 ], [ 2.1953639, 41.4510973 ], [ 2.1954357, 41.4509568 ], [ 2.1955405, 41.4507752 ], [ 2.1956253, 41.450641 ], [ 2.1956893, 41.4505495 ], [ 2.1957829, 41.450434 ], [ 2.1958773, 41.4503278 ], [ 2.1960016, 41.4502155 ], [ 2.1961118, 41.4501235 ], [ 2.196303, 41.449993 ], [ 2.1967356, 41.4497632 ] ] } },
{ "type": "Feature", "properties": { "u": 318318114, "v": 317926447, "key": 0, "osmid": [ 18519314, 100553195, 1047613396 ], "oneway": true, "lanes": "2", "name": "Ronda Litoral (Nus de la Trinitat)", "highway": "trunk", "maxspeed": "80", "reversed": "False", "length": 355.98, "access": null, "junction": null, "ref": "B-10", "width": null, "est_width": null, "tunnel": null, "bridge": "yes", "service": null }, "geometry": { "type": "LineString", "coordinates": [ [ 2.1967356, 41.4497632 ], [ 2.1968038, 41.4497354 ], [ 2.1970589, 41.4496458 ], [ 2.1971909, 41.4496045 ], [ 2.1973602, 41.449557 ], [ 2.1975233, 41.449517 ], [ 2.1977256, 41.4494754 ], [ 2.1980524, 41.4494137 ], [ 2.1984128, 41.4493542 ], [ 2.1986923, 41.449307 ], [ 2.1989768, 41.4492556 ], [ 2.199249, 41.4492017 ], [ 2.1995257, 41.4491409 ], [ 2.1997999, 41.4490635 ], [ 2.2000789, 41.4489715 ], [ 2.2002703, 41.4489015 ], [ 2.2004107, 41.4488518 ], [ 2.2007321, 41.4486923 ] ] } },
{ "type": "Feature", "properties": { "u": 318589941, "v": 316877744, "key": 0, "osmid": [ 28951376, 904787525, 904787526, 290131935 ], "oneway": true, "lanes": "5", "name": "Avinguda Meridiana", "highway": "trunk", "maxspeed": "50", "reversed": "False", "length": 473.514, "access": "yes", "junction": null, "ref": null, "width": null, "est_width": null, "tunnel": null, "bridge": null, "service": null }, "geometry": { "type": "LineString", "coordinates": [ [ 2.1887324, 41.4536216 ], [ 2.1887457, 41.4534372 ], [ 2.1887488, 41.4533942 ], [ 2.1887578, 41.4531846 ], [ 2.1887516, 41.4524908 ], [ 2.1887058, 41.4517175 ], [ 2.1887013, 41.4516458 ], [ 2.1886512, 41.4508539 ], [ 2.1886124, 41.4505454 ], [ 2.1885605, 41.4502662 ], [ 2.1885289, 41.4501556 ], [ 2.1883926, 41.4496281 ], [ 2.1883814, 41.4495648 ], [ 2.1883493, 41.4493839 ] ] } },
{ "type": "Feature", "properties": { "u": 319630542, "v": 319630543, "key": 0, "osmid": "1395730807", "oneway": true, "lanes": "2", "name": "Avinguda Meridiana", "highway": "primary", "maxspeed": "50", "reversed": "False", "length": 20.728, "access": null, "junction": null, "ref": null, "width": null, "est_width": null, "tunnel": null, "bridge": null, "service": null }, "geometry": { "type": "LineString", "coordinates": [ [ 2.1825705, 41.4303926 ], [ 2.1825733, 41.4303745 ], [ 2.182576, 41.4303565 ], [ 2.1825768, 41.4303217 ], [ 2.1825756, 41.4302771 ], [ 2.1825753, 41.4302518 ], [ 2.1825683, 41.4302265 ], [ 2.1825592, 41.4302082 ] ] } },
{ "type": "Feature", "properties": { "u": 319630543, "v": 1017920073, "key": 0, "osmid": [ 543578058, 310060734 ], "oneway": true, "lanes": "3", "name": "Passeig de Fabra i Puig", "highway": "primary", "maxspeed": "30", "reversed": "False", "length": 66.93, "access": null, "junction": null, "ref": null, "width": null, "est_width": null, "tunnel": null, "bridge": null, "service": null }, "geometry": { "type": "LineString", "coordinates": [ [ 2.1825592, 41.4302082 ], [ 2.1823988, 41.4302089 ], [ 2.1823298, 41.4302108 ], [ 2.1819842, 41.4302146 ], [ 2.1817565, 41.4302166 ] ] } },
{ "type": "Feature", "properties": { "u": 319631021, "v": 6213879857, "key": 0, "osmid": [ 28822311, 182049941, 100553199 ], "oneway": true, "lanes": "4", "name": "Avinguda Meridiana", "highway": "primary", "maxspeed": "50", "reversed": "False", "length": 366.084, "access": null, "junction": null, "ref": "C-33", "width": "13", "est_width": null, "tunnel": null, "bridge": "yes", "service": null }, "geometry": { "type": "LineString", "coordinates": [ [ 2.1872659, 41.4453114 ], [ 2.1877105, 41.4466207 ], [ 2.187921, 41.4472924 ], [ 2.1880174, 41.4475851 ], [ 2.1881214, 41.4478884 ], [ 2.1882681, 41.4483202 ], [ 2.188331, 41.4485053 ] ] } },
{ "type": "Feature", "properties": { "u": 323158443, "v": 412457946, "key": 0, "osmid": [ 115676129, 1393379523, 693991398, 1393379530, 1215458350, 1215458352, 34211542, 115676127 ], "oneway": true, "lanes": "3", "name": "Ronda de Dalt", "highway": "trunk", "maxspeed": "80", "reversed": "False", "length": 801.418, "access": null, "junction": null, "ref": "B-20", "width": null, "est_width": null, "tunnel": "yes", "bridge": null, "service": null }, "geometry": { "type": "LineString", "coordinates": [ [ 2.1420735, 41.424457 ], [ 2.1419072, 41.4241886 ], [ 2.1417943, 41.4240065 ], [ 2.1414319, 41.4232529 ], [ 2.1408883, 41.4221264 ], [ 2.1407177, 41.4217651 ], [ 2.1401924, 41.4206754 ], [ 2.1400287, 41.420336 ], [ 2.1393729, 41.4189756 ], [ 2.1389179, 41.4180238 ], [ 2.1387599, 41.4176935 ] ] } },
{ "type": "Feature", "properties": { "u": 323160756, "v": 323160927, "key": 0, "osmid": [ 29379448, 29379875, 29379469 ], "oneway": true, "lanes": "1", "name": null, "highway": "trunk_link", "maxspeed": "60", "reversed": "False", "length": 602.001, "access": null, "junction": null, "ref": null, "width": null, "est_width": null, "tunnel": null, "bridge": "yes", "service": null }, "geometry": { "type": "LineString", "coordinates": [ [ 2.1988984, 41.4483823 ], [ 2.1992506, 41.4485276 ], [ 2.1993696, 41.4485766 ], [ 2.1994999, 41.4486369 ], [ 2.1996042, 41.448694 ], [ 2.1996842, 41.4487432 ], [ 2.1997412, 41.4487876 ], [ 2.1997845, 41.4488242 ], [ 2.1998379, 41.4488749 ], [ 2.1998813, 41.4489209 ], [ 2.199924, 41.4489752 ], [ 2.1999711, 41.4490437 ], [ 2.1999996, 41.4490947 ], [ 2.2000267, 41.4491555 ], [ 2.2000438, 41.4492076 ], [ 2.2000552, 41.449247 ], [ 2.2000682, 41.4493386 ], [ 2.2000733, 41.4494106 ], [ 2.200071, 41.4494812 ], [ 2.2000625, 41.4495463 ], [ 2.2000437, 41.4496141 ], [ 2.2000153, 41.4496954 ], [ 2.1999817, 41.4497607 ], [ 2.1999411, 41.4498248 ], [ 2.1998964, 41.4498856 ], [ 2.1998282, 41.4499595 ], [ 2.1997824, 41.4500028 ], [ 2.1997337, 41.4500407 ], [ 2.1996442, 41.4501068 ], [ 2.1995738, 41.450145 ], [ 2.1994945, 41.4501861 ], [ 2.1994112, 41.450222 ], [ 2.1993219, 41.4502536 ], [ 2.1992224, 41.4502842 ], [ 2.1991445, 41.4503026 ], [ 2.1990648, 41.4503202 ], [ 2.1989455, 41.4503408 ], [ 2.1987949, 41.4503622 ], [ 2.1986427, 41.45038 ], [ 2.1984321, 41.4503983 ], [ 2.1980432, 41.4504263 ], [ 2.1978544, 41.4504451 ], [ 2.1976778, 41.4504657 ], [ 2.197535, 41.4504896 ], [ 2.1973867, 41.4505223 ], [ 2.1972859, 41.4505473 ], [ 2.1971653, 41.4505855 ], [ 2.1970531, 41.4506256 ], [ 2.1969372, 41.4506766 ], [ 2.1968387, 41.4507262 ], [ 2.1966795, 41.4508134 ], [ 2.1965408, 41.450893 ], [ 2.1964179, 41.4509662 ], [ 2.1963329, 41.4510238 ], [ 2.1962491, 41.451092 ], [ 2.1961933, 41.4511415 ], [ 2.1961162, 41.4512114 ], [ 2.1959743, 41.4513394 ], [ 2.1959149, 41.4513793 ] ] } },
{ "type": "Feature", "properties": { "u": 323160756, "v": 317926471, "key": 0, "osmid": [ 29379792, 99256685, 29379782, 99256647 ], "oneway": true, "lanes": "1", "name": null, "highway": "trunk_link", "maxspeed": "60", "reversed": "False", "length": 505.984, "access": null, "junction": null, "ref": null, "width": null, "est_width": null, "tunnel": null, "bridge": "yes", "service": null }, "geometry": { "type": "LineString", "coordinates": [ [ 2.1988984, 41.4483823 ], [ 2.1993361, 41.4485102 ], [ 2.1997302, 41.4486427 ], [ 2.199808, 41.4486731 ], [ 2.1998894, 41.4487164 ], [ 2.1999637, 41.4487647 ], [ 2.2000288, 41.4488159 ], [ 2.2000889, 41.4488711 ], [ 2.200134, 41.4489171 ], [ 2.2001869, 41.448979 ], [ 2.2002335, 41.4490524 ], [ 2.2002649, 41.4491113 ], [ 2.2002921, 41.4491793 ], [ 2.2003089, 41.449238 ], [ 2.2003216, 41.4493164 ], [ 2.2003234, 41.4493848 ], [ 2.2003209, 41.4494442 ], [ 2.200312, 41.4495081 ], [ 2.2002976, 41.4495687 ], [ 2.2002665, 41.4496415 ], [ 2.2002268, 41.4497167 ], [ 2.2001883, 41.4497774 ], [ 2.2001421, 41.4498339 ], [ 2.2000839, 41.4498933 ], [ 2.200029, 41.4499344 ], [ 2.1999747, 41.4499711 ], [ 2.1999118, 41.4500069 ], [ 2.1998515, 41.4500367 ], [ 2.1997749, 41.4500685 ], [ 2.199671, 41.4500978 ], [ 2.1995622, 41.4501178 ], [ 2.1994732, 41.4501261 ], [ 2.1993902, 41.4501286 ], [ 2.199297, 41.4501243 ], [ 2.1991904, 41.4501113 ], [ 2.1991033, 41.4500947 ], [ 2.1989981, 41.4500627 ], [ 2.1989063, 41.4500291 ], [ 2.1986462, 41.4499344 ], [ 2.1985672, 41.4499102 ], [ 2.1984693, 41.449893 ], [ 2.1983693, 41.4498828 ], [ 2.1982719, 41.4498815 ], [ 2.1981599, 41.4498873 ], [ 2.1980721, 41.4499039 ], [ 2.1979837, 41.4499249 ], [ 2.1978946, 41.4499557 ], [ 2.1978085, 41.4499974 ], [ 2.1976735, 41.4500724 ], [ 2.1971883, 41.4503265 ] ] } },
{ "type": "Feature", "properties": { "u": 323160927, "v": 446207454, "key": 0, "osmid": [ 1047609787, 727309204, 727309205 ], "oneway": true, "lanes": [ "1", "2" ], "name": null, "highway": "trunk_link", "maxspeed": "80", "reversed": "False", "length": 232.406, "access": null, "junction": null, "ref": null, "width": null, "est_width": null, "tunnel": null, "bridge": null, "service": null }, "geometry": { "type": "LineString", "coordinates": [ [ 2.1959149, 41.4513793 ], [ 2.1957049, 41.4517333 ], [ 2.1956566, 41.4518425 ], [ 2.1956038, 41.4519743 ], [ 2.1955656, 41.4520776 ], [ 2.1955195, 41.4522234 ], [ 2.1954757, 41.4523744 ], [ 2.1953675, 41.4528044 ], [ 2.1953031, 41.453021 ], [ 2.1952464, 41.4531443 ], [ 2.1951114, 41.4533713 ] ] } },
{ "type": "Feature", "properties": { "u": 323162210, "v": 318317456, "key": 0, "osmid": [ 1047603811, 99256707, 64953446, 44198003, 98789817 ], "oneway": true, "lanes": "2", "name": "Ronda de Dalt (Nus de la Trinitat)", "highway": "trunk", "maxspeed": "80", "reversed": "False", "length": 702.463, "access": "yes", "junction": null, "ref": "B-20", "width": null, "est_width": null, "tunnel": null, "bridge": "yes", "service": null }, "geometry": { "type": "LineString", "coordinates": [ [ 2.1968833, 41.4478314 ], [ 2.1970852, 41.4479368 ], [ 2.1971974, 41.4480033 ], [ 2.1973012, 41.4480799 ], [ 2.1974376, 41.448188 ], [ 2.1975006, 41.4482414 ], [ 2.197574, 41.4483113 ], [ 2.1976147, 41.4483579 ], [ 2.1976553, 41.4484038 ], [ 2.1976892, 41.4484451 ], [ 2.1977607, 41.4485451 ], [ 2.1978225, 41.448645 ], [ 2.1978739, 41.4487472 ], [ 2.1979151, 41.4488509 ], [ 2.197944, 41.4489459 ], [ 2.1979586, 41.4490305 ], [ 2.1979648, 41.4491209 ], [ 2.1979644, 41.4491949 ], [ 2.1979609, 41.4492494 ], [ 2.1979514, 41.4493068 ], [ 2.1979353, 41.449376 ], [ 2.1979215, 41.4494241 ], [ 2.1978987, 41.449486 ], [ 2.1978751, 41.4495406 ], [ 2.1978391, 41.4496088 ], [ 2.1977916, 41.4496832 ], [ 2.197749, 41.4497399 ], [ 2.1976885, 41.4498097 ], [ 2.1975981, 41.4498973 ], [ 2.1975146, 41.4499655 ], [ 2.1974097, 41.4500376 ], [ 2.1972796, 41.4501122 ], [ 2.1971505, 41.4501777 ], [ 2.1969319, 41.4502809 ], [ 2.196802, 41.4503467 ], [ 2.1967032, 41.4504005 ], [ 2.1965854, 41.4504686 ], [ 2.1964798, 41.4505375 ], [ 2.1963734, 41.4506134 ], [ 2.1962712, 41.4506951 ], [ 2.1961702, 41.4507829 ], [ 2.1960938, 41.4508583 ], [ 2.1960069, 41.4509508 ], [ 2.1959325, 41.45104 ], [ 2.1958764, 41.4511161 ], [ 2.1958047, 41.4512205 ], [ 2.1957411, 41.4513233 ], [ 2.1956838, 41.4514228 ], [ 2.1956321, 41.4515223 ], [ 2.1955851, 41.4516232 ], [ 2.1955418, 41.4517247 ], [ 2.1955005, 41.4518387 ], [ 2.1954682, 41.4519346 ], [ 2.1954391, 41.4520375 ], [ 2.1954147, 41.4521462 ], [ 2.1953986, 41.4522341 ], [ 2.1953607, 41.4524524 ], [ 2.1953075, 41.4527834 ], [ 2.1952851, 41.4528944 ], [ 2.1951865, 41.4531326 ] ] } },
{ "type": "Feature", "properties": { "u": 323162210, "v": 323160206, "key": 0, "osmid": "98789828", "oneway": true, "lanes": "1", "name": "Ronda de Dalt (Nus de la Trinitat)", "highway": "trunk", "maxspeed": "80", "reversed": "False", "length": 61.549, "access": null, "junction": null, "ref": "B-20", "width": null, "est_width": null, "tunnel": null, "bridge": null, "service": null }, "geometry": { "type": "LineString", "coordinates": [ [ 2.1968833, 41.4478314 ], [ 2.1970163, 41.4478898 ], [ 2.1971219, 41.4479367 ], [ 2.1971993, 41.4479774 ], [ 2.1973623, 41.448068 ], [ 2.1974927, 41.4481427 ] ] } },
{ "type": "Feature", "properties": { "u": 323165720, "v": 323161610, "key": 0, "osmid": [ 1047603809, 310478777, 114458470, 970114287 ], "oneway": true, "lanes": "1", "name": null, "highway": "trunk_link", "maxspeed": [ "40", "20" ], "reversed": "False", "length": 185.86, "access": null, "junction": null, "ref": null, "width": null, "est_width": null, "tunnel": "yes", "bridge": null, "service": null }, "geometry": { "type": "LineString", "coordinates": [ [ 2.1953219, 41.4474859 ], [ 2.1955145, 41.4474563 ], [ 2.1956507, 41.4474442 ], [ 2.1957951, 41.4474413 ], [ 2.195916, 41.4474393 ], [ 2.1960162, 41.447445 ], [ 2.1960872, 41.447451 ], [ 2.196172, 41.4474615 ], [ 2.1962472, 41.4474668 ], [ 2.1963046, 41.4474673 ], [ 2.1963887, 41.4474493 ], [ 2.196465, 41.4474115 ], [ 2.196515, 41.447363 ], [ 2.1965473, 41.4472932 ], [ 2.19655, 41.4472265 ], [ 2.1965325, 41.4471577 ], [ 2.1964934, 41.4470818 ], [ 2.1964367, 41.447011 ], [ 2.196353, 41.4469281 ], [ 2.196268, 41.4468553 ], [ 2.1962344, 41.4468303 ], [ 2.1961311, 41.4467344 ] ] } },
{ "type": "Feature", "properties": { "u": 323165720, "v": 323167456, "key": 0, "osmid": "131915191", "oneway": true, "lanes": "1", "name": null, "highway": "trunk_link", "maxspeed": "20", "reversed": "False", "length": 62.123, "access": null, "junction": null, "ref": "C-17;N-150", "width": null, "est_width": null, "tunnel": null, "bridge": null, "service": null }, "geometry": { "type": "LineString", "coordinates": [ [ 2.1953219, 41.4474859 ], [ 2.1954123, 41.4474572 ], [ 2.1954889, 41.4474254 ], [ 2.1955304, 41.4474021 ], [ 2.19557, 41.4473718 ], [ 2.1956015, 41.4473402 ], [ 2.195622, 41.4473051 ], [ 2.1956559, 41.4472336 ], [ 2.1956706, 41.4471891 ], [ 2.1956735, 41.4471579 ], [ 2.1956754, 41.4471284 ], [ 2.195664, 41.447051 ] ] } },
{ "type": "Feature", "properties": { "u": 323168834, "v": 319631021, "key": 0, "osmid": [ 100553200, 100553193 ], "oneway": true, "lanes": "4", "name": "Avinguda Meridiana", "highway": "primary", "maxspeed": "50", "reversed": "False", "length": 147.236, "access": null, "junction": null, "ref": "C-33", "width": null, "est_width": null, "tunnel": null, "bridge": null, "service": null }, "geometry": { "type": "LineString", "coordinates": [ [ 2.1868586, 41.4440231 ], [ 2.1868928, 41.444138 ], [ 2.1869848, 41.4444167 ], [ 2.1870866, 41.4447716 ], [ 2.1872659, 41.4453114 ] ] } },
{ "type": "Feature", "properties": { "u": 323168835, "v": 2936643034, "key": 0, "osmid": "100553194", "oneway": true, "lanes": "4", "name": "Avinguda Meridiana", "highway": "primary", "maxspeed": "50", "reversed": "False", "length": 96.277, "access": null, "junction": null, "ref": null, "width": null, "est_width": null, "tunnel": null, "bridge": null, "service": null }, "geometry": { "type": "LineString", "coordinates": [ [ 2.1866218, 41.4439719 ], [ 2.1864026, 41.4432921 ], [ 2.1863569, 41.4431292 ] ] } },
{ "type": "Feature", "properties": { "u": 323169032, "v": 2936643034, "key": 0, "osmid": "290137835", "oneway": true, "lanes": "1", "name": "Plaça de Can Dragó", "highway": "primary_link", "maxspeed": null, "reversed": "False", "length": 51.966, "access": "no", "junction": null, "ref": null, "width": null, "est_width": null, "tunnel": null, "bridge": null, "service": null }, "geometry": { "type": "LineString", "coordinates": [ [ 2.1861779, 41.4435699 ], [ 2.1861844, 41.4434845 ], [ 2.186197, 41.4434152 ], [ 2.1862518, 41.4432746 ], [ 2.1863569, 41.4431292 ] ] } },
{ "type": "Feature", "properties": { "u": 323190992, "v": 255620227, "key": 0, "osmid": [ 1395147168, 645744134, 1168893386, 120332972, 806125840, 29382772, 297820824, 119503615 ], "oneway": false, "lanes": [ "2", "3", "5" ], "name": "Túnel de Vallvidrera", "highway": "trunk", "maxspeed": "80", "reversed": [ false, true ], "length": 3005.41, "access": null, "junction": null, "ref": "C-16", "width": "12", "est_width": null, "tunnel": "yes", "bridge": null, "service": null }, "geometry": { "type": "LineString", "coordinates": [ [ 2.1160349, 41.4059947 ], [ 2.1156058, 41.406196 ], [ 2.1154994, 41.4062398 ], [ 2.1150742, 41.4064149 ], [ 2.1150597, 41.4064209 ], [ 2.1147061, 41.4065727 ], [ 2.1144007, 41.4066627 ], [ 2.1139616, 41.4067687 ], [ 2.1127219, 41.4070799 ], [ 2.1100222, 41.4076999 ], [ 2.1081861, 41.4084292 ], [ 2.1068694, 41.4091635 ], [ 2.1058205, 41.4098965 ], [ 2.1045933, 41.4110616 ], [ 2.1039384, 41.4119155 ], [ 2.1033889, 41.412824 ], [ 2.1016471, 41.4154689 ], [ 2.0999779, 41.4171195 ], [ 2.0985732, 41.4181592 ], [ 2.096993, 41.4193374 ], [ 2.0955096, 41.4209316 ], [ 2.0946943, 41.4217522 ], [ 2.0946724, 41.4217771 ], [ 2.0943962, 41.4220911 ], [ 2.094173, 41.4223481 ], [ 2.0938688, 41.4227466 ], [ 2.0935049, 41.4232233 ], [ 2.0933608, 41.4234392 ], [ 2.093152, 41.4237514 ], [ 2.0929636, 41.4240476 ], [ 2.0926951, 41.424494 ], [ 2.0923555, 41.4250201 ] ] } },
{ "type": "Feature", "properties": { "u": 323190992, "v": 981699961, "key": 0, "osmid": [ 236228235, 29418949, 1395147166, 29418951 ], "oneway": false, "lanes": "4", "name": null, "highway": "trunk", "maxspeed": "70", "reversed": "True", "length": 386.251, "access": null, "junction": null, "ref": "C-16", "width": "12", "est_width": null, "tunnel": "yes", "bridge": null, "service": null }, "geometry": { "type": "LineString", "coordinates": [ [ 2.1160349, 41.4059947 ], [ 2.1161202, 41.4059459 ], [ 2.1162055, 41.405897 ], [ 2.1163835, 41.4057875 ], [ 2.1166758, 41.4055751 ], [ 2.1168454, 41.4054521 ], [ 2.1171268, 41.4052257 ], [ 2.1174338, 41.4049685 ], [ 2.1174612, 41.4049456 ], [ 2.1181483, 41.4042383 ], [ 2.1187377, 41.4036314 ], [ 2.1190095, 41.4033515 ] ] } },
{ "type": "Feature", "properties": { "u": 323190992, "v": 362468438, "key": 0, "osmid": "32121242", "oneway": true, "lanes": "1", "name": null, "highway": "trunk_link", "maxspeed": "50", "reversed": "False", "length": 51.545, "access": null, "junction": null, "ref": null, "width": null, "est_width": null, "tunnel": null, "bridge": null, "service": null }, "geometry": { "type": "LineString", "coordinates": [ [ 2.1160349, 41.4059947 ], [ 2.1161309, 41.4058722 ], [ 2.1162472, 41.4057662 ], [ 2.1164222, 41.405637 ] ] } },
{ "type": "Feature", "properties": { "u": 323191073, "v": 12914037675, "key": 0, "osmid": "144967400", "oneway": true, "lanes": "3", "name": "Via Augusta", "highway": "primary", "maxspeed": "50", "reversed": "False", "length": 118.615, "access": null, "junction": null, "ref": null, "width": "9", "est_width": null, "tunnel": null, "bridge": null, "service": null }, "geometry": { "type": "LineString", "coordinates": [ [ 2.1251436, 41.3988323 ], [ 2.1252524, 41.3987117 ], [ 2.125329, 41.3986504 ], [ 2.1254291, 41.3985786 ], [ 2.125535, 41.3984954 ], [ 2.1255634, 41.3984743 ], [ 2.1258894, 41.3982514 ], [ 2.1260411, 41.3981535 ], [ 2.1261595, 41.3980935 ] ] } },
{ "type": "Feature", "properties": { "u": 323191073, "v": 1771982098, "key": 0, "osmid": [ 872779932, 67808853, 872779933 ], "oneway": false, "lanes": "5", "name": "Via Augusta", "highway": "primary", "maxspeed": "50", "reversed": "False", "length": 95.514, "access": null, "junction": null, "ref": null, "width": "15", "est_width": null, "tunnel": null, "bridge": null, "service": null }, "geometry": { "type": "LineString", "coordinates": [ [ 2.1251436, 41.3988323 ], [ 2.1250019, 41.3989319 ], [ 2.1246022, 41.3992202 ], [ 2.1243968, 41.3993684 ], [ 2.1243163, 41.3994262 ] ] } },
{ "type": "Feature", "properties": { "u": 323191074, "v": 1584415339, "key": 0, "osmid": "29418898", "oneway": true, "lanes": "2", "name": "Via Augusta", "highway": "primary_link", "maxspeed": "50", "reversed": "False", "length": 11.982, "access": null, "junction": null, "ref": null, "width": "6", "est_width": null, "tunnel": null, "bridge": null, "service": null }, "geometry": { "type": "LineString", "coordinates": [ [ 2.1254663, 41.3986943 ], [ 2.125365, 41.3987707 ] ] } },
{ "type": "Feature", "properties": { "u": 323191074, "v": 3172138419, "key": 0, "osmid": "208607553", "oneway": true, "lanes": "2", "name": "Via Augusta", "highway": "primary", "maxspeed": "50", "reversed": "False", "length": 11.832, "access": null, "junction": null, "ref": null, "width": null, "est_width": null, "tunnel": null, "bridge": null, "service": null }, "geometry": { "type": "LineString", "coordinates": [ [ 2.1254663, 41.3986943 ], [ 2.1253456, 41.3987502 ] ] } },
{ "type": "Feature", "properties": { "u": 323191078, "v": 7223673629, "key": 0, "osmid": "146278249", "oneway": false, "lanes": "5", "name": "Via Augusta", "highway": "primary", "maxspeed": "50", "reversed": "False", "length": 20.278, "access": null, "junction": null, "ref": null, "width": "13", "est_width": null, "tunnel": null, "bridge": null, "service": null }, "geometry": { "type": "LineString", "coordinates": [ [ 2.1281544, 41.3977774 ], [ 2.1279113, 41.3977793 ] ] } },
{ "type": "Feature", "properties": { "u": 323191078, "v": 692807420, "key": 0, "osmid": "308378768", "oneway": false, "lanes": "4", "name": "Via Augusta", "highway": "primary", "maxspeed": "50", "reversed": "True", "length": 69.727, "access": null, "junction": null, "ref": null, "width": "13", "est_width": null, "tunnel": null, "bridge": null, "service": null }, "geometry": { "type": "LineString", "coordinates": [ [ 2.1281544, 41.3977774 ], [ 2.1285239, 41.3977676 ], [ 2.1285619, 41.3977669 ], [ 2.1287537, 41.3977634 ], [ 2.12899, 41.3977665 ] ] } },
{ "type": "Feature", "properties": { "u": 324230919, "v": 981747078, "key": 0, "osmid": "29418916", "oneway": true, "lanes": "1", "name": null, "highway": "trunk_link", "maxspeed": "50", "reversed": "False", "length": 110.913, "access": null, "junction": null, "ref": null, "width": null, "est_width": null, "tunnel": null, "bridge": null, "service": null }, "geometry": { "type": "LineString", "coordinates": [ [ 2.1179732, 41.4049135 ], [ 2.117913, 41.4049539 ], [ 2.1178433, 41.4049907 ], [ 2.1177593, 41.4050237 ], [ 2.1176196, 41.4050786 ], [ 2.1174432, 41.405183 ], [ 2.1171412, 41.4054252 ], [ 2.1170351, 41.4054814 ], [ 2.1169374, 41.4055263 ] ] } },
{ "type": "Feature", "properties": { "u": 324230919, "v": 324230922, "key": 0, "osmid": "550454014", "oneway": true, "lanes": "5", "name": "Plaça de Borràs", "highway": "primary", "maxspeed": "50", "reversed": "False", "length": 68.144, "access": "yes", "junction": "circular", "ref": null, "width": "11", "est_width": null, "tunnel": null, "bridge": null, "service": null }, "geometry": { "type": "LineString", "coordinates": [ [ 2.1179732, 41.4049135 ], [ 2.1178652, 41.4049228 ], [ 2.1177911, 41.4049178 ], [ 2.1177152, 41.4049019 ], [ 2.1176458, 41.4048738 ], [ 2.1175864, 41.4048349 ], [ 2.1175399, 41.4047871 ], [ 2.1175088, 41.4047328 ], [ 2.1174987, 41.4046965 ], [ 2.1174996, 41.4046242 ], [ 2.1175196, 41.4045554 ] ] } },
{ "type": "Feature", "properties": { "u": 324230922, "v": 324230925, "key": 0, "osmid": "537778390", "oneway": true, "lanes": "5", "name": "Plaça de Borràs", "highway": "primary", "maxspeed": "50", "reversed": "False", "length": 24.436, "access": "yes", "junction": "circular", "ref": null, "width": "11", "est_width": null, "tunnel": null, "bridge": null, "service": null }, "geometry": { "type": "LineString", "coordinates": [ [ 2.1175196, 41.4045554 ], [ 2.1175476, 41.4045145 ], [ 2.1176019, 41.4044648 ], [ 2.1176295, 41.4044463 ], [ 2.1176699, 41.4044251 ], [ 2.1177253, 41.4044084 ] ] } },
{ "type": "Feature", "properties": { "u": 324230922, "v": 568847323, "key": 0, "osmid": [ 450219491, 1396170126 ], "oneway": true, "lanes": "2", "name": "Carrer del General Vives", "highway": "primary", "maxspeed": "50", "reversed": "False", "length": 48.081, "access": null, "junction": null, "ref": null, "width": null, "est_width": null, "tunnel": null, "bridge": null, "service": null }, "geometry": { "type": "LineString", "coordinates": [ [ 2.1175196, 41.4045554 ], [ 2.1174129, 41.4044381 ], [ 2.1173947, 41.40442 ], [ 2.1173855, 41.4044109 ], [ 2.1173764, 41.4044018 ], [ 2.1172737, 41.4042997 ], [ 2.1171797, 41.4042063 ] ] } },
{ "type": "Feature", "properties": { "u": 324230925, "v": 981699926, "key": 0, "osmid": "29418893", "oneway": true, "lanes": "5", "name": "Plaça de Borràs", "highway": "primary", "maxspeed": "50", "reversed": "False", "length": 57.833, "access": "yes", "junction": "circular", "ref": null, "width": "11", "est_width": null, "tunnel": null, "bridge": null, "service": null }, "geometry": { "type": "LineString", "coordinates": [ [ 2.1177253, 41.4044084 ], [ 2.1177724, 41.4043955 ], [ 2.1178186, 41.4043924 ], [ 2.1178904, 41.4043919 ], [ 2.1179915, 41.4044129 ], [ 2.11808, 41.4044552 ], [ 2.1181481, 41.4045151 ], [ 2.1181784, 41.4045552 ], [ 2.1182014, 41.4046655 ] ] } },
{ "type": "Feature", "properties": { "u": 324230925, "v": 2540121494, "key": 0, "osmid": [ 871757027, 29418900 ], "oneway": true, "lanes": "1", "name": "Via Augusta", "highway": "primary_link", "maxspeed": "50", "reversed": "False", "length": 97.988, "access": null, "junction": null, "ref": null, "width": "4", "est_width": null, "tunnel": null, "bridge": null, "service": null }, "geometry": { "type": "LineString", "coordinates": [ [ 2.1177253, 41.4044084 ], [ 2.1178731, 41.4042968 ], [ 2.1180469, 41.4041576 ], [ 2.118115, 41.4041011 ], [ 2.1183315, 41.4039129 ], [ 2.1185007, 41.4037475 ] ] } },
{ "type": "Feature", "properties": { "u": 330414111, "v": 692807422, "key": 0, "osmid": "308378771", "oneway": false, "lanes": "4", "name": "Via Augusta", "highway": "primary", "maxspeed": "50", "reversed": "False", "length": 36.762, "access": null, "junction": null, "ref": null, "width": "13", "est_width": null, "tunnel": null, "bridge": null, "service": null }, "geometry": { "type": "LineString", "coordinates": [ [ 2.1301551, 41.3977661 ], [ 2.1300787, 41.3977655 ], [ 2.1297748, 41.397763 ], [ 2.1297144, 41.3977638 ] ] } },
{ "type": "Feature", "properties": { "u": 330414111, "v": 330414226, "key": 0, "osmid": "308378772", "oneway": false, "lanes": "4", "name": "Via Augusta", "highway": "primary", "maxspeed": "50", "reversed": "True", "length": 144.545, "access": null, "junction": null, "ref": null, "width": "13", "est_width": null, "tunnel": null, "bridge": null, "service": null }, "geometry": { "type": "LineString", "coordinates": [ [ 2.1301551, 41.3977661 ], [ 2.1303805, 41.3977679 ], [ 2.1304328, 41.3977682 ], [ 2.1312539, 41.3977734 ], [ 2.1314757, 41.3977748 ], [ 2.1315069, 41.3977757 ], [ 2.1315419, 41.3977759 ], [ 2.1318879, 41.397772 ] ] } },
{ "type": "Feature", "properties": { "u": 330414226, "v": 330414111, "key": 0, "osmid": "308378772", "oneway": false, "lanes": "4", "name": "Via Augusta", "highway": "primary", "maxspeed": "50", "reversed": "False", "length": 144.545, "access": null, "junction": null, "ref": null, "width": "13", "est_width": null, "tunnel": null, "bridge": null, "service": null }, "geometry": { "type": "LineString", "coordinates": [ [ 2.1318879, 41.397772 ], [ 2.1315419, 41.3977759 ], [ 2.1315069, 41.3977757 ], [ 2.1314757, 41.3977748 ], [ 2.1312539, 41.3977734 ], [ 2.1304328, 41.3977682 ], [ 2.1303805, 41.3977679 ], [ 2.1301551, 41.3977661 ] ] } },
{ "type": "Feature", "properties": { "u": 330414226, "v": 1116623856, "key": 0, "osmid": [ 902155401, 902154887 ], "oneway": false, "lanes": "4", "name": "Via Augusta", "highway": "primary", "maxspeed": "50", "reversed": "True", "length": 73.354, "access": null, "junction": null, "ref": null, "width": "13", "est_width": null, "tunnel": null, "bridge": null, "service": null }, "geometry": { "type": "LineString", "coordinates": [ [ 2.1318879, 41.397772 ], [ 2.1319483, 41.3977707 ], [ 2.132014, 41.3977708 ], [ 2.132203, 41.3977709 ], [ 2.1325074, 41.3977733 ], [ 2.1325383, 41.3977738 ], [ 2.1325691, 41.3977742 ], [ 2.1327672, 41.3977701 ] ] } },
{ "type": "Feature", "properties": { "u": 330414541, "v": 2914411511, "key": 0, "osmid": "313235647", "oneway": true, "lanes": "2", "name": "Carrer de les Escoles Pies", "highway": "primary_link", "maxspeed": "50", "reversed": "False", "length": 15.709, "access": null, "junction": null, "ref": null, "width": null, "est_width": null, "tunnel": null, "bridge": null, "service": null }, "geometry": { "type": "LineString", "coordinates": [ [ 2.1331328, 41.398312 ], [ 2.1333191, 41.3983327 ] ] } },
{ "type": "Feature", "properties": { "u": 330414541, "v": 1116623856, "key": 0, "osmid": [ 902154884, 313235646 ], "oneway": true, "lanes": "3", "name": "Ronda del General Mitre", "highway": "primary", "maxspeed": "50", "reversed": "False", "length": 67.642, "access": null, "junction": null, "ref": null, "width": null, "est_width": null, "tunnel": null, "bridge": null, "service": null }, "geometry": { "type": "LineString", "coordinates": [ [ 2.1331328, 41.398312 ], [ 2.1328691, 41.3979531 ], [ 2.1328474, 41.3979205 ], [ 2.1328103, 41.3978581 ], [ 2.1327672, 41.3977701 ] ] } },
{ "type": "Feature", "properties": { "u": 330417407, "v": 981699926, "key": 0, "osmid": "238862120", "oneway": true, "lanes": "1", "name": "Via Augusta", "highway": "primary_link", "maxspeed": "50", "reversed": "False", "length": 376.618, "access": null, "junction": null, "ref": null, "width": "4", "est_width": null, "tunnel": null, "bridge": null, "service": null }, "geometry": { "type": "LineString", "coordinates": [ [ 2.1209863, 41.4020931 ], [ 2.1209235, 41.4021232 ], [ 2.1203376, 41.4024043 ], [ 2.1198948, 41.4026855 ], [ 2.1196765, 41.402842 ], [ 2.1193255, 41.4031644 ], [ 2.1192525, 41.4032376 ], [ 2.1191209, 41.4033697 ], [ 2.1190509, 41.40344 ], [ 2.1188181, 41.4037112 ], [ 2.1186064, 41.4039624 ], [ 2.1184846, 41.4041341 ], [ 2.118391, 41.4042728 ], [ 2.1183021, 41.4044658 ], [ 2.1182906, 41.4044919 ], [ 2.1182014, 41.4046655 ] ] } },
{ "type": "Feature", "properties": { "u": 330419120, "v": 243586483, "key": 0, "osmid": [ 54856700, 30014917, 54856678, 30014919 ], "oneway": true, "lanes": "3", "name": "Ronda de Dalt", "highway": "trunk", "maxspeed": "80", "reversed": "False", "length": 539.201, "access": null, "junction": null, "ref": "B-20", "width": null, "est_width": null, "tunnel": "yes", "bridge": null, "service": null }, "geometry": { "type": "LineString", "coordinates": [ [ 2.1071906, 41.3889103 ], [ 2.1068714, 41.3882534 ], [ 2.1059391, 41.3869691 ], [ 2.104844, 41.3857363 ], [ 2.1044461, 41.3852856 ], [ 2.1041561, 41.3849715 ], [ 2.1039371, 41.3847407 ] ] } },
{ "type": "Feature", "properties": { "u": 340195871, "v": 1012330330, "key": 0, "osmid": [ 1395746245, 243598397 ], "oneway": true, "lanes": "4", "name": "Carrer de Numància", "highway": "primary", "maxspeed": "50", "reversed": "False", "length": 214.671, "access": null, "junction": null, "ref": null, "width": "9", "est_width": null, "tunnel": null, "bridge": null, "service": null }, "geometry": { "type": "LineString", "coordinates": [ [ 2.1402489, 41.3821925 ], [ 2.1403169, 41.38214 ], [ 2.1403506, 41.3821132 ], [ 2.1413554, 41.3813145 ], [ 2.1414222, 41.3812614 ], [ 2.141598, 41.3811217 ], [ 2.1418057, 41.3809566 ], [ 2.1418387, 41.3809302 ], [ 2.1418658, 41.3809111 ], [ 2.142038, 41.380807 ] ] } },
{ "type": "Feature", "properties": { "u": 347712604, "v": 243341360, "key": 0, "osmid": [ 560779047, 18521161, 560779054, 1394468633, 1394468634 ], "oneway": true, "lanes": [ "3", "2" ], "name": "Ronda Litoral", "highway": "trunk", "maxspeed": "80", "reversed": "False", "length": 1217.309, "access": null, "junction": null, "ref": "B-10", "width": null, "est_width": null, "tunnel": "yes", "bridge": null, "service": null }, "geometry": { "type": "LineString", "coordinates": [ [ 2.2058124, 41.3949372 ], [ 2.2060087, 41.3950879 ], [ 2.2062169, 41.3952374 ], [ 2.2069159, 41.3958031 ], [ 2.2074018, 41.3962264 ], [ 2.2076344, 41.3964518 ], [ 2.207839, 41.396673 ], [ 2.208089, 41.3969692 ], [ 2.2083054, 41.3972738 ], [ 2.2086018, 41.3977684 ], [ 2.2089167, 41.3982907 ], [ 2.2092897, 41.3989228 ], [ 2.2097434, 41.3995099 ], [ 2.20983, 41.3995948 ], [ 2.2101404, 41.3999193 ], [ 2.2104535, 41.4001957 ], [ 2.2109854, 41.4006034 ], [ 2.2112061, 41.400771 ], [ 2.2128199, 41.4019716 ], [ 2.2147712, 41.4034429 ] ] } },
{ "type": "Feature", "properties": { "u": 347712613, "v": 30253310, "key": 0, "osmid": [ 1394474278, 31266892, 31266893, 31266894 ], "oneway": true, "lanes": [ "1", "2" ], "name": null, "highway": "trunk_link", "maxspeed": "50", "reversed": "False", "length": 424.463, "access": null, "junction": null, "ref": null, "width": null, "est_width": null, "tunnel": null, "bridge": "yes", "service": null }, "geometry": { "type": "LineString", "coordinates": [ [ 2.2020047, 41.3920896 ], [ 2.2022077, 41.3921813 ], [ 2.20234, 41.3922594 ], [ 2.2025103, 41.3923609 ], [ 2.2026642, 41.3924658 ], [ 2.2029933, 41.3926987 ], [ 2.2032167, 41.3928685 ], [ 2.2034118, 41.3930116 ], [ 2.2037344, 41.3932555 ], [ 2.2039822, 41.393442 ], [ 2.2041417, 41.3935566 ], [ 2.2042179, 41.3936117 ], [ 2.204266, 41.3936439 ], [ 2.2044045, 41.3937287 ], [ 2.2045866, 41.3938287 ], [ 2.2047535, 41.3939112 ], [ 2.2049153, 41.3939971 ], [ 2.2050384, 41.3940714 ], [ 2.2051528, 41.3941469 ], [ 2.2052687, 41.394225 ], [ 2.2053809, 41.3943098 ], [ 2.2054633, 41.3943768 ], [ 2.2055026, 41.3944087 ], [ 2.2056243, 41.3945142 ], [ 2.20565, 41.3945361 ], [ 2.2056705, 41.3945497 ], [ 2.2057863, 41.3946265 ] ] } },
{ "type": "Feature", "properties": { "u": 347712613, "v": 347712604, "key": 0, "osmid": [ 1394468632, 1394468625, 1394468634, 18521071 ], "oneway": true, "lanes": "2", "name": "Ronda Litoral", "highway": "trunk", "maxspeed": "80", "reversed": "False", "length": 448.497, "access": null, "junction": null, "ref": "B-10", "width": null, "est_width": null, "tunnel": null, "bridge": null, "service": null }, "geometry": { "type": "LineString", "coordinates": [ [ 2.2020047, 41.3920896 ], [ 2.2023572, 41.3923546 ], [ 2.2025783, 41.3925209 ], [ 2.2039512, 41.3935532 ], [ 2.204368, 41.3938637 ], [ 2.2048162, 41.3941975 ], [ 2.205435, 41.3946584 ], [ 2.2054805, 41.3946923 ], [ 2.2058124, 41.3949372 ] ] } },
{ "type": "Feature", "properties": { "u": 347712642, "v": 347712657, "key": 0, "osmid": [ 31266896, 31266897 ], "oneway": true, "lanes": "1", "name": null, "highway": "trunk_link", "maxspeed": null, "reversed": "False", "length": 365.389, "access": null, "junction": null, "ref": null, "width": null, "est_width": null, "tunnel": "yes", "bridge": null, "service": null }, "geometry": { "type": "LineString", "coordinates": [ [ 2.2071068, 41.3961626 ], [ 2.2056935, 41.3952109 ], [ 2.2047332, 41.3944879 ], [ 2.2044991, 41.3943159 ], [ 2.2042687, 41.3941664 ], [ 2.2041018, 41.3940548 ], [ 2.2038906, 41.393935 ] ] } },
{ "type": "Feature", "properties": { "u": 347712642, "v": 347712663, "key": 0, "osmid": [ 1394468635, 1394468636, 1394468628, 1394468631 ], "oneway": true, "lanes": "2", "name": "Ronda Litoral", "highway": "trunk", "maxspeed": "80", "reversed": "False", "length": 332.297, "access": null, "junction": null, "ref": "B-10", "width": null, "est_width": null, "tunnel": "yes", "bridge": null, "service": null }, "geometry": { "type": "LineString", "coordinates": [ [ 2.2071068, 41.3961626 ], [ 2.2064368, 41.395602 ], [ 2.2059075, 41.3951556 ], [ 2.2052295, 41.3946491 ], [ 2.2043603, 41.3939997 ] ] } },
{ "type": "Feature", "properties": { "u": 347712660, "v": 347712663, "key": 0, "osmid": "31266898", "oneway": true, "lanes": "1", "name": null, "highway": "trunk_link", "maxspeed": "80", "reversed": "False", "length": 230.518, "access": null, "junction": null, "ref": null, "width": null, "est_width": null, "tunnel": null, "bridge": null, "service": null }, "geometry": { "type": "LineString", "coordinates": [ [ 2.2061652, 41.3955396 ], [ 2.20617, 41.3955081 ], [ 2.2061604, 41.3954775 ], [ 2.2061352, 41.3954513 ], [ 2.206061, 41.3953951 ], [ 2.2056716, 41.3951063 ], [ 2.2052863, 41.394816 ], [ 2.2049018, 41.3945275 ], [ 2.2046838, 41.3943632 ], [ 2.2046132, 41.3943044 ], [ 2.204476, 41.3941521 ], [ 2.2043603, 41.3939997 ] ] } },
{ "type": "Feature", "properties": { "u": 347712663, "v": 1401857392, "key": 0, "osmid": [ 18524460, 1394468623, 1394468629, 18524630, 1394468630 ], "oneway": true, "lanes": [ "3", "2" ], "name": "Ronda Litoral", "highway": "trunk", "maxspeed": "80", "reversed": "False", "length": 1126.594, "access": null, "junction": null, "ref": "B-10", "width": null, "est_width": null, "tunnel": "yes", "bridge": null, "service": null }, "geometry": { "type": "LineString", "coordinates": [ [ 2.2043603, 41.3939997 ], [ 2.2041682, 41.3938562 ], [ 2.2041563, 41.3938473 ], [ 2.2035912, 41.3934281 ], [ 2.2035075, 41.393366 ], [ 2.2034291, 41.3933087 ], [ 2.2031343, 41.3930858 ], [ 2.2030285, 41.3930058 ], [ 2.2022516, 41.3924229 ], [ 2.2006634, 41.3912602 ], [ 2.1951182, 41.3870921 ], [ 2.1950038, 41.3870061 ], [ 2.194794, 41.3868484 ] ] } },
{ "type": "Feature", "properties": { "u": 347718255, "v": 347712642, "key": 0, "osmid": [ 18524608, 310929483, 1394468637 ], "oneway": true, "lanes": "2", "name": "Ronda Litoral", "highway": "trunk", "maxspeed": "80", "reversed": "False", "length": 952.363, "access": null, "junction": null, "ref": "B-10", "width": null, "est_width": null, "tunnel": "yes", "bridge": null, "service": null }, "geometry": { "type": "LineString", "coordinates": [ [ 2.2138911, 41.4029474 ], [ 2.2127029, 41.4020461 ], [ 2.2108172, 41.4006218 ], [ 2.2104355, 41.4003321 ], [ 2.2101032, 41.400042 ], [ 2.2097026, 41.3996456 ], [ 2.209603, 41.3995351 ], [ 2.2095033, 41.3994246 ], [ 2.2091764, 41.3990171 ], [ 2.20892, 41.3986864 ], [ 2.2084499, 41.3978622 ], [ 2.2077237, 41.3968334 ], [ 2.2074293, 41.3964627 ], [ 2.2072965, 41.3963296 ], [ 2.2071068, 41.3961626 ] ] } },
{ "type": "Feature", "properties": { "u": 356295242, "v": 126769416, "key": 0, "osmid": [ 830793049, 830793051, 58717691 ], "oneway": true, "lanes": "5", "name": "Plaça de Pius XII", "highway": "primary_link", "maxspeed": "50", "reversed": "False", "length": 55.165, "access": null, "junction": "circular", "ref": null, "width": null, "est_width": null, "tunnel": null, "bridge": null, "service": null }, "geometry": { "type": "LineString", "coordinates": [ [ 2.1221267, 41.3874859 ], [ 2.1220918, 41.3874129 ], [ 2.1220754, 41.3873364 ], [ 2.1220692, 41.3873054 ], [ 2.1220585, 41.3872326 ], [ 2.1220567, 41.3871664 ], [ 2.1220679, 41.3871104 ], [ 2.1221093, 41.3870011 ] ] } },
{ "type": "Feature", "properties": { "u": 356295256, "v": 378214322, "key": 0, "osmid": "554934622", "oneway": true, "lanes": "4", "name": "Plaça de Pius XII", "highway": "primary_link", "maxspeed": "50", "reversed": "False", "length": 26.384, "access": null, "junction": "circular", "ref": null, "width": null, "est_width": null, "tunnel": null, "bridge": null, "service": null }, "geometry": { "type": "LineString", "coordinates": [ [ 2.1225038, 41.3866964 ], [ 2.1225539, 41.3866936 ], [ 2.1226788, 41.3866848 ], [ 2.1228191, 41.3866913 ] ] } },
{ "type": "Feature", "properties": { "u": 356295267, "v": 2126571874, "key": 0, "osmid": [ 129216260, 295288862, 34054311 ], "oneway": true, "lanes": "3", "name": "Avinguda Diagonal (lateral mar)", "highway": "primary_link", "maxspeed": "50", "reversed": "False", "length": 332.271, "access": null, "junction": null, "ref": null, "width": null, "est_width": null, "tunnel": null, "bridge": null, "service": null }, "geometry": { "type": "LineString", "coordinates": [ [ 2.1233337, 41.3870753 ], [ 2.1236192, 41.3871464 ], [ 2.1246126, 41.3873964 ], [ 2.1248057, 41.3874449 ], [ 2.1250868, 41.3875155 ], [ 2.1251457, 41.3875304 ], [ 2.1252401, 41.3875541 ], [ 2.1256492, 41.3876576 ], [ 2.1258596, 41.3877108 ], [ 2.1259552, 41.387735 ], [ 2.1264782, 41.3878672 ], [ 2.1265763, 41.3878923 ], [ 2.1268104, 41.3879538 ], [ 2.1268641, 41.387968 ], [ 2.1269807, 41.3879988 ], [ 2.1271071, 41.3880315 ] ] } },
{ "type": "Feature", "properties": { "u": 356295267, "v": 681936376, "key": 0, "osmid": "542503077", "oneway": true, "lanes": "3", "name": "Plaça de Pius XII", "highway": "primary_link", "maxspeed": "50", "reversed": "False", "length": 25.81, "access": null, "junction": "circular", "ref": null, "width": null, "est_width": null, "tunnel": null, "bridge": null, "service": null }, "geometry": { "type": "LineString", "coordinates": [ [ 2.1233337, 41.3870753 ], [ 2.1233403, 41.3871425 ], [ 2.1233388, 41.3871628 ], [ 2.1233358, 41.3871752 ], [ 2.1233069, 41.3873052 ] ] } },
{ "type": "Feature", "properties": { "u": 356295277, "v": 356295242, "key": 0, "osmid": "542503072", "oneway": true, "lanes": "5", "name": "Plaça de Pius XII", "highway": "primary_link", "maxspeed": "50", "reversed": "False", "length": 44.749, "access": null, "junction": "circular", "ref": null, "width": null, "est_width": null, "tunnel": null, "bridge": null, "service": null }, "geometry": { "type": "LineString", "coordinates": [ [ 2.1225318, 41.3877211 ], [ 2.1223628, 41.3876845 ], [ 2.1222495, 41.3876245 ], [ 2.1221267, 41.3874859 ] ] } },
{ "type": "Feature", "properties": { "u": 358505175, "v": 9029647979, "key": 0, "osmid": [ 975794528, 31989374 ], "oneway": true, "lanes": "1", "name": null, "highway": "trunk_link", "maxspeed": "80", "reversed": "False", "length": 240.181, "access": null, "junction": null, "ref": "9", "width": null, "est_width": null, "tunnel": "yes", "bridge": null, "service": null }, "geometry": { "type": "LineString", "coordinates": [ [ 2.1144839, 41.4013226 ], [ 2.1146656, 41.4015623 ], [ 2.1148172, 41.4017187 ], [ 2.1152544, 41.402117 ], [ 2.1154475, 41.4023001 ], [ 2.1158024, 41.4026349 ], [ 2.1159077, 41.4027282 ], [ 2.1159228, 41.4027428 ], [ 2.1160158, 41.402824 ], [ 2.1160892, 41.4029079 ], [ 2.1161329, 41.4029859 ], [ 2.1161677, 41.4030626 ] ] } },
{ "type": "Feature", "properties": { "u": 359236628, "v": 330419120, "key": 0, "osmid": "32024073", "oneway": true, "lanes": null, "name": null, "highway": "trunk_link", "maxspeed": null, "reversed": "False", "length": 288.605, "access": null, "junction": null, "ref": null, "width": null, "est_width": null, "tunnel": null, "bridge": null, "service": null }, "geometry": { "type": "LineString", "coordinates": [ [ 2.1071359, 41.39044 ], [ 2.1072726, 41.3904643 ], [ 2.1077239, 41.390752 ], [ 2.1078067, 41.3907506 ], [ 2.1078922, 41.390719 ], [ 2.1079401, 41.3906651 ], [ 2.1079314, 41.3905594 ], [ 2.1074885, 41.3896759 ], [ 2.1071906, 41.3889103 ] ] } },
{ "type": "Feature", "properties": { "u": 359239036, "v": 208696479, "key": 0, "osmid": "54856703", "oneway": true, "lanes": "1", "name": null, "highway": "trunk_link", "maxspeed": "80", "reversed": "False", "length": 223.191, "access": "yes", "junction": null, "ref": null, "width": null, "est_width": null, "tunnel": null, "bridge": null, "service": null }, "geometry": { "type": "LineString", "coordinates": [ [ 2.108319, 41.3905001 ], [ 2.1083504, 41.3906228 ], [ 2.1085306, 41.3909643 ], [ 2.1087665, 41.3914254 ], [ 2.1088742, 41.3916347 ], [ 2.108973, 41.3918708 ], [ 2.1090069, 41.3919495 ], [ 2.1090293, 41.3920025 ], [ 2.1090922, 41.3922034 ], [ 2.1091445, 41.3924042 ] ] } },
{ "type": "Feature", "properties": { "u": 360506732, "v": 5759228087, "key": 0, "osmid": [ 917413773, 818786135 ], "oneway": true, "lanes": "1", "name": null, "highway": "trunk_link", "maxspeed": "50", "reversed": "False", "length": 105.24, "access": null, "junction": null, "ref": null, "width": null, "est_width": null, "tunnel": "yes", "bridge": null, "service": null }, "geometry": { "type": "LineString", "coordinates": [ [ 2.1170528, 41.4051383 ], [ 2.117281, 41.4049396 ], [ 2.1173693, 41.4048357 ], [ 2.1174177, 41.4047525 ], [ 2.1174293, 41.4046334 ], [ 2.1174157, 41.4045379 ], [ 2.1173667, 41.404422 ], [ 2.1173239, 41.4043637 ], [ 2.1172759, 41.4043077 ] ] } },
{ "type": "Feature", "properties": { "u": 360506732, "v": 981699952, "key": 0, "osmid": [ 84503331, 120332970, 917413774, 1411674260, 1411674261 ], "oneway": true, "lanes": "1", "name": null, "highway": "trunk_link", "maxspeed": [ "40", "50" ], "reversed": "False", "length": 290.313, "access": null, "junction": null, "ref": null, "width": null, "est_width": null, "tunnel": "yes", "bridge": null, "service": null }, "geometry": { "type": "LineString", "coordinates": [ [ 2.1170528, 41.4051383 ], [ 2.1170897, 41.405076 ], [ 2.1171132, 41.4050234 ], [ 2.1171267, 41.4049747 ], [ 2.1171426, 41.4049104 ], [ 2.1171461, 41.4048539 ], [ 2.1171407, 41.4047925 ], [ 2.1171304, 41.4047394 ], [ 2.1171121, 41.4046904 ], [ 2.1170889, 41.4046533 ], [ 2.117052, 41.4046098 ], [ 2.1170158, 41.4045744 ], [ 2.116954, 41.4045131 ], [ 2.1169171, 41.4044602 ], [ 2.1168908, 41.404406 ], [ 2.1168748, 41.4043524 ], [ 2.1168712, 41.4042971 ], [ 2.1168738, 41.4042564 ], [ 2.1168837, 41.4042103 ], [ 2.1168998, 41.4041713 ], [ 2.1169266, 41.4041295 ], [ 2.1169579, 41.4040926 ], [ 2.1169896, 41.4040586 ], [ 2.1170248, 41.4040316 ], [ 2.117062, 41.4040065 ], [ 2.1171094, 41.4039823 ], [ 2.1171608, 41.4039634 ], [ 2.1172108, 41.403947 ], [ 2.1172455, 41.4039411 ], [ 2.1172842, 41.4039351 ], [ 2.1173269, 41.4039317 ], [ 2.1173656, 41.4039306 ], [ 2.1174312, 41.4039329 ], [ 2.1174902, 41.403944 ], [ 2.1175263, 41.4039551 ], [ 2.1176126, 41.4039916 ], [ 2.1176969, 41.4040526 ], [ 2.1177528, 41.4041081 ], [ 2.1178008, 41.4041781 ], [ 2.1178623, 41.4042793 ], [ 2.1179227, 41.4043668 ], [ 2.1179872, 41.4044651 ], [ 2.1180131, 41.4044984 ], [ 2.1180584, 41.4045564 ], [ 2.118098, 41.4046083 ], [ 2.1181288, 41.4046486 ], [ 2.11821, 41.4047448 ], [ 2.1182462, 41.4047848 ] ] } },
{ "type": "Feature", "properties": { "u": 362468438, "v": 324230922, "key": 0, "osmid": "32260883", "oneway": true, "lanes": "1", "name": null, "highway": "trunk_link", "maxspeed": "50", "reversed": "False", "length": 151.29, "access": null, "junction": null, "ref": null, "width": null, "est_width": null, "tunnel": null, "bridge": null, "service": null }, "geometry": { "type": "LineString", "coordinates": [ [ 2.1164222, 41.405637 ], [ 2.1166771, 41.4053863 ], [ 2.1167393, 41.4053203 ], [ 2.1169476, 41.4051441 ], [ 2.1170227, 41.4050676 ], [ 2.1173334, 41.404729 ], [ 2.117359, 41.4047011 ], [ 2.1174386, 41.4046268 ], [ 2.1175196, 41.4045554 ] ] } },
{ "type": "Feature", "properties": { "u": 362468438, "v": 360506732, "key": 0, "osmid": "84610528", "oneway": true, "lanes": "1", "name": null, "highway": "trunk_link", "maxspeed": "50", "reversed": "False", "length": 76.438, "access": null, "junction": null, "ref": null, "width": null, "est_width": null, "tunnel": null, "bridge": null, "service": null }, "geometry": { "type": "LineString", "coordinates": [ [ 2.1164222, 41.405637 ], [ 2.116666, 41.4054524 ], [ 2.1170528, 41.4051383 ] ] } },
{ "type": "Feature", "properties": { "u": 364669544, "v": 412458316, "key": 0, "osmid": "35164911", "oneway": true, "lanes": "1", "name": null, "highway": "trunk_link", "maxspeed": null, "reversed": "False", "length": 248.185, "access": null, "junction": null, "ref": "6", "width": null, "est_width": null, "tunnel": null, "bridge": null, "service": null }, "geometry": { "type": "LineString", "coordinates": [ [ 2.1376051, 41.4157727 ], [ 2.1376351, 41.4158624 ], [ 2.1381738, 41.4163148 ], [ 2.138458, 41.4166561 ], [ 2.1386182, 41.4169191 ], [ 2.1388007, 41.4172975 ], [ 2.1388648, 41.4175371 ], [ 2.1389158, 41.417728 ] ] } },
{ "type": "Feature", "properties": { "u": 364719688, "v": 323191078, "key": 0, "osmid": "32435221", "oneway": true, "lanes": "3", "name": "Carrer dels Vergós", "highway": "primary_link", "maxspeed": "50", "reversed": "False", "length": 60.411, "access": null, "junction": null, "ref": null, "width": null, "est_width": null, "tunnel": null, "bridge": null, "service": null }, "geometry": { "type": "LineString", "coordinates": [ [ 2.1276118, 41.3974178 ], [ 2.127905, 41.3976054 ], [ 2.1279322, 41.3976228 ], [ 2.1280543, 41.3977042 ], [ 2.1281544, 41.3977774 ] ] } },
{ "type": "Feature", "properties": { "u": 364816292, "v": 269380670, "key": 0, "osmid": "237521119", "oneway": true, "lanes": "2", "name": "Avinguda Diagonal (lateral muntanya)", "highway": "primary_link", "maxspeed": "50", "reversed": "False", "length": 219.273, "access": null, "junction": null, "ref": null, "width": null, "est_width": null, "tunnel": null, "bridge": null, "service": null }, "geometry": { "type": "LineString", "coordinates": [ [ 2.1351004, 41.3906662 ], [ 2.1336705, 41.3903093 ], [ 2.132611, 41.3900333 ] ] } },
{ "type": "Feature", "properties": { "u": 364819031, "v": 1856466592, "key": 0, "osmid": "862748474", "oneway": true, "lanes": "2", "name": "Avinguda Diagonal", "highway": "primary_link", "maxspeed": "50", "reversed": "False", "length": 123.646, "access": null, "junction": null, "ref": null, "width": null, "est_width": null, "tunnel": null, "bridge": null, "service": null }, "geometry": { "type": "LineString", "coordinates": [ [ 2.1293912, 41.3892218 ], [ 2.1283414, 41.3889529 ], [ 2.1281316, 41.3889016 ], [ 2.1280931, 41.3888925 ], [ 2.1279869, 41.3888662 ] ] } },
{ "type": "Feature", "properties": { "u": 364820418, "v": 1375265216, "key": 0, "osmid": "568330389", "oneway": true, "lanes": "2", "name": "Gran Via de Carles III", "highway": "primary_link", "maxspeed": "50", "reversed": "False", "length": 12.936, "access": null, "junction": null, "ref": null, "width": null, "est_width": null, "tunnel": null, "bridge": null, "service": null }, "geometry": { "type": "LineString", "coordinates": [ [ 2.1279826, 41.3904558 ], [ 2.1279349, 41.3903451 ] ] } },
{ "type": "Feature", "properties": { "u": 364829704, "v": 1856466576, "key": 0, "osmid": [ 544243184, 129169441, 1391890993, 544243183 ], "oneway": false, "lanes": "7", "name": "Avinguda Diagonal", "highway": "primary", "maxspeed": "50", "reversed": "True", "length": 385.476, "access": null, "junction": null, "ref": null, "width": "18", "est_width": null, "tunnel": null, "bridge": null, "service": null }, "geometry": { "type": "LineString", "coordinates": [ [ 2.132517, 41.3896433 ], [ 2.1322731, 41.3895814 ], [ 2.1322161, 41.3895669 ], [ 2.1321633, 41.3895535 ], [ 2.1316822, 41.3894314 ], [ 2.1302799, 41.3890754 ], [ 2.1287272, 41.3886812 ], [ 2.1284285, 41.3886054 ], [ 2.1283688, 41.3885903 ], [ 2.128276, 41.3885667 ], [ 2.12814, 41.3885322 ] ] } },
{ "type": "Feature", "properties": { "u": 364829704, "v": 269384878, "key": 0, "osmid": "175002094", "oneway": true, "lanes": "3", "name": "Carrer de Numància", "highway": "primary_link", "maxspeed": "50", "reversed": "False", "length": 28.317, "access": null, "junction": null, "ref": null, "width": null, "est_width": null, "tunnel": null, "bridge": null, "service": null }, "geometry": { "type": "LineString", "coordinates": [ [ 2.132517, 41.3896433 ], [ 2.1326291, 41.3895334 ], [ 2.1326364, 41.3895263 ], [ 2.1326549, 41.3895093 ], [ 2.1327269, 41.3894432 ] ] } },
{ "type": "Feature", "properties": { "u": 364829704, "v": 269382682, "key": 0, "osmid": "283778455", "oneway": false, "lanes": "7", "name": "Avinguda Diagonal", "highway": "primary", "maxspeed": "50", "reversed": "False", "length": 402.874, "access": null, "junction": null, "ref": null, "width": "18", "est_width": null, "tunnel": null, "bridge": null, "service": null }, "geometry": { "type": "LineString", "coordinates": [ [ 2.132517, 41.3896433 ], [ 2.1328249, 41.3897215 ], [ 2.1328896, 41.3897379 ], [ 2.1358746, 41.3904957 ], [ 2.1363802, 41.390624 ], [ 2.136759, 41.3907202 ], [ 2.1368264, 41.3907373 ], [ 2.136979, 41.390776 ], [ 2.1370916, 41.3908046 ] ] } },
{ "type": "Feature", "properties": { "u": 364991353, "v": 30558433, "key": 0, "osmid": [ 1408645400, 237549913 ], "oneway": true, "lanes": "5", "name": "Avinguda de Sarrià", "highway": "primary", "maxspeed": "50", "reversed": "False", "length": 97.755, "access": "yes", "junction": null, "ref": null, "width": "16", "est_width": null, "tunnel": null, "bridge": null, "service": null }, "geometry": { "type": "LineString", "coordinates": [ [ 2.1434684, 41.3905182 ], [ 2.1433254, 41.3905403 ], [ 2.142691, 41.3906389 ], [ 2.1424566, 41.3906753 ], [ 2.1424163, 41.3906816 ], [ 2.1423209, 41.3906964 ] ] } },
{ "type": "Feature", "properties": { "u": 376744278, "v": 950190478, "key": 0, "osmid": [ 47461472, 47461474, 47461468 ], "oneway": true, "lanes": "2", "name": "Avinguda de l'Estatut de Catalunya", "highway": "primary", "maxspeed": "30", "reversed": "False", "length": 418.862, "access": null, "junction": null, "ref": null, "width": null, "est_width": null, "tunnel": "yes", "bridge": null, "service": null }, "geometry": { "type": "LineString", "coordinates": [ [ 2.1541268, 41.4386994 ], [ 2.1539246, 41.4386766 ], [ 2.1538328, 41.4386716 ], [ 2.1537366, 41.4386662 ], [ 2.1536751, 41.4386663 ], [ 2.1535832, 41.4386717 ], [ 2.1534893, 41.4386817 ], [ 2.1533968, 41.4386963 ], [ 2.1533073, 41.4387151 ], [ 2.1528094, 41.4388575 ], [ 2.1526832, 41.438887 ], [ 2.1525729, 41.4389 ], [ 2.1524587, 41.438905 ], [ 2.1523711, 41.4388961 ], [ 2.152286, 41.438878 ], [ 2.1522301, 41.4388582 ], [ 2.1521788, 41.4388331 ], [ 2.1521091, 41.4387809 ], [ 2.1520508, 41.4387204 ], [ 2.1520049, 41.4386503 ], [ 2.1519714, 41.4385754 ], [ 2.1519584, 41.4385006 ], [ 2.151957, 41.4384246 ], [ 2.1519638, 41.4383093 ], [ 2.1520022, 41.4381027 ], [ 2.152039, 41.4379591 ], [ 2.1520746, 41.4378487 ], [ 2.1521203, 41.4377103 ], [ 2.1521809, 41.4375644 ], [ 2.1522993, 41.437389 ], [ 2.1527859, 41.4367686 ] ] } },
{ "type": "Feature", "properties": { "u": 376746258, "v": 981699983, "key": 0, "osmid": "33212385", "oneway": true, "lanes": "1", "name": null, "highway": "trunk_link", "maxspeed": null, "reversed": "False", "length": 104.956, "access": null, "junction": null, "ref": null, "width": null, "est_width": null, "tunnel": null, "bridge": null, "service": null }, "geometry": { "type": "LineString", "coordinates": [ [ 2.1454467, 41.4316925 ], [ 2.145265, 41.4313934 ], [ 2.1451097, 41.4311577 ], [ 2.1449232, 41.4308343 ] ] } },
{ "type": "Feature", "properties": { "u": 376746258, "v": 323158443, "key": 0, "osmid": [ 34211561, 1393379529, 34211566, 1393379536, 34211572, 34211549 ], "oneway": true, "lanes": "3", "name": "Ronda de Dalt", "highway": "trunk", "maxspeed": "80", "reversed": "False", "length": 852.368, "access": null, "junction": null, "ref": "B-20", "width": null, "est_width": null, "tunnel": "yes", "bridge": null, "service": null }, "geometry": { "type": "LineString", "coordinates": [ [ 2.1454467, 41.4316925 ], [ 2.1451373, 41.431007 ], [ 2.1445062, 41.4296084 ], [ 2.1444388, 41.4294631 ], [ 2.143556, 41.4275338 ], [ 2.1435113, 41.4274407 ], [ 2.1434338, 41.4272792 ], [ 2.1426567, 41.425631 ], [ 2.1423092, 41.4248939 ], [ 2.1420735, 41.424457 ] ] } },
{ "type": "Feature", "properties": { "u": 376751686, "v": 376746258, "key": 0, "osmid": [ 49526016, 1393379535, 1393379537, 1393379539, 1393379540 ], "oneway": true, "lanes": "3", "name": "Ronda de Dalt", "highway": "trunk", "maxspeed": "80", "reversed": "False", "length": 204.99, "access": "yes", "junction": null, "ref": "B-20", "width": null, "est_width": null, "tunnel": null, "bridge": null, "service": null }, "geometry": { "type": "LineString", "coordinates": [ [ 2.146254, 41.4334338 ], [ 2.1461257, 41.4331478 ], [ 2.1460255, 41.4329356 ], [ 2.1459664, 41.4328105 ], [ 2.1455717, 41.4319613 ], [ 2.1454467, 41.4316925 ] ] } },
{ "type": "Feature", "properties": { "u": 376759381, "v": 1279276755, "key": 0, "osmid": [ 1393379506, 1393379507, 29418933, 1393379512, 34397851, 44196893 ], "oneway": true, "lanes": "3", "name": "Ronda de Dalt", "highway": "trunk", "maxspeed": "80", "reversed": "False", "length": 550.652, "access": "yes", "junction": null, "ref": "B-20", "width": null, "est_width": null, "tunnel": "yes", "bridge": null, "service": null }, "geometry": { "type": "LineString", "coordinates": [ [ 2.1280166, 41.4117711 ], [ 2.1275959, 41.4114767 ], [ 2.1271962, 41.4112364 ], [ 2.1269475, 41.4111135 ], [ 2.1259669, 41.4106288 ], [ 2.1256279, 41.4104573 ], [ 2.1253313, 41.4102655 ], [ 2.124727, 41.4097905 ], [ 2.1242871, 41.4094446 ], [ 2.1235932, 41.4087919 ], [ 2.1232087, 41.4084303 ] ] } },
{ "type": "Feature", "properties": { "u": 376759381, "v": 567474429, "key": 0, "osmid": "33214016", "oneway": true, "lanes": "1", "name": "Sant Gervasi", "highway": "trunk_link", "maxspeed": "50", "reversed": "False", "length": 241.824, "access": null, "junction": null, "ref": "7", "width": null, "est_width": null, "tunnel": null, "bridge": null, "service": null }, "geometry": { "type": "LineString", "coordinates": [ [ 2.1280166, 41.4117711 ], [ 2.1272401, 41.411352 ], [ 2.1264781, 41.410971 ], [ 2.1259133, 41.4106879 ], [ 2.1257974, 41.4106284 ], [ 2.1257527, 41.4106054 ], [ 2.1256331, 41.4105335 ] ] } },
{ "type": "Feature", "properties": { "u": 378214322, "v": 30314622, "key": 0, "osmid": "451642041", "oneway": true, "lanes": "4", "name": "Plaça de Pius XII", "highway": "primary_link", "maxspeed": "50", "reversed": "False", "length": 33.607, "access": null, "junction": "circular", "ref": null, "width": null, "est_width": null, "tunnel": null, "bridge": null, "service": null }, "geometry": { "type": "LineString", "coordinates": [ [ 2.1228191, 41.3866913 ], [ 2.1229112, 41.3867061 ], [ 2.1229809, 41.3867255 ], [ 2.1230919, 41.3867662 ], [ 2.1231824, 41.3868141 ] ] } },
{ "type": "Feature", "properties": { "u": 381023034, "v": 567474433, "key": 0, "osmid": [ 1393379511, 139256762, 33477199 ], "oneway": true, "lanes": "1", "name": null, "highway": "trunk_link", "maxspeed": "50", "reversed": "False", "length": 268.646, "access": null, "junction": null, "ref": "7", "width": null, "est_width": null, "tunnel": "yes", "bridge": null, "service": null }, "geometry": { "type": "LineString", "coordinates": [ [ 2.1248111, 41.4092327 ], [ 2.1252097, 41.4094469 ], [ 2.1253775, 41.4095477 ], [ 2.1256106, 41.409735 ], [ 2.1257401, 41.4098843 ], [ 2.125828, 41.4100225 ], [ 2.1259159, 41.4102316 ], [ 2.1260084, 41.4103607 ], [ 2.1261679, 41.4104922 ], [ 2.1264498, 41.4106417 ], [ 2.1264885, 41.4106685 ], [ 2.1266169, 41.4107575 ], [ 2.1269364, 41.4109791 ] ] } },
{ "type": "Feature", "properties": { "u": 387127612, "v": 1116318834, "key": 0, "osmid": "237725951", "oneway": true, "lanes": "2", "name": "Carrer de les Ciències", "highway": "primary", "maxspeed": "40", "reversed": "False", "length": 62.716, "access": null, "junction": null, "ref": null, "width": null, "est_width": null, "tunnel": null, "bridge": null, "service": null }, "geometry": { "type": "LineString", "coordinates": [ [ 2.1581466, 41.4264752 ], [ 2.1581212, 41.426523 ], [ 2.1580995, 41.4265836 ], [ 2.1580068, 41.4269545 ], [ 2.1579961, 41.426982 ], [ 2.1579697, 41.4270211 ] ] } },
{ "type": "Feature", "properties": { "u": 387127614, "v": 2707139547, "key": 0, "osmid": "237725964", "oneway": true, "lanes": "2", "name": "Rambla del Carmel", "highway": "primary", "maxspeed": "50", "reversed": "False", "length": 115.125, "access": null, "junction": null, "ref": null, "width": null, "est_width": null, "tunnel": null, "bridge": null, "service": null }, "geometry": { "type": "LineString", "coordinates": [ [ 2.1575406, 41.4262318 ], [ 2.1576437, 41.42577 ], [ 2.1577411, 41.4253588 ], [ 2.1577462, 41.4253373 ], [ 2.15777, 41.4252109 ] ] } },
{ "type": "Feature", "properties": { "u": 387127694, "v": 2869959982, "key": 0, "osmid": "450043370", "oneway": true, "lanes": null, "name": "Carrer del Telègraf", "highway": "primary_link", "maxspeed": "50", "reversed": "False", "length": 5.297, "access": null, "junction": null, "ref": null, "width": null, "est_width": null, "tunnel": null, "bridge": null, "service": null }, "geometry": { "type": "LineString", "coordinates": [ [ 2.1745498, 41.4167905 ], [ 2.1746077, 41.4167709 ] ] } },
{ "type": "Feature", "properties": { "u": 387127694, "v": 387130499, "key": 0, "osmid": [ 1112873016, 372340313, 1395721717, 1112873015 ], "oneway": true, "lanes": "2", "name": "Ronda del Guinardó", "highway": "primary", "maxspeed": [ "30", "50" ], "reversed": "False", "length": 194.352, "access": null, "junction": null, "ref": null, "width": null, "est_width": null, "tunnel": null, "bridge": null, "service": null }, "geometry": { "type": "LineString", "coordinates": [ [ 2.1745498, 41.4167905 ], [ 2.1744022, 41.4166728 ], [ 2.1742314, 41.4165378 ], [ 2.1742161, 41.4165254 ], [ 2.1741851, 41.4165004 ], [ 2.1741338, 41.4164589 ], [ 2.1740837, 41.4164259 ], [ 2.1740698, 41.4164168 ], [ 2.1740249, 41.4163944 ], [ 2.1739929, 41.4163831 ], [ 2.1739547, 41.4163768 ], [ 2.1738834, 41.4163713 ], [ 2.1738067, 41.4163596 ], [ 2.1736653, 41.4163204 ], [ 2.1735793, 41.4162833 ], [ 2.1734963, 41.4162292 ], [ 2.1734281, 41.4161617 ], [ 2.1733838, 41.4160801 ], [ 2.1733589, 41.4159971 ], [ 2.1733361, 41.4159208 ], [ 2.1733291, 41.4159086 ], [ 2.1733079, 41.4158716 ], [ 2.1732658, 41.4158311 ], [ 2.1731849, 41.4157703 ], [ 2.1731192, 41.4157207 ], [ 2.1730883, 41.4156975 ], [ 2.1729734, 41.4156133 ] ] } },
{ "type": "Feature", "properties": { "u": 387127706, "v": 31286309, "key": 0, "osmid": "33800494", "oneway": false, "lanes": "5", "name": "Passeig de Maragall", "highway": "primary", "maxspeed": "50", "reversed": "True", "length": 72.02, "access": "yes", "junction": null, "ref": null, "width": null, "est_width": null, "tunnel": null, "bridge": null, "service": null }, "geometry": { "type": "LineString", "coordinates": [ [ 2.176512, 41.4250236 ], [ 2.1766763, 41.4248368 ], [ 2.1767006, 41.4248092 ], [ 2.1769113, 41.4245697 ], [ 2.1769212, 41.4245585 ], [ 2.1769901, 41.4244842 ] ] } },
{ "type": "Feature", "properties": { "u": 387127706, "v": 387127747, "key": 0, "osmid": "237667624", "oneway": false, "lanes": "5", "name": "Passeig de Maragall", "highway": "primary", "maxspeed": "50", "reversed": "False", "length": 42.784, "access": "yes", "junction": null, "ref": null, "width": null, "est_width": null, "tunnel": null, "bridge": null, "service": null }, "geometry": { "type": "LineString", "coordinates": [ [ 2.176512, 41.4250236 ], [ 2.1762887, 41.4252707 ], [ 2.1762488, 41.4253115 ], [ 2.1762188, 41.4253392 ] ] } },
{ "type": "Feature", "properties": { "u": 387127747, "v": 387127706, "key": 0, "osmid": "237667624", "oneway": false, "lanes": "5", "name": "Passeig de Maragall", "highway": "primary", "maxspeed": "50", "reversed": "True", "length": 42.784, "access": "yes", "junction": null, "ref": null, "width": null, "est_width": null, "tunnel": null, "bridge": null, "service": null }, "geometry": { "type": "LineString", "coordinates": [ [ 2.1762188, 41.4253392 ], [ 2.1762488, 41.4253115 ], [ 2.1762887, 41.4252707 ], [ 2.176512, 41.4250236 ] ] } },
{ "type": "Feature", "properties": { "u": 387127757, "v": 1043834293, "key": 0, "osmid": [ 542848073, 1395726187 ], "oneway": true, "lanes": "3", "name": "Carrer de Ramon Albó", "highway": "primary", "maxspeed": "50", "reversed": "False", "length": 176.027, "access": null, "junction": null, "ref": null, "width": "11", "est_width": null, "tunnel": null, "bridge": null, "service": null }, "geometry": { "type": "LineString", "coordinates": [ [ 2.1773189, 41.4254809 ], [ 2.1773151, 41.4255626 ], [ 2.1772853, 41.426196 ], [ 2.1772847, 41.42621 ], [ 2.1772625, 41.4266347 ], [ 2.1772531, 41.4267807 ], [ 2.1772502, 41.4268309 ], [ 2.1772484, 41.4268611 ], [ 2.1772442, 41.4270629 ] ] } },
{ "type": "Feature", "properties": { "u": 387130494, "v": 30295338, "key": 0, "osmid": "251746327", "oneway": false, "lanes": "4", "name": "Ronda del Guinardó", "highway": "primary", "maxspeed": "40", "reversed": "False", "length": 59.905, "access": null, "junction": null, "ref": null, "width": null, "est_width": null, "tunnel": null, "bridge": null, "service": null }, "geometry": { "type": "LineString", "coordinates": [ [ 2.177103, 41.4214022 ], [ 2.1771205, 41.4214863 ], [ 2.17713, 41.4215383 ], [ 2.1771804, 41.4218124 ], [ 2.1771879, 41.4218534 ], [ 2.1772037, 41.4219356 ] ] } },
{ "type": "Feature", "properties": { "u": 387130494, "v": 30689119, "key": 0, "osmid": "552867842", "oneway": false, "lanes": "4", "name": "Ronda del Guinardó", "highway": "primary", "maxspeed": "40", "reversed": "True", "length": 24.855, "access": null, "junction": null, "ref": null, "width": null, "est_width": null, "tunnel": null, "bridge": null, "service": null }, "geometry": { "type": "LineString", "coordinates": [ [ 2.177103, 41.4214022 ], [ 2.1770857, 41.4213131 ], [ 2.177082, 41.4212913 ], [ 2.1770668, 41.421224 ], [ 2.1770649, 41.4212156 ], [ 2.1770576, 41.4211813 ] ] } },
{ "type": "Feature", "properties": { "u": 387130495, "v": 387130522, "key": 0, "osmid": "542611007", "oneway": false, "lanes": "4", "name": "Ronda del Guinardó", "highway": "primary", "maxspeed": "40", "reversed": "True", "length": 14.355, "access": null, "junction": null, "ref": null, "width": null, "est_width": null, "tunnel": null, "bridge": null, "service": null }, "geometry": { "type": "LineString", "coordinates": [ [ 2.1768947, 41.4203517 ], [ 2.1768597, 41.4202253 ] ] } },
{ "type": "Feature", "properties": { "u": 387130495, "v": 30689119, "key": 0, "osmid": "1395721721", "oneway": false, "lanes": "4", "name": "Ronda del Guinardó", "highway": "primary", "maxspeed": "40", "reversed": "False", "length": 93.261, "access": null, "junction": null, "ref": null, "width": null, "est_width": null, "tunnel": null, "bridge": null, "service": null }, "geometry": { "type": "LineString", "coordinates": [ [ 2.1768947, 41.4203517 ], [ 2.1769371, 41.4205254 ], [ 2.1769465, 41.4205756 ], [ 2.1769818, 41.4207638 ], [ 2.1769902, 41.420813 ], [ 2.1770313, 41.4210524 ], [ 2.1770412, 41.421095 ], [ 2.1770576, 41.4211813 ] ] } },
{ "type": "Feature", "properties": { "u": 387130499, "v": 412444524, "key": 0, "osmid": "900428160", "oneway": true, "lanes": "2", "name": "Ronda del Guinardó", "highway": "primary", "maxspeed": "50", "reversed": "False", "length": 131.789, "access": null, "junction": null, "ref": null, "width": null, "est_width": null, "tunnel": null, "bridge": null, "service": null }, "geometry": { "type": "LineString", "coordinates": [ [ 2.1729734, 41.4156133 ], [ 2.1728825, 41.4155513 ], [ 2.1719965, 41.4148842 ], [ 2.1719635, 41.4148593 ], [ 2.1718544, 41.4147765 ] ] } },
{ "type": "Feature", "properties": { "u": 387130522, "v": 387130495, "key": 0, "osmid": "542611007", "oneway": false, "lanes": "4", "name": "Ronda del Guinardó", "highway": "primary", "maxspeed": "40", "reversed": "False", "length": 14.355, "access": null, "junction": null, "ref": null, "width": null, "est_width": null, "tunnel": null, "bridge": null, "service": null }, "geometry": { "type": "LineString", "coordinates": [ [ 2.1768597, 41.4202253 ], [ 2.1768947, 41.4203517 ] ] } },
{ "type": "Feature", "properties": { "u": 387130522, "v": 387130524, "key": 0, "osmid": "1246090564", "oneway": false, "lanes": "4", "name": "Ronda del Guinardó", "highway": "primary", "maxspeed": "40", "reversed": "True", "length": 92.375, "access": null, "junction": null, "ref": null, "width": null, "est_width": null, "tunnel": null, "bridge": null, "service": null }, "geometry": { "type": "LineString", "coordinates": [ [ 2.1768597, 41.4202253 ], [ 2.1768262, 41.4201201 ], [ 2.1768091, 41.4200662 ], [ 2.1766967, 41.4197128 ], [ 2.1766077, 41.4194649 ], [ 2.1765918, 41.4194193 ] ] } },
{ "type": "Feature", "properties": { "u": 387130524, "v": 2331122653, "key": 0, "osmid": "1246090563", "oneway": false, "lanes": "4", "name": "Ronda del Guinardó", "highway": "primary", "maxspeed": "40", "reversed": "True", "length": 74.58, "access": null, "junction": null, "ref": null, "width": null, "est_width": null, "tunnel": null, "bridge": null, "service": null }, "geometry": { "type": "LineString", "coordinates": [ [ 2.1765918, 41.4194193 ], [ 2.1763817, 41.4188958 ], [ 2.1763463, 41.4188081 ], [ 2.1763338, 41.4187771 ] ] } },
{ "type": "Feature", "properties": { "u": 387130524, "v": 387130522, "key": 0, "osmid": "1246090564", "oneway": false, "lanes": "4", "name": "Ronda del Guinardó", "highway": "primary", "maxspeed": "40", "reversed": "False", "length": 92.375, "access": null, "junction": null, "ref": null, "width": null, "est_width": null, "tunnel": null, "bridge": null, "service": null }, "geometry": { "type": "LineString", "coordinates": [ [ 2.1765918, 41.4194193 ], [ 2.1766077, 41.4194649 ], [ 2.1766967, 41.4197128 ], [ 2.1768091, 41.4200662 ], [ 2.1768262, 41.4201201 ], [ 2.1768597, 41.4202253 ] ] } },
{ "type": "Feature", "properties": { "u": 390057403, "v": 823781718, "key": 0, "osmid": "68506264", "oneway": false, "lanes": "7", "name": "Avinguda Diagonal", "highway": "primary", "maxspeed": "50", "reversed": "True", "length": 18.022, "access": null, "junction": null, "ref": null, "width": "18", "est_width": null, "tunnel": null, "bridge": null, "service": null }, "geometry": { "type": "LineString", "coordinates": [ [ 2.1170163, 41.3857082 ], [ 2.1168117, 41.3856562 ] ] } },
{ "type": "Feature", "properties": { "u": 390057403, "v": 390057404, "key": 0, "osmid": "68506236", "oneway": true, "lanes": null, "name": "Carrer de John Maynard Keynes", "highway": "primary_link", "maxspeed": "50", "reversed": "False", "length": 40.819, "access": null, "junction": null, "ref": null, "width": null, "est_width": null, "tunnel": null, "bridge": null, "service": null }, "geometry": { "type": "LineString", "coordinates": [ [ 2.1170163, 41.3857082 ], [ 2.1169283, 41.3858538 ], [ 2.1167896, 41.386033 ] ] } },
{ "type": "Feature", "properties": { "u": 390057403, "v": 390227134, "key": 0, "osmid": [ 543400544, 396947540, 1391886573 ], "oneway": false, "lanes": "7", "name": "Avinguda Diagonal", "highway": "primary", "maxspeed": "50", "reversed": "False", "length": 276.468, "access": null, "junction": null, "ref": null, "width": "18", "est_width": null, "tunnel": null, "bridge": null, "service": null }, "geometry": { "type": "LineString", "coordinates": [ [ 2.1170163, 41.3857082 ], [ 2.1172271, 41.3857617 ], [ 2.1172847, 41.3857763 ], [ 2.1176052, 41.3858577 ], [ 2.1177219, 41.3858873 ], [ 2.117927, 41.3859394 ], [ 2.1199044, 41.3864414 ], [ 2.1199575, 41.3864549 ], [ 2.1201554, 41.3865051 ] ] } },
{ "type": "Feature", "properties": { "u": 390057405, "v": 254399269, "key": 0, "osmid": "121804647", "oneway": true, "lanes": "3", "name": "Carrer de González Tablas", "highway": "primary_link", "maxspeed": "50", "reversed": "False", "length": 41.805, "access": null, "junction": null, "ref": null, "width": null, "est_width": null, "tunnel": null, "bridge": null, "service": null }, "geometry": { "type": "LineString", "coordinates": [ [ 2.1107424, 41.3845122 ], [ 2.1107534, 41.3844876 ], [ 2.1108086, 41.3843646 ], [ 2.1108205, 41.384338 ], [ 2.1109023, 41.3841559 ] ] } },
{ "type": "Feature", "properties": { "u": 390057407, "v": 1311619294, "key": 0, "osmid": [ 543754801, 122307619, 910000958 ], "oneway": false, "lanes": "7", "name": [ "Avinguda Diagonal", "Avinguda Diagonal (central)" ], "highway": "primary", "maxspeed": "50", "reversed": "True", "length": 173.732, "access": null, "junction": null, "ref": null, "width": "23", "est_width": null, "tunnel": null, "bridge": null, "service": null }, "geometry": { "type": "LineString", "coordinates": [ [ 2.1088602, 41.3836375 ], [ 2.1087167, 41.3836011 ], [ 2.1086796, 41.3835916 ], [ 2.1084308, 41.3835285 ], [ 2.1079166, 41.3833979 ], [ 2.1078127, 41.3833716 ], [ 2.1077399, 41.3833531 ], [ 2.1073188, 41.3832461 ], [ 2.1070822, 41.3831861 ], [ 2.1070358, 41.3831743 ], [ 2.1068877, 41.3831367 ] ] } },
{ "type": "Feature", "properties": { "u": 390057407, "v": 254399269, "key": 0, "osmid": "122307620", "oneway": false, "lanes": "7", "name": "Avinguda Diagonal", "highway": "primary", "maxspeed": "50", "reversed": "True", "length": 179.86, "access": null, "junction": null, "ref": null, "width": "22", "est_width": null, "tunnel": null, "bridge": null, "service": null }, "geometry": { "type": "LineString", "coordinates": [ [ 2.1088602, 41.3836375 ], [ 2.1090706, 41.3836909 ], [ 2.1091333, 41.3837068 ], [ 2.1091913, 41.3837215 ], [ 2.1099408, 41.3839118 ], [ 2.1101231, 41.3839581 ], [ 2.1107299, 41.3841122 ], [ 2.11078, 41.3841249 ], [ 2.1109023, 41.3841559 ] ] } },
{ "type": "Feature", "properties": { "u": 390057407, "v": 416523680, "key": 0, "osmid": "122307632", "oneway": true, "lanes": "3", "name": "Carrer de la Torre Melina", "highway": "primary_link", "maxspeed": "50", "reversed": "False", "length": 26.131, "access": null, "junction": null, "ref": null, "width": "3", "est_width": null, "tunnel": null, "bridge": null, "service": null }, "geometry": { "type": "LineString", "coordinates": [ [ 2.1088602, 41.3836375 ], [ 2.1088904, 41.3834377 ], [ 2.1088983, 41.3834043 ] ] } },
{ "type": "Feature", "properties": { "u": 390057410, "v": 390057405, "key": 0, "osmid": [ 552398170, 538552774, 295288863 ], "oneway": true, "lanes": "1", "name": "Avinguda Diagonal (lateral muntanya)", "highway": "primary_link", "maxspeed": null, "reversed": "False", "length": 114.791, "access": null, "junction": null, "ref": null, "width": null, "est_width": null, "tunnel": null, "bridge": null, "service": null }, "geometry": { "type": "LineString", "coordinates": [ [ 2.1120383, 41.3848542 ], [ 2.1117548, 41.3847907 ], [ 2.1115241, 41.384731 ], [ 2.1109622, 41.384587 ], [ 2.1109056, 41.3845722 ], [ 2.1108423, 41.3845537 ], [ 2.1108165, 41.3845453 ], [ 2.1107424, 41.3845122 ] ] } },
{ "type": "Feature", "properties": { "u": 390227080, "v": 356295267, "key": 0, "osmid": "542503071", "oneway": true, "lanes": "3", "name": "Avinguda Diagonal (lateral mar)", "highway": "primary_link", "maxspeed": "50", "reversed": "False", "length": 91.83, "access": null, "junction": null, "ref": null, "width": "5", "est_width": null, "tunnel": null, "bridge": null, "service": null }, "geometry": { "type": "LineString", "coordinates": [ [ 2.1222907, 41.3868114 ], [ 2.1224091, 41.3868409 ], [ 2.1229491, 41.3869776 ], [ 2.1231634, 41.3870305 ], [ 2.1232064, 41.3870411 ], [ 2.1233337, 41.3870753 ] ] } },
{ "type": "Feature", "properties": { "u": 390227080, "v": 356295256, "key": 0, "osmid": "552634542", "oneway": true, "lanes": "4", "name": "Plaça de Pius XII", "highway": "primary_link", "maxspeed": "50", "reversed": "False", "length": 21.923, "access": null, "junction": "circular", "ref": null, "width": null, "est_width": null, "tunnel": null, "bridge": null, "service": null }, "geometry": { "type": "LineString", "coordinates": [ [ 2.1222907, 41.3868114 ], [ 2.1223888, 41.386763 ], [ 2.1224404, 41.3867346 ], [ 2.1224713, 41.3867144 ], [ 2.1225038, 41.3866964 ] ] } },
{ "type": "Feature", "properties": { "u": 390227083, "v": 1375265147, "key": 0, "osmid": "123268593", "oneway": true, "lanes": "1", "name": null, "highway": "primary_link", "maxspeed": "60", "reversed": "False", "length": 119.247, "access": null, "junction": null, "ref": null, "width": null, "est_width": null, "tunnel": "yes", "bridge": null, "service": null }, "geometry": { "type": "LineString", "coordinates": [ [ 2.1266005, 41.3855363 ], [ 2.1266967, 41.385541 ], [ 2.1267924, 41.3855265 ], [ 2.1268737, 41.3854906 ], [ 2.1269507, 41.3854339 ], [ 2.1270132, 41.3853639 ], [ 2.1270963, 41.3852451 ], [ 2.1271461, 41.3851362 ], [ 2.1271878, 41.3850061 ], [ 2.1272465, 41.3848386 ], [ 2.1272947, 41.384709 ] ] } },
{ "type": "Feature", "properties": { "u": 390227083, "v": 390227118, "key": 0, "osmid": "165526063", "oneway": true, "lanes": "1", "name": null, "highway": "primary_link", "maxspeed": "60", "reversed": "False", "length": 425.284, "access": null, "junction": null, "ref": null, "width": null, "est_width": null, "tunnel": "yes", "bridge": null, "service": null }, "geometry": { "type": "LineString", "coordinates": [ [ 2.1266005, 41.3855363 ], [ 2.1268032, 41.3856029 ], [ 2.1269327, 41.3856718 ], [ 2.1270767, 41.3858283 ], [ 2.1271687, 41.3859636 ], [ 2.127276, 41.3861728 ], [ 2.1273035, 41.3862293 ], [ 2.1273179, 41.3862725 ], [ 2.1273259, 41.3863108 ], [ 2.1273259, 41.3863923 ], [ 2.1273259, 41.3866081 ], [ 2.1273323, 41.3866848 ], [ 2.1273434, 41.386873 ], [ 2.1273498, 41.387036 ], [ 2.1273626, 41.3871631 ], [ 2.1273834, 41.3872974 ], [ 2.1274074, 41.3874544 ], [ 2.1274409, 41.3876402 ], [ 2.1274808, 41.3878548 ], [ 2.1275224, 41.3880585 ], [ 2.1275639, 41.3882 ], [ 2.1276582, 41.3885704 ], [ 2.127687, 41.3886831 ], [ 2.1277093, 41.3887753 ], [ 2.1277205, 41.3888293 ], [ 2.1277429, 41.3889192 ], [ 2.1277509, 41.3889695 ], [ 2.1277547, 41.3889935 ], [ 2.1277738, 41.3891146 ] ] } },
{ "type": "Feature", "properties": { "u": 390227092, "v": 390227095, "key": 0, "osmid": "360830945", "oneway": true, "lanes": "5", "name": "Plaça d'Ildefons Cerdà", "highway": "primary", "maxspeed": "50", "reversed": "False", "length": 41.23, "access": null, "junction": "circular", "ref": null, "width": null, "est_width": null, "tunnel": null, "bridge": null, "service": null }, "geometry": { "type": "LineString", "coordinates": [ [ 2.1350698, 41.364958 ], [ 2.1349818, 41.3648762 ], [ 2.1349336, 41.36478 ], [ 2.1349246, 41.3646774 ], [ 2.1349389, 41.3646183 ] ] } },
{ "type": "Feature", "properties": { "u": 390227095, "v": 390227097, "key": 0, "osmid": [ 360830954, 544991380 ], "oneway": true, "lanes": "4", "name": "Plaça d'Ildefons Cerdà", "highway": "primary", "maxspeed": "50", "reversed": "False", "length": 39.458, "access": null, "junction": "circular", "ref": null, "width": "14", "est_width": null, "tunnel": null, "bridge": null, "service": null }, "geometry": { "type": "LineString", "coordinates": [ [ 2.1349389, 41.3646183 ], [ 2.1349622, 41.3645635 ], [ 2.1349959, 41.3645177 ], [ 2.1350505, 41.3644649 ], [ 2.1351174, 41.3644209 ], [ 2.1351809, 41.364392 ], [ 2.1352496, 41.364371 ] ] } },
{ "type": "Feature", "properties": { "u": 390227097, "v": 390227098, "key": 0, "osmid": "544991389", "oneway": true, "lanes": "5", "name": "Plaça d'Ildefons Cerdà", "highway": "primary", "maxspeed": "50", "reversed": "False", "length": 11.038, "access": null, "junction": "circular", "ref": null, "width": null, "est_width": null, "tunnel": null, "bridge": null, "service": null }, "geometry": { "type": "LineString", "coordinates": [ [ 2.1352496, 41.364371 ], [ 2.1353048, 41.3643632 ], [ 2.1353806, 41.3643582 ] ] } },
{ "type": "Feature", "properties": { "u": 390227098, "v": 126781115, "key": 0, "osmid": "314638801", "oneway": true, "lanes": "5", "name": "Plaça d'Ildefons Cerdà", "highway": "primary", "maxspeed": "50", "reversed": "False", "length": 20.53, "access": null, "junction": "circular", "ref": null, "width": null, "est_width": null, "tunnel": null, "bridge": null, "service": null }, "geometry": { "type": "LineString", "coordinates": [ [ 2.1353806, 41.3643582 ], [ 2.1354656, 41.3643589 ], [ 2.1356178, 41.3643983 ] ] } },
{ "type": "Feature", "properties": { "u": 390227101, "v": 1309411137, "key": 0, "osmid": "34054316", "oneway": true, "lanes": "5", "name": "Plaça d'Ildefons Cerdà", "highway": "primary", "maxspeed": "50", "reversed": "False", "length": 13.622, "access": null, "junction": "circular", "ref": null, "width": "18", "est_width": null, "tunnel": null, "bridge": null, "service": null }, "geometry": { "type": "LineString", "coordinates": [ [ 2.1358578, 41.364677 ], [ 2.135853, 41.3647639 ], [ 2.1358441, 41.3647988 ] ] } },
{ "type": "Feature", "properties": { "u": 390227104, "v": 12896018417, "key": 0, "osmid": "34054318", "oneway": true, "lanes": "2", "name": "Ronda del Mig", "highway": "primary", "maxspeed": "60", "reversed": "False", "length": 15.665, "access": null, "junction": null, "ref": null, "width": null, "est_width": null, "tunnel": null, "bridge": null, "service": null }, "geometry": { "type": "LineString", "coordinates": [ [ 2.1356707, 41.3650088 ], [ 2.1355365, 41.3651073 ] ] } },
{ "type": "Feature", "properties": { "u": 390227104, "v": 390227105, "key": 0, "osmid": "1393162855", "oneway": true, "lanes": "5", "name": "Plaça d'Ildefons Cerdà", "highway": "primary", "maxspeed": "50", "reversed": "False", "length": 27.204, "access": null, "junction": "circular", "ref": null, "width": "18", "est_width": null, "tunnel": null, "bridge": null, "service": null }, "geometry": { "type": "LineString", "coordinates": [ [ 2.1356707, 41.3650088 ], [ 2.1355992, 41.3650299 ], [ 2.1355261, 41.3650451 ], [ 2.1354438, 41.3650552 ], [ 2.1353539, 41.3650561 ] ] } },
{ "type": "Feature", "properties": { "u": 390227105, "v": 390227092, "key": 0, "osmid": "542458005", "oneway": true, "lanes": "4", "name": "Plaça d'Ildefons Cerdà", "highway": "primary", "maxspeed": "50", "reversed": "False", "length": 26.307, "access": null, "junction": "circular", "ref": null, "width": "14", "est_width": null, "tunnel": null, "bridge": null, "service": null }, "geometry": { "type": "LineString", "coordinates": [ [ 2.1353539, 41.3650561 ], [ 2.1352705, 41.3650381 ], [ 2.1351923, 41.3650162 ], [ 2.1350698, 41.364958 ] ] } },
{ "type": "Feature", "properties": { "u": 390227118, "v": 1377806900, "key": 0, "osmid": "34054319", "oneway": true, "lanes": "3", "name": "Ronda del Mig", "highway": "primary", "maxspeed": "60", "reversed": "False", "length": 140.898, "access": null, "junction": null, "ref": null, "width": null, "est_width": null, "tunnel": null, "bridge": null, "service": null }, "geometry": { "type": "LineString", "coordinates": [ [ 2.1277738, 41.3891146 ], [ 2.1278298, 41.3892959 ], [ 2.1278895, 41.3894958 ], [ 2.1279563, 41.3896971 ], [ 2.1280184, 41.3898714 ], [ 2.1280795, 41.3900231 ], [ 2.1281391, 41.3901737 ], [ 2.1281638, 41.3902376 ], [ 2.1282136, 41.390337 ] ] } },
{ "type": "Feature", "properties": { "u": 390227124, "v": 390227125, "key": 0, "osmid": [ 1395710344, 34054323 ], "oneway": true, "lanes": "3", "name": "Gran Via de Carles III", "highway": "primary_link", "maxspeed": "50", "reversed": "False", "length": 135.05, "access": null, "junction": null, "ref": null, "width": null, "est_width": null, "tunnel": null, "bridge": null, "service": null }, "geometry": { "type": "LineString", "coordinates": [ [ 2.1273464, 41.3864795 ], [ 2.127359, 41.3867727 ], [ 2.127392, 41.3871393 ], [ 2.127423, 41.3873799 ], [ 2.1274808, 41.3876889 ] ] } },
{ "type": "Feature", "properties": { "u": 390227125, "v": 1856466395, "key": 0, "osmid": "175002100", "oneway": true, "lanes": null, "name": null, "highway": "primary_link", "maxspeed": "50", "reversed": "False", "length": 47.377, "access": null, "junction": null, "ref": null, "width": null, "est_width": null, "tunnel": null, "bridge": null, "service": null }, "geometry": { "type": "LineString", "coordinates": [ [ 2.1274808, 41.3876889 ], [ 2.1274778, 41.3877093 ], [ 2.1274726, 41.3877269 ], [ 2.1274488, 41.3877784 ], [ 2.1274317, 41.3878002 ], [ 2.1274105, 41.387817 ], [ 2.1273723, 41.3878349 ], [ 2.1273353, 41.3878488 ], [ 2.1273023, 41.3878547 ], [ 2.1272666, 41.3878547 ], [ 2.1272428, 41.3878527 ], [ 2.127194, 41.3878388 ], [ 2.1271649, 41.3878279 ], [ 2.1271372, 41.3878111 ], [ 2.1271082, 41.3877863 ], [ 2.1270875, 41.3877651 ] ] } },
{ "type": "Feature", "properties": { "u": 390227125, "v": 390227126, "key": 0, "osmid": "550280510", "oneway": true, "lanes": "3", "name": "Gran Via de Carles III", "highway": "primary_link", "maxspeed": "50", "reversed": "False", "length": 31.903, "access": null, "junction": null, "ref": null, "width": null, "est_width": null, "tunnel": null, "bridge": null, "service": null }, "geometry": { "type": "LineString", "coordinates": [ [ 2.1274808, 41.3876889 ], [ 2.1275008, 41.3877968 ], [ 2.1275132, 41.3878684 ], [ 2.1275384, 41.3879157 ], [ 2.1275754, 41.387963 ] ] } },
{ "type": "Feature", "properties": { "u": 390227126, "v": 1856466545, "key": 0, "osmid": "309254651", "oneway": true, "lanes": "4", "name": "Plaça de la Reina Maria Cristina", "highway": "primary_link", "maxspeed": "50", "reversed": "False", "length": 58.317, "access": null, "junction": null, "ref": null, "width": null, "est_width": null, "tunnel": null, "bridge": null, "service": null }, "geometry": { "type": "LineString", "coordinates": [ [ 2.1275754, 41.387963 ], [ 2.1280632, 41.3880882 ], [ 2.1281318, 41.3881055 ], [ 2.1281938, 41.388121 ], [ 2.1282308, 41.3881412 ] ] } },
{ "type": "Feature", "properties": { "u": 390227134, "v": 390057403, "key": 0, "osmid": [ 543400544, 396947540, 1391886573 ], "oneway": false, "lanes": "7", "name": "Avinguda Diagonal", "highway": "primary", "maxspeed": "50", "reversed": "True", "length": 276.468, "access": null, "junction": null, "ref": null, "width": "18", "est_width": null, "tunnel": null, "bridge": null, "service": null }, "geometry": { "type": "LineString", "coordinates": [ [ 2.1201554, 41.3865051 ], [ 2.1199575, 41.3864549 ], [ 2.1199044, 41.3864414 ], [ 2.117927, 41.3859394 ], [ 2.1177219, 41.3858873 ], [ 2.1176052, 41.3858577 ], [ 2.1172847, 41.3857763 ], [ 2.1172271, 41.3857617 ], [ 2.1170163, 41.3857082 ] ] } },
{ "type": "Feature", "properties": { "u": 390227134, "v": 11365497701, "key": 0, "osmid": [ 449751442, 260239171, 320838380 ], "oneway": false, "lanes": null, "name": "Carrer de Pere Duran Farell", "highway": [ "primary_link", "living_street" ], "maxspeed": [ "30", "20", "50" ], "reversed": "True", "length": 325.81, "access": "designated", "junction": null, "ref": null, "width": "8", "est_width": null, "tunnel": null, "bridge": null, "service": null }, "geometry": { "type": "LineString", "coordinates": [ [ 2.1201554, 41.3865051 ], [ 2.1200796, 41.386662 ], [ 2.1200404, 41.3867367 ], [ 2.1199852, 41.3868417 ], [ 2.1194368, 41.3877584 ], [ 2.1193565, 41.3878924 ], [ 2.1193176, 41.3879574 ], [ 2.119217, 41.3881255 ], [ 2.1190432, 41.3884109 ], [ 2.1186036, 41.3891328 ], [ 2.1185683, 41.3891814 ] ] } },
{ "type": "Feature", "properties": { "u": 390227134, "v": 126769416, "key": 0, "osmid": [ 1391886570, 1391886571, 1391886572, 68506232, 543400543 ], "oneway": false, "lanes": "7", "name": "Avinguda Diagonal", "highway": "primary", "maxspeed": "50", "reversed": "False", "length": 172.083, "access": null, "junction": null, "ref": null, "width": "18", "est_width": null, "tunnel": null, "bridge": null, "service": null }, "geometry": { "type": "LineString", "coordinates": [ [ 2.1201554, 41.3865051 ], [ 2.120315, 41.3865456 ], [ 2.120677, 41.3866375 ], [ 2.1208361, 41.386678 ], [ 2.1209873, 41.3867163 ], [ 2.1214633, 41.3868371 ], [ 2.1216098, 41.3868743 ], [ 2.1218226, 41.3869284 ], [ 2.1218732, 41.3869412 ], [ 2.1221093, 41.3870011 ] ] } },
{ "type": "Feature", "properties": { "u": 390227137, "v": 1311619294, "key": 0, "osmid": [ 24794161, 449606871 ], "oneway": true, "lanes": "4", "name": "Avinguda Diagonal", "highway": "primary", "maxspeed": "50", "reversed": "False", "length": 112.942, "access": null, "junction": null, "ref": "B-23", "width": null, "est_width": null, "tunnel": null, "bridge": null, "service": null }, "geometry": { "type": "LineString", "coordinates": [ [ 2.1056424, 41.3827527 ], [ 2.1058711, 41.3828074 ], [ 2.1064366, 41.3829606 ], [ 2.1066508, 41.3830231 ], [ 2.1066996, 41.3830366 ], [ 2.1068877, 41.3831367 ] ] } },
{ "type": "Feature", "properties": { "u": 390227138, "v": 687897113, "key": 0, "osmid": "549755460", "oneway": true, "lanes": "2", "name": "Avinguda Diagonal (lateral mar)", "highway": "primary_link", "maxspeed": "50", "reversed": "False", "length": 14.955, "access": null, "junction": null, "ref": null, "width": null, "est_width": null, "tunnel": null, "bridge": null, "service": null }, "geometry": { "type": "LineString", "coordinates": [ [ 2.112077, 41.3842117 ], [ 2.1122472, 41.3842539 ] ] } },
{ "type": "Feature", "properties": { "u": 390227139, "v": 390227138, "key": 0, "osmid": "54648011", "oneway": true, "lanes": "2", "name": "Avinguda Diagonal (lateral mar)", "highway": "primary_link", "maxspeed": "50", "reversed": "False", "length": 84.411, "access": null, "junction": null, "ref": null, "width": null, "est_width": null, "tunnel": null, "bridge": null, "service": null }, "geometry": { "type": "LineString", "coordinates": [ [ 2.1111198, 41.3839658 ], [ 2.1117213, 41.3841195 ], [ 2.1119426, 41.3841761 ], [ 2.1119835, 41.3841865 ], [ 2.112077, 41.3842117 ] ] } },
{ "type": "Feature", "properties": { "u": 390227141, "v": 356295277, "key": 0, "osmid": [ 542503076, 834555869 ], "oneway": true, "lanes": "4", "name": "Plaça de Pius XII", "highway": "primary_link", "maxspeed": "50", "reversed": "False", "length": 38.271, "access": null, "junction": "circular", "ref": null, "width": null, "est_width": null, "tunnel": null, "bridge": null, "service": null }, "geometry": { "type": "LineString", "coordinates": [ [ 2.1229776, 41.3876577 ], [ 2.1229193, 41.3876798 ], [ 2.1228316, 41.3877009 ], [ 2.1227415, 41.3877119 ], [ 2.1225524, 41.3877202 ], [ 2.1225318, 41.3877211 ] ] } },
{ "type": "Feature", "properties": { "u": 392352555, "v": 2706292292, "key": 0, "osmid": [ 237829128, 264981584 ], "oneway": true, "lanes": "1", "name": null, "highway": "trunk_link", "maxspeed": "50", "reversed": "False", "length": 274.188, "access": null, "junction": null, "ref": null, "width": null, "est_width": null, "tunnel": "yes", "bridge": null, "service": null }, "geometry": { "type": "LineString", "coordinates": [ [ 2.1634862, 41.4403539 ], [ 2.1645507, 41.4406093 ], [ 2.165349, 41.4409112 ], [ 2.1659605, 41.4411236 ], [ 2.1665098, 41.4413111 ] ] } },
{ "type": "Feature", "properties": { "u": 392352555, "v": 2456870303, "key": 0, "osmid": [ 1393379552, 1393379556, 1393379557, 1393379558, 29380477, 29380478 ], "oneway": true, "lanes": "3", "name": "Ronda de Dalt", "highway": "trunk", "maxspeed": "60", "reversed": "False", "length": 573.652, "access": null, "junction": null, "ref": "B-20", "width": null, "est_width": null, "tunnel": "yes", "bridge": null, "service": null }, "geometry": { "type": "LineString", "coordinates": [ [ 2.1634862, 41.4403539 ], [ 2.1639096, 41.4404831 ], [ 2.1644827, 41.4406581 ], [ 2.1655059, 41.441035 ], [ 2.1677074, 41.4419155 ], [ 2.1677746, 41.4419424 ], [ 2.1683475, 41.4421583 ], [ 2.169319, 41.4425243 ], [ 2.1695694, 41.4426187 ], [ 2.1696466, 41.4426467 ] ] } },
{ "type": "Feature", "properties": { "u": 393392267, "v": 6964634639, "key": 0, "osmid": [ 34304305, 1394485366, 1394485367, 1394485885, 34303999 ], "oneway": true, "lanes": "3", "name": "Ronda Litoral", "highway": "trunk", "maxspeed": "80", "reversed": "False", "length": 518.469, "access": null, "junction": null, "ref": "B-10", "width": null, "est_width": null, "tunnel": "yes", "bridge": null, "service": null }, "geometry": { "type": "LineString", "coordinates": [ [ 2.2075476, 41.4416161 ], [ 2.2072486, 41.4421254 ], [ 2.2071095, 41.4423503 ], [ 2.2070075, 41.4425151 ], [ 2.2067703, 41.4428663 ], [ 2.2065436, 41.4431779 ], [ 2.2064637, 41.4432862 ], [ 2.2062535, 41.4435738 ], [ 2.2060484, 41.4438097 ], [ 2.2058938, 41.4439815 ], [ 2.2055402, 41.4443701 ], [ 2.2054217, 41.4445008 ], [ 2.2051912, 41.444755 ], [ 2.2050284, 41.4449346 ], [ 2.2045196, 41.4454961 ], [ 2.2044018, 41.4456246 ] ] } },
{ "type": "Feature", "properties": { "u": 402875749, "v": 3308698041, "key": 0, "osmid": "546578344", "oneway": true, "lanes": "3", "name": "Plaça de Botticelli", "highway": "primary", "maxspeed": "50", "reversed": "False", "length": 40.478, "access": null, "junction": "circular", "ref": null, "width": null, "est_width": null, "tunnel": null, "bridge": null, "service": null }, "geometry": { "type": "LineString", "coordinates": [ [ 2.1522195, 41.4334505 ], [ 2.1522522, 41.433395 ], [ 2.1522991, 41.4333455 ], [ 2.1523581, 41.433304 ], [ 2.1524006, 41.4332843 ], [ 2.1524269, 41.4332721 ], [ 2.1525028, 41.4332511 ], [ 2.1525828, 41.4332419 ] ] } },
{ "type": "Feature", "properties": { "u": 402875760, "v": 4130763475, "key": 0, "osmid": "310048338", "oneway": true, "lanes": "2", "name": "Avinguda de l'Estatut de Catalunya", "highway": "primary", "maxspeed": "50", "reversed": "False", "length": 178.896, "access": null, "junction": null, "ref": null, "width": null, "est_width": null, "tunnel": null, "bridge": null, "service": null }, "geometry": { "type": "LineString", "coordinates": [ [ 2.1538524, 41.4315701 ], [ 2.1539586, 41.4314364 ], [ 2.154022, 41.4313704 ], [ 2.1541141, 41.4312865 ], [ 2.1541734, 41.4312365 ], [ 2.1542447, 41.431183 ], [ 2.1544161, 41.4310713 ], [ 2.1545651, 41.4309809 ], [ 2.1546083, 41.4309546 ], [ 2.1549623, 41.43074 ], [ 2.1550666, 41.4306766 ], [ 2.15536, 41.4305021 ], [ 2.1554018, 41.4304738 ] ] } },
{ "type": "Feature", "properties": { "u": 402875797, "v": 402875805, "key": 0, "osmid": "251746330", "oneway": true, "lanes": "4", "name": "Ronda del Guinardó", "highway": "primary", "maxspeed": "50", "reversed": "False", "length": 32.052, "access": null, "junction": null, "ref": null, "width": null, "est_width": null, "tunnel": null, "bridge": null, "service": null }, "geometry": { "type": "LineString", "coordinates": [ [ 2.1669132, 41.4126127 ], [ 2.1668045, 41.4124956 ], [ 2.1667524, 41.4124324 ], [ 2.1667098, 41.4123687 ] ] } },
{ "type": "Feature", "properties": { "u": 402875805, "v": 1479422496, "key": 0, "osmid": [ 910432399, 177883860, 543586126, 680986319 ], "oneway": true, "lanes": [ "4", "2" ], "name": "Ronda del Guinardó", "highway": "primary", "maxspeed": "50", "reversed": "False", "length": 151.312, "access": null, "junction": null, "ref": null, "width": null, "est_width": null, "tunnel": null, "bridge": null, "service": null }, "geometry": { "type": "LineString", "coordinates": [ [ 2.1667098, 41.4123687 ], [ 2.1666077, 41.4123059 ], [ 2.1664833, 41.4122231 ], [ 2.1663443, 41.412151 ], [ 2.1663089, 41.4121326 ], [ 2.1661852, 41.4120841 ], [ 2.1660059, 41.4120295 ], [ 2.165815, 41.4119889 ], [ 2.1655514, 41.4119428 ], [ 2.1654126, 41.4119194 ], [ 2.1652798, 41.4118988 ], [ 2.1651115, 41.411874 ], [ 2.1650598, 41.4118676 ] ] } },
{ "type": "Feature", "properties": { "u": 402875805, "v": 12644016500, "key": 0, "osmid": "1365381001", "oneway": true, "lanes": null, "name": null, "highway": "primary", "maxspeed": null, "reversed": "False", "length": 33.953, "access": null, "junction": null, "ref": null, "width": null, "est_width": null, "tunnel": null, "bridge": null, "service": null }, "geometry": { "type": "LineString", "coordinates": [ [ 2.1667098, 41.4123687 ], [ 2.166756, 41.4123002 ], [ 2.1667956, 41.4122454 ], [ 2.1668291, 41.4122032 ], [ 2.1668559, 41.4121826 ], [ 2.1668975, 41.4121549 ], [ 2.1669513, 41.4121315 ] ] } },
{ "type": "Feature", "properties": { "u": 408397901, "v": 408397910, "key": 0, "osmid": "34847226", "oneway": true, "lanes": "1", "name": null, "highway": "trunk_link", "maxspeed": "50", "reversed": "False", "length": 349.128, "access": null, "junction": null, "ref": "30", "width": null, "est_width": null, "tunnel": null, "bridge": null, "service": null }, "geometry": { "type": "LineString", "coordinates": [ [ 2.2032965, 41.4466126 ], [ 2.2033809, 41.4464703 ], [ 2.2034797, 41.4463295 ], [ 2.2035352, 41.4462604 ], [ 2.203653, 41.446111 ], [ 2.2043606, 41.445272 ], [ 2.2052845, 41.4442067 ], [ 2.2054212, 41.444003 ], [ 2.2054482, 41.4439261 ] ] } },
{ "type": "Feature", "properties": { "u": 408397901, "v": 923938075, "key": 0, "osmid": [ 1394485888, 34304295, 34303913, 18525549, 1394485368 ], "oneway": true, "lanes": "3", "name": "Ronda Litoral", "highway": "trunk", "maxspeed": "80", "reversed": "False", "length": 706.345, "access": null, "junction": null, "ref": "B-10", "width": null, "est_width": null, "tunnel": "yes", "bridge": null, "service": null }, "geometry": { "type": "LineString", "coordinates": [ [ 2.2032965, 41.4466126 ], [ 2.20413, 41.4457143 ], [ 2.2041554, 41.4456855 ], [ 2.2043399, 41.4454653 ], [ 2.2050536, 41.4446899 ], [ 2.2055243, 41.4441785 ], [ 2.2057506, 41.4439224 ], [ 2.2058824, 41.4437771 ], [ 2.2060886, 41.4435395 ], [ 2.2063022, 41.4432639 ], [ 2.2064078, 41.4431171 ], [ 2.2066329, 41.4428009 ], [ 2.2068028, 41.4425428 ], [ 2.2068603, 41.4424555 ], [ 2.207094, 41.4420817 ], [ 2.2073395, 41.441659 ], [ 2.2075398, 41.4412792 ], [ 2.2075895, 41.4411625 ] ] } },
{ "type": "Feature", "properties": { "u": 408397910, "v": 600061499, "key": 0, "osmid": "451731026", "oneway": true, "lanes": "3", "name": "Passeig de Guayaquil", "highway": "trunk_link", "maxspeed": null, "reversed": "False", "length": 29.859, "access": null, "junction": null, "ref": null, "width": null, "est_width": null, "tunnel": null, "bridge": null, "service": null }, "geometry": { "type": "LineString", "coordinates": [ [ 2.2054482, 41.4439261 ], [ 2.2056184, 41.4437278 ], [ 2.2056421, 41.4437003 ] ] } },
{ "type": "Feature", "properties": { "u": 408908795, "v": 30558292, "key": 0, "osmid": "543574890", "oneway": true, "lanes": "2", "name": "Ronda del General Mitre", "highway": "primary", "maxspeed": "50", "reversed": "False", "length": 114.511, "access": null, "junction": null, "ref": null, "width": null, "est_width": null, "tunnel": null, "bridge": null, "service": null }, "geometry": { "type": "LineString", "coordinates": [ [ 2.1442112, 41.4053797 ], [ 2.1443077, 41.4053937 ], [ 2.1443464, 41.4054002 ], [ 2.1446173, 41.4054419 ], [ 2.1453841, 41.40556 ], [ 2.1454302, 41.4055671 ], [ 2.145558, 41.4055782 ] ] } },
{ "type": "Feature", "properties": { "u": 409003535, "v": 30294780, "key": 0, "osmid": "86331333", "oneway": true, "lanes": "3", "name": "Ronda del General Mitre", "highway": "primary", "maxspeed": "50", "reversed": "False", "length": 52.294, "access": null, "junction": null, "ref": null, "width": null, "est_width": null, "tunnel": null, "bridge": null, "service": null }, "geometry": { "type": "LineString", "coordinates": [ [ 2.1398531, 41.4040902 ], [ 2.1394155, 41.4038688 ], [ 2.1393844, 41.4038531 ], [ 2.1393321, 41.4038286 ] ] } },
{ "type": "Feature", "properties": { "u": 412370999, "v": 417605950, "key": 0, "osmid": "287522313", "oneway": true, "lanes": "2", "name": "Ronda del General Mitre", "highway": "primary", "maxspeed": "50", "reversed": "False", "length": 79.697, "access": null, "junction": null, "ref": null, "width": "8", "est_width": null, "tunnel": null, "bridge": null, "service": null }, "geometry": { "type": "LineString", "coordinates": [ [ 2.1468545, 41.4057068 ], [ 2.1470341, 41.4057211 ], [ 2.1475374, 41.4057526 ], [ 2.1476748, 41.4057636 ], [ 2.1478036, 41.4057844 ] ] } },
{ "type": "Feature", "properties": { "u": 412371000, "v": 412549139, "key": 0, "osmid": [ 287522312, 543586124 ], "oneway": true, "lanes": "3", "name": "Ronda del General Mitre", "highway": "primary", "maxspeed": "50", "reversed": "False", "length": 80.373, "access": null, "junction": null, "ref": null, "width": null, "est_width": null, "tunnel": null, "bridge": null, "service": null }, "geometry": { "type": "LineString", "coordinates": [ [ 2.1467301, 41.4058034 ], [ 2.1462403, 41.4057737 ], [ 2.146018, 41.4057563 ], [ 2.1459653, 41.4057514 ], [ 2.1457707, 41.405736 ] ] } },
{ "type": "Feature", "properties": { "u": 412436576, "v": 2455470579, "key": 0, "osmid": "237667865", "oneway": true, "lanes": "1", "name": null, "highway": "trunk_link", "maxspeed": null, "reversed": "False", "length": 21.12, "access": null, "junction": null, "ref": null, "width": null, "est_width": null, "tunnel": null, "bridge": null, "service": null }, "geometry": { "type": "LineString", "coordinates": [ [ 2.1570685, 41.3522666 ], [ 2.1572916, 41.3523562 ] ] } },
{ "type": "Feature", "properties": { "u": 412437323, "v": 559591875, "key": 0, "osmid": "288931977", "oneway": true, "lanes": "1", "name": null, "highway": "trunk_link", "maxspeed": null, "reversed": "False", "length": 186.854, "access": null, "junction": null, "ref": null, "width": null, "est_width": null, "tunnel": null, "bridge": null, "service": null }, "geometry": { "type": "LineString", "coordinates": [ [ 2.1553285, 41.3523998 ], [ 2.1539702, 41.3519814 ], [ 2.1532556, 41.3517654 ] ] } },
{ "type": "Feature", "properties": { "u": 412444488, "v": 412444617, "key": 0, "osmid": "543578062", "oneway": true, "lanes": "2", "name": "Ronda del Guinardó", "highway": "primary", "maxspeed": "50", "reversed": "False", "length": 132.682, "access": null, "junction": null, "ref": null, "width": null, "est_width": null, "tunnel": null, "bridge": null, "service": null }, "geometry": { "type": "LineString", "coordinates": [ [ 2.1720904, 41.4146036 ], [ 2.1721709, 41.4146628 ], [ 2.1721967, 41.4146818 ], [ 2.1730939, 41.4153416 ], [ 2.1731217, 41.415362 ], [ 2.1731317, 41.4153693 ], [ 2.1732265, 41.415439 ] ] } },
{ "type": "Feature", "properties": { "u": 412444524, "v": 2869959997, "key": 0, "osmid": "651560120", "oneway": true, "lanes": "2", "name": "Ronda del Guinardó", "highway": "primary", "maxspeed": "50", "reversed": "False", "length": 77.644, "access": null, "junction": null, "ref": null, "width": null, "est_width": null, "tunnel": null, "bridge": null, "service": null }, "geometry": { "type": "LineString", "coordinates": [ [ 2.1718544, 41.4147765 ], [ 2.1717598, 41.414707 ], [ 2.1712739, 41.4143482 ], [ 2.1712477, 41.4143288 ], [ 2.1711913, 41.4142863 ] ] } },
{ "type": "Feature", "properties": { "u": 412444617, "v": 5254788638, "key": 0, "osmid": [ 651543107, 543578061, 543578062 ], "oneway": true, "lanes": "2", "name": "Ronda del Guinardó", "highway": "primary", "maxspeed": "50", "reversed": "False", "length": 116.3, "access": null, "junction": null, "ref": null, "width": null, "est_width": null, "tunnel": null, "bridge": null, "service": null }, "geometry": { "type": "LineString", "coordinates": [ [ 2.1732265, 41.415439 ], [ 2.1733336, 41.4155155 ], [ 2.1735492, 41.4156695 ], [ 2.17376, 41.4158249 ], [ 2.1738227, 41.4158758 ], [ 2.1738854, 41.4159221 ], [ 2.173889, 41.4159249 ], [ 2.1739525, 41.4159745 ], [ 2.1740459, 41.4160764 ], [ 2.1740874, 41.4161283 ], [ 2.1741513, 41.4162137 ] ] } },
{ "type": "Feature", "properties": { "u": 412444645, "v": 412444724, "key": 0, "osmid": "295288875", "oneway": true, "lanes": "2", "name": "Ronda del Guinardó", "highway": "primary", "maxspeed": "50", "reversed": "False", "length": 36.598, "access": null, "junction": null, "ref": null, "width": null, "est_width": null, "tunnel": null, "bridge": null, "service": null }, "geometry": { "type": "LineString", "coordinates": [ [ 2.171031, 41.4141646 ], [ 2.1708699, 41.4140484 ], [ 2.1708384, 41.4140257 ], [ 2.1707949, 41.4139942 ], [ 2.170715, 41.4139362 ] ] } },
{ "type": "Feature", "properties": { "u": 412444660, "v": 412444645, "key": 0, "osmid": "35163832", "oneway": true, "lanes": "1", "name": null, "highway": "primary_link", "maxspeed": "50", "reversed": "False", "length": 35.419, "access": null, "junction": null, "ref": null, "width": null, "est_width": null, "tunnel": null, "bridge": null, "service": null }, "geometry": { "type": "LineString", "coordinates": [ [ 2.1712735, 41.4139935 ], [ 2.1712818, 41.4140351 ], [ 2.1712756, 41.4140744 ], [ 2.171254, 41.4141152 ], [ 2.171216, 41.4141491 ], [ 2.1711687, 41.4141715 ], [ 2.1711194, 41.41418 ], [ 2.1710762, 41.4141777 ], [ 2.171031, 41.4141646 ] ] } },
{ "type": "Feature", "properties": { "u": 412444660, "v": 2869959998, "key": 0, "osmid": "1395721716", "oneway": true, "lanes": "2", "name": "Ronda del Guinardó", "highway": "primary", "maxspeed": "50", "reversed": "False", "length": 14.544, "access": null, "junction": null, "ref": null, "width": null, "est_width": null, "tunnel": null, "bridge": null, "service": null }, "geometry": { "type": "LineString", "coordinates": [ [ 2.1712735, 41.4139935 ], [ 2.1713657, 41.4140603 ], [ 2.1713989, 41.4140844 ] ] } },
{ "type": "Feature", "properties": { "u": 412444724, "v": 1381852565, "key": 0, "osmid": [ 1395721708, 145985022 ], "oneway": true, "lanes": "2", "name": "Ronda del Guinardó", "highway": "primary", "maxspeed": "50", "reversed": "False", "length": 283.888, "access": null, "junction": null, "ref": null, "width": null, "est_width": null, "tunnel": null, "bridge": null, "service": null }, "geometry": { "type": "LineString", "coordinates": [ [ 2.170715, 41.4139362 ], [ 2.1706329, 41.413865 ], [ 2.1706074, 41.4138451 ], [ 2.1705354, 41.4137905 ], [ 2.1703349, 41.413658 ], [ 2.1700884, 41.4135132 ], [ 2.1698533, 41.4133784 ], [ 2.1697157, 41.4133008 ], [ 2.1696485, 41.4132629 ], [ 2.1693456, 41.4131156 ], [ 2.1690887, 41.4129931 ], [ 2.1687557, 41.4128397 ], [ 2.1685605, 41.4127595 ], [ 2.168469, 41.4127341 ], [ 2.1683806, 41.4127148 ], [ 2.1682192, 41.4126949 ], [ 2.1681407, 41.4126854 ], [ 2.1681109, 41.4126836 ], [ 2.1679979, 41.4126755 ], [ 2.1679275, 41.412677 ], [ 2.1678464, 41.4126841 ] ] } },
{ "type": "Feature", "properties": { "u": 412453976, "v": 412457981, "key": 0, "osmid": [ 35164818, 217618302 ], "oneway": true, "lanes": null, "name": null, "highway": "trunk_link", "maxspeed": "50", "reversed": "False", "length": 253.026, "access": null, "junction": null, "ref": null, "width": null, "est_width": null, "tunnel": null, "bridge": null, "service": null }, "geometry": { "type": "LineString", "coordinates": [ [ 2.1360934, 41.415377 ], [ 2.135974, 41.4153318 ], [ 2.1356443, 41.4152069 ], [ 2.1350465, 41.4150268 ], [ 2.1344427, 41.4149032 ], [ 2.1338416, 41.4147606 ], [ 2.1332404, 41.414618 ] ] } },
{ "type": "Feature", "properties": { "u": 412457946, "v": 364669545, "key": 0, "osmid": [ 35164820, 902739255 ], "oneway": true, "lanes": "2", "name": null, "highway": "trunk_link", "maxspeed": null, "reversed": "False", "length": 225.576, "access": null, "junction": null, "ref": null, "width": null, "est_width": null, "tunnel": null, "bridge": null, "service": null }, "geometry": { "type": "LineString", "coordinates": [ [ 2.1387599, 41.4176935 ], [ 2.1383459, 41.4171059 ], [ 2.1381363, 41.416777 ], [ 2.13808, 41.4167001 ], [ 2.1380143, 41.4166221 ], [ 2.1379459, 41.4165442 ], [ 2.1378781, 41.4164741 ], [ 2.1378057, 41.4164054 ], [ 2.13773, 41.41634 ], [ 2.1375729, 41.4162175 ], [ 2.1374856, 41.416157 ], [ 2.1373937, 41.4160965 ], [ 2.1373662, 41.416083 ], [ 2.1372704, 41.4160287 ] ] } },
{ "type": "Feature", "properties": { "u": 412457946, "v": 412457981, "key": 0, "osmid": [ 1393379520, 1393379521, 1393379522, 49526570, 49526571, 1393379519 ], "oneway": true, "lanes": "3", "name": "Ronda de Dalt", "highway": "trunk", "maxspeed": "80", "reversed": "False", "length": 610.937, "access": null, "junction": null, "ref": "B-20", "width": null, "est_width": null, "tunnel": "yes", "bridge": null, "service": null }, "geometry": { "type": "LineString", "coordinates": [ [ 2.1387599, 41.4176935 ], [ 2.1384447, 41.4170712 ], [ 2.1384276, 41.4170374 ], [ 2.1383178, 41.4168621 ], [ 2.1381821, 41.4166581 ], [ 2.1380234, 41.4164781 ], [ 2.1375437, 41.4160547 ], [ 2.137142, 41.4157421 ], [ 2.1369568, 41.4156223 ], [ 2.1367123, 41.4155111 ], [ 2.1359417, 41.4152184 ], [ 2.1356677, 41.4151212 ], [ 2.1350664, 41.4149495 ], [ 2.1349527, 41.4149249 ], [ 2.1343636, 41.4147972 ], [ 2.1340217, 41.4147426 ], [ 2.1332404, 41.414618 ] ] } },
{ "type": "Feature", "properties": { "u": 412457981, "v": 376759381, "key": 0, "osmid": [ 1393379513, 1393379514, 30014459, 1393379518, 1393379519 ], "oneway": true, "lanes": "3", "name": "Ronda de Dalt", "highway": "trunk", "maxspeed": "80", "reversed": "False", "length": 551.079, "access": "yes", "junction": null, "ref": "B-20", "width": null, "est_width": null, "tunnel": "yes", "bridge": null, "service": null }, "geometry": { "type": "LineString", "coordinates": [ [ 2.1332404, 41.414618 ], [ 2.1330488, 41.4145885 ], [ 2.1327892, 41.4145486 ], [ 2.1321719, 41.4144344 ], [ 2.1318133, 41.4143432 ], [ 2.1315799, 41.4142559 ], [ 2.1313811, 41.4141574 ], [ 2.1312065, 41.4140539 ], [ 2.1310009, 41.4139253 ], [ 2.1307997, 41.4137862 ], [ 2.1299707, 41.413241 ], [ 2.1286354, 41.4122366 ], [ 2.1280166, 41.4117711 ] ] } },
{ "type": "Feature", "properties": { "u": 412457999, "v": 1526542623, "key": 0, "osmid": [ 35164680, 217618303 ], "oneway": true, "lanes": null, "name": null, "highway": "trunk_link", "maxspeed": "50", "reversed": "False", "length": 246.124, "access": null, "junction": null, "ref": null, "width": null, "est_width": null, "tunnel": null, "bridge": null, "service": null }, "geometry": { "type": "LineString", "coordinates": [ [ 2.1332241, 41.41449 ], [ 2.134131, 41.4145758 ], [ 2.1345428, 41.4146431 ], [ 2.1351201, 41.4147681 ], [ 2.1357003, 41.4149342 ], [ 2.1359502, 41.4150155 ], [ 2.136071, 41.4150261 ] ] } },
{ "type": "Feature", "properties": { "u": 412457999, "v": 412458316, "key": 0, "osmid": [ 1393379524, 1393379525, 49526569, 74399658, 30014449, 1393379517 ], "oneway": true, "lanes": "3", "name": "Ronda de Dalt", "highway": "trunk", "maxspeed": "80", "reversed": "False", "length": 635.71, "access": null, "junction": null, "ref": "B-20", "width": null, "est_width": null, "tunnel": "yes", "bridge": null, "service": null }, "geometry": { "type": "LineString", "coordinates": [ [ 2.1332241, 41.41449 ], [ 2.1343072, 41.4146687 ], [ 2.1343424, 41.4146766 ], [ 2.1350437, 41.4148349 ], [ 2.1357242, 41.4150093 ], [ 2.1360115, 41.4151125 ], [ 2.1366703, 41.4153732 ], [ 2.1370244, 41.4155358 ], [ 2.1373022, 41.4157059 ], [ 2.1376525, 41.4159552 ], [ 2.1380046, 41.4162811 ], [ 2.1382058, 41.4164869 ], [ 2.1382587, 41.4165526 ], [ 2.1383921, 41.4167184 ], [ 2.1384942, 41.4168813 ], [ 2.1387212, 41.4172969 ], [ 2.1389158, 41.417728 ] ] } },
{ "type": "Feature", "properties": { "u": 412458316, "v": 1295278485, "key": 0, "osmid": [ 1315194752, 1393379526, 693991399, 1393379528, 1215458349, 1215458351, 115676119, 115676123 ], "oneway": true, "lanes": "3", "name": "Ronda de Dalt", "highway": "trunk", "maxspeed": "80", "reversed": "False", "length": 815.873, "access": null, "junction": null, "ref": "B-20", "width": null, "est_width": null, "tunnel": "yes", "bridge": null, "service": null }, "geometry": { "type": "LineString", "coordinates": [ [ 2.1389158, 41.417728 ], [ 2.1390379, 41.4180239 ], [ 2.139115, 41.418211 ], [ 2.1394727, 41.4189411 ], [ 2.1401248, 41.4203092 ], [ 2.1402879, 41.4206515 ], [ 2.1408147, 41.4217567 ], [ 2.140973, 41.4221092 ], [ 2.1415293, 41.4232275 ], [ 2.1422433, 41.4244703 ], [ 2.1423199, 41.4246036 ] ] } },
{ "type": "Feature", "properties": { "u": 412549139, "v": 7252331255, "key": 0, "osmid": "287522296", "oneway": true, "lanes": "3", "name": "Ronda del General Mitre", "highway": "primary", "maxspeed": "50", "reversed": "False", "length": 127.663, "access": null, "junction": null, "ref": null, "width": null, "est_width": null, "tunnel": null, "bridge": null, "service": null }, "geometry": { "type": "LineString", "coordinates": [ [ 2.1457707, 41.405736 ], [ 2.1455178, 41.4057039 ], [ 2.1454536, 41.4056957 ], [ 2.1453325, 41.4056803 ], [ 2.1448532, 41.4056013 ], [ 2.1445696, 41.4055533 ], [ 2.1445115, 41.4055434 ], [ 2.1442723, 41.4055029 ] ] } },
{ "type": "Feature", "properties": { "u": 414683100, "v": 1765565679, "key": 0, "osmid": [ 543586123, 554918725 ], "oneway": true, "lanes": "3", "name": "Ronda del General Mitre", "highway": "primary", "maxspeed": "50", "reversed": "False", "length": 228.61, "access": null, "junction": null, "ref": null, "width": null, "est_width": null, "tunnel": null, "bridge": null, "service": null }, "geometry": { "type": "LineString", "coordinates": [ [ 2.1441166, 41.4054765 ], [ 2.1438354, 41.4054265 ], [ 2.1437484, 41.405411 ], [ 2.143734, 41.4054084 ], [ 2.1434744, 41.4053435 ], [ 2.1431092, 41.4052553 ], [ 2.1427852, 41.4051771 ], [ 2.1424488, 41.4050836 ], [ 2.1417372, 41.4048597 ], [ 2.1416827, 41.4048397 ], [ 2.1415398, 41.4047873 ] ] } },
{ "type": "Feature", "properties": { "u": 415402216, "v": 482511496, "key": 0, "osmid": "918476994", "oneway": true, "lanes": "3", "name": "Avinguda de Rio de Janeiro", "highway": "primary", "maxspeed": "50", "reversed": "False", "length": 13.923, "access": null, "junction": null, "ref": null, "width": null, "est_width": null, "tunnel": null, "bridge": null, "service": null }, "geometry": { "type": "LineString", "coordinates": [ [ 2.1817705, 41.4392326 ], [ 2.1818758, 41.4393298 ] ] } },
{ "type": "Feature", "properties": { "u": 415955413, "v": 426884331, "key": 0, "osmid": "1408951001", "oneway": true, "lanes": null, "name": "Carrer del Torrent de l'Olla", "highway": "primary_link", "maxspeed": "50", "reversed": "False", "length": 8.732, "access": null, "junction": null, "ref": null, "width": null, "est_width": null, "tunnel": null, "bridge": null, "service": null }, "geometry": { "type": "LineString", "coordinates": [ [ 2.1508002, 41.4078296 ], [ 2.1508648, 41.4077678 ] ] } },
{ "type": "Feature", "properties": { "u": 415955413, "v": 415955414, "key": 0, "osmid": "252963103", "oneway": true, "lanes": "3", "name": "Travessera de Dalt", "highway": "primary", "maxspeed": "50", "reversed": "False", "length": 24.897, "access": null, "junction": null, "ref": null, "width": null, "est_width": null, "tunnel": null, "bridge": null, "service": null }, "geometry": { "type": "LineString", "coordinates": [ [ 2.1508002, 41.4078296 ], [ 2.1509586, 41.407934 ], [ 2.1510316, 41.4079704 ] ] } },
{ "type": "Feature", "properties": { "u": 415955414, "v": 415955415, "key": 0, "osmid": "237655883", "oneway": true, "lanes": "3", "name": "Travessera de Dalt", "highway": "primary", "maxspeed": "50", "reversed": "False", "length": 121.917, "access": null, "junction": null, "ref": null, "width": null, "est_width": null, "tunnel": null, "bridge": null, "service": null }, "geometry": { "type": "LineString", "coordinates": [ [ 2.1510316, 41.4079704 ], [ 2.1512645, 41.4080844 ], [ 2.1517187, 41.4082808 ], [ 2.1521324, 41.4084246 ], [ 2.1521507, 41.408431 ], [ 2.1521964, 41.4084469 ], [ 2.1523166, 41.4084895 ] ] } },
{ "type": "Feature", "properties": { "u": 415955415, "v": 415955417, "key": 0, "osmid": [ 554923041, 541711518 ], "oneway": true, "lanes": "3", "name": "Travessera de Dalt", "highway": "primary", "maxspeed": "50", "reversed": "False", "length": 136.914, "access": null, "junction": null, "ref": null, "width": null, "est_width": null, "tunnel": null, "bridge": null, "service": null }, "geometry": { "type": "LineString", "coordinates": [ [ 2.1523166, 41.4084895 ], [ 2.1524593, 41.4085411 ], [ 2.1535538, 41.4089258 ], [ 2.1536392, 41.4089535 ], [ 2.1536906, 41.4089701 ], [ 2.1538045, 41.4090097 ] ] } },
{ "type": "Feature", "properties": { "u": 415955417, "v": 2463014352, "key": 0, "osmid": [ 541711517, 309896343 ], "oneway": true, "lanes": "3", "name": "Travessera de Dalt", "highway": "primary", "maxspeed": "50", "reversed": "False", "length": 120.474, "access": null, "junction": null, "ref": null, "width": null, "est_width": null, "tunnel": null, "bridge": null, "service": null }, "geometry": { "type": "LineString", "coordinates": [ [ 2.1538045, 41.4090097 ], [ 2.1542813, 41.409185 ], [ 2.1547872, 41.4093794 ], [ 2.1549359, 41.4094518 ], [ 2.1549855, 41.4094788 ], [ 2.1550718, 41.4095257 ] ] } },
{ "type": "Feature", "properties": { "u": 415956312, "v": 2480495525, "key": 0, "osmid": "134575599", "oneway": true, "lanes": "4", "name": "Ronda del Guinardó", "highway": "primary", "maxspeed": "50", "reversed": "False", "length": 61.81, "access": null, "junction": null, "ref": null, "width": null, "est_width": null, "tunnel": null, "bridge": null, "service": null }, "geometry": { "type": "LineString", "coordinates": [ [ 2.1639596, 41.4118466 ], [ 2.1642222, 41.4117895 ], [ 2.1643425, 41.4117753 ], [ 2.1643865, 41.4117701 ], [ 2.1644233, 41.4117658 ], [ 2.1645099, 41.4117566 ], [ 2.1645691, 41.4117529 ], [ 2.1646861, 41.4117464 ] ] } },
{ "type": "Feature", "properties": { "u": 415956313, "v": 415956317, "key": 0, "osmid": "238466731", "oneway": true, "lanes": "3", "name": "Travessera de Dalt", "highway": "primary", "maxspeed": "50", "reversed": "False", "length": 50.45, "access": null, "junction": null, "ref": null, "width": null, "est_width": null, "tunnel": null, "bridge": null, "service": null }, "geometry": { "type": "LineString", "coordinates": [ [ 2.155273, 41.4096326 ], [ 2.1553599, 41.409687 ], [ 2.1554036, 41.4097141 ], [ 2.1556326, 41.4098606 ], [ 2.1557343, 41.4099261 ] ] } },
{ "type": "Feature", "properties": { "u": 415956314, "v": 415956316, "key": 0, "osmid": "238466717", "oneway": true, "lanes": "3", "name": "Travessera de Dalt", "highway": "primary", "maxspeed": "50", "reversed": "False", "length": 59.457, "access": null, "junction": null, "ref": null, "width": null, "est_width": null, "tunnel": null, "bridge": null, "service": null }, "geometry": { "type": "LineString", "coordinates": [ [ 2.1570866, 41.4108336 ], [ 2.1574216, 41.4110559 ], [ 2.1574631, 41.4110834 ], [ 2.1576237, 41.4111852 ] ] } },
{ "type": "Feature", "properties": { "u": 415956315, "v": 9408480017, "key": 0, "osmid": "541711516", "oneway": true, "lanes": "3", "name": "Travessera de Dalt", "highway": "primary", "maxspeed": "50", "reversed": "False", "length": 29.885, "access": null, "junction": null, "ref": null, "width": null, "est_width": null, "tunnel": null, "bridge": null, "service": null }, "geometry": { "type": "LineString", "coordinates": [ [ 2.1561896, 41.4102375 ], [ 2.1562642, 41.4102848 ], [ 2.1563096, 41.4103143 ], [ 2.1564603, 41.4104136 ] ] } },
{ "type": "Feature", "properties": { "u": 415956316, "v": 415956323, "key": 0, "osmid": [ 35468233, 123326466, 1395721706 ], "oneway": true, "lanes": "2", "name": "Travessera de Dalt", "highway": "primary", "maxspeed": "50", "reversed": "False", "length": 345.134, "access": null, "junction": null, "ref": null, "width": null, "est_width": null, "tunnel": "yes", "bridge": null, "service": null }, "geometry": { "type": "LineString", "coordinates": [ [ 2.1576237, 41.4111852 ], [ 2.1582482, 41.4116174 ], [ 2.15838, 41.4117017 ], [ 2.1584782, 41.4117631 ], [ 2.1587635, 41.4119177 ], [ 2.1590392, 41.412058 ], [ 2.1594079, 41.4121745 ], [ 2.1597511, 41.4122671 ], [ 2.1601707, 41.4123384 ], [ 2.1608463, 41.4124224 ], [ 2.1612664, 41.4124578 ] ] } },
{ "type": "Feature", "properties": { "u": 415956317, "v": 415956315, "key": 0, "osmid": "238466731", "oneway": true, "lanes": "3", "name": "Travessera de Dalt", "highway": "primary", "maxspeed": "50", "reversed": "False", "length": 51.388, "access": null, "junction": null, "ref": null, "width": null, "est_width": null, "tunnel": null, "bridge": null, "service": null }, "geometry": { "type": "LineString", "coordinates": [ [ 2.1557343, 41.4099261 ], [ 2.1561896, 41.4102375 ] ] } },
{ "type": "Feature", "properties": { "u": 415956323, "v": 3672891957, "key": 0, "osmid": [ 142662131, 142662132 ], "oneway": true, "lanes": "1", "name": null, "highway": "primary_link", "maxspeed": "40", "reversed": "False", "length": 219.491, "access": null, "junction": null, "ref": null, "width": null, "est_width": null, "tunnel": "yes", "bridge": null, "service": null }, "geometry": { "type": "LineString", "coordinates": [ [ 2.1612664, 41.4124578 ], [ 2.1616847, 41.4124132 ], [ 2.1618332, 41.4123955 ], [ 2.1618979, 41.4123838 ], [ 2.1619678, 41.4123653 ], [ 2.1620938, 41.4123249 ], [ 2.162192, 41.4122881 ], [ 2.1622782, 41.4122513 ], [ 2.1623438, 41.4121977 ], [ 2.1623945, 41.4121462 ], [ 2.1626974, 41.4117894 ], [ 2.162818, 41.4116389 ], [ 2.1629491, 41.4114941 ], [ 2.163077, 41.4113893 ], [ 2.1631946, 41.4112981 ] ] } },
{ "type": "Feature", "properties": { "u": 415956323, "v": 415956312, "key": 0, "osmid": [ 1395721705, 1395721707, 35468219 ], "oneway": true, "lanes": [ "3", "2" ], "name": [ "Ronda del Guinardó", "Travessera de Dalt" ], "highway": "primary", "maxspeed": "50", "reversed": "False", "length": 238.498, "access": null, "junction": null, "ref": null, "width": null, "est_width": null, "tunnel": "yes", "bridge": null, "service": null }, "geometry": { "type": "LineString", "coordinates": [ [ 2.1612664, 41.4124578 ], [ 2.1613879, 41.4124687 ], [ 2.1615833, 41.4124804 ], [ 2.1617437, 41.4124772 ], [ 2.161844, 41.4124708 ], [ 2.1620674, 41.4124467 ], [ 2.1625344, 41.4123107 ], [ 2.1639596, 41.4118466 ] ] } },
{ "type": "Feature", "properties": { "u": 415994535, "v": 415402216, "key": 0, "osmid": "237716054", "oneway": true, "lanes": "3", "name": "Avinguda de Rio de Janeiro", "highway": "primary", "maxspeed": "50", "reversed": "False", "length": 250.115, "access": null, "junction": null, "ref": null, "width": null, "est_width": null, "tunnel": null, "bridge": null, "service": null }, "geometry": { "type": "LineString", "coordinates": [ [ 2.1805499, 41.4371918 ], [ 2.1805629, 41.4372261 ], [ 2.1806089, 41.4373492 ], [ 2.1807005, 41.4375931 ], [ 2.1809818, 41.4381656 ], [ 2.1810381, 41.4382614 ], [ 2.1810678, 41.4383008 ], [ 2.1815542, 41.4389852 ], [ 2.1815725, 41.439011 ], [ 2.1815897, 41.4390352 ], [ 2.181609, 41.4390622 ], [ 2.1816619, 41.4391303 ], [ 2.1817004, 41.4391703 ], [ 2.1817342, 41.4392021 ], [ 2.1817705, 41.4392326 ] ] } },
{ "type": "Feature", "properties": { "u": 415994538, "v": 481122454, "key": 0, "osmid": [ 543370412, 450125623, 543370414, 450125615 ], "oneway": true, "lanes": [ "4", "3" ], "name": "Avinguda Meridiana", "highway": "primary", "maxspeed": "50", "reversed": "False", "length": 272.235, "access": "yes", "junction": null, "ref": null, "width": "13", "est_width": null, "tunnel": null, "bridge": null, "service": null }, "geometry": { "type": "LineString", "coordinates": [ [ 2.1842272, 41.4364704 ], [ 2.1841335, 41.4361935 ], [ 2.1839072, 41.4355245 ], [ 2.1838713, 41.4354101 ], [ 2.1835476, 41.4344523 ], [ 2.1834875, 41.4342615 ], [ 2.1834738, 41.4342279 ], [ 2.1834305, 41.4340962 ] ] } },
{ "type": "Feature", "properties": { "u": 416012188, "v": 1017920257, "key": 0, "osmid": [ 493200564, 493200565 ], "oneway": true, "lanes": [ "4", "3" ], "name": "Carrer d'Arnau d'Oms", "highway": "primary", "maxspeed": "50", "reversed": "False", "length": 88.518, "access": null, "junction": null, "ref": null, "width": [ "14", "12" ], "est_width": null, "tunnel": null, "bridge": null, "service": null }, "geometry": { "type": "LineString", "coordinates": [ [ 2.1773534, 41.4294921 ], [ 2.1773579, 41.4297134 ], [ 2.1773577, 41.4299452 ], [ 2.1773604, 41.430116 ], [ 2.1773612, 41.4301454 ], [ 2.1773621, 41.4301803 ], [ 2.177365, 41.4302881 ] ] } },
{ "type": "Feature", "properties": { "u": 416012192, "v": 478861367, "key": 0, "osmid": "237667611", "oneway": true, "lanes": "3", "name": "Carrer d'Arnau d'Oms", "highway": "primary", "maxspeed": "50", "reversed": "False", "length": 31.983, "access": null, "junction": null, "ref": null, "width": "10", "est_width": null, "tunnel": null, "bridge": null, "service": null }, "geometry": { "type": "LineString", "coordinates": [ [ 2.1773972, 41.4314688 ], [ 2.1774089, 41.4317563 ] ] } },
{ "type": "Feature", "properties": { "u": 416088703, "v": 1613682425, "key": 0, "osmid": [ 368765889, 35480827 ], "oneway": true, "lanes": null, "name": null, "highway": "trunk_link", "maxspeed": "60", "reversed": "False", "length": 277.326, "access": "yes", "junction": null, "ref": [ "17", "B-10" ], "width": null, "est_width": null, "tunnel": null, "bridge": null, "service": null }, "geometry": { "type": "LineString", "coordinates": [ [ 2.1238412, 41.3410802 ], [ 2.1235502, 41.3410216 ], [ 2.1216874, 41.3404252 ], [ 2.121349, 41.3403402 ], [ 2.1210455, 41.3402651 ], [ 2.1207391, 41.3401982 ] ] } },
{ "type": "Feature", "properties": { "u": 416523680, "v": 390227139, "key": 0, "osmid": "349879191", "oneway": true, "lanes": "2", "name": "Avinguda Diagonal (lateral mar)", "highway": "primary_link", "maxspeed": "50", "reversed": "False", "length": 195.585, "access": null, "junction": null, "ref": null, "width": "6", "est_width": null, "tunnel": null, "bridge": null, "service": null }, "geometry": { "type": "LineString", "coordinates": [ [ 2.1088983, 41.3834043 ], [ 2.1090539, 41.3834394 ], [ 2.1091428, 41.3834599 ], [ 2.1099601, 41.3836714 ], [ 2.1107655, 41.3838758 ], [ 2.1108391, 41.3838945 ], [ 2.1108722, 41.3839029 ], [ 2.1111198, 41.3839658 ] ] } },
{ "type": "Feature", "properties": { "u": 417604839, "v": 415955413, "key": 0, "osmid": [ 35468146, 35468100, 313235631 ], "oneway": true, "lanes": [ "3", "2" ], "name": [ "Ronda del General Mitre", "Plaça de Lesseps", "Travessera de Dalt" ], "highway": "primary", "maxspeed": "50", "reversed": "False", "length": 333.535, "access": null, "junction": null, "ref": null, "width": null, "est_width": null, "tunnel": "yes", "bridge": null, "service": null }, "geometry": { "type": "LineString", "coordinates": [ [ 2.1479189, 41.4058096 ], [ 2.1481834, 41.4058883 ], [ 2.1483214, 41.4059385 ], [ 2.148509, 41.4060156 ], [ 2.1486667, 41.4060927 ], [ 2.148801, 41.4061727 ], [ 2.1492343, 41.4064396 ], [ 2.1492623, 41.4064652 ], [ 2.1502515, 41.4073712 ], [ 2.1504139, 41.4075086 ], [ 2.1507019, 41.4077528 ], [ 2.1507306, 41.4077772 ], [ 2.1508002, 41.4078296 ] ] } },
{ "type": "Feature", "properties": { "u": 417605950, "v": 417604839, "key": 0, "osmid": "1368039797", "oneway": true, "lanes": "2", "name": "Ronda del General Mitre", "highway": "primary", "maxspeed": "50", "reversed": "False", "length": 10.016, "access": null, "junction": null, "ref": null, "width": "8", "est_width": null, "tunnel": null, "bridge": null, "service": null }, "geometry": { "type": "LineString", "coordinates": [ [ 2.1478036, 41.4057844 ], [ 2.1479189, 41.4058096 ] ] } },
{ "type": "Feature", "properties": { "u": 418137494, "v": 533616095, "key": 0, "osmid": "238862123", "oneway": true, "lanes": "1", "name": "Via Augusta", "highway": "primary_link", "maxspeed": "50", "reversed": "False", "length": 54.471, "access": null, "junction": null, "ref": null, "width": "6", "est_width": null, "tunnel": null, "bridge": null, "service": null }, "geometry": { "type": "LineString", "coordinates": [ [ 2.1235364, 41.3998495 ], [ 2.1236048, 41.3997815 ], [ 2.1238219, 41.3996061 ], [ 2.1238503, 41.3995877 ], [ 2.1239045, 41.3995615 ], [ 2.1240124, 41.3995249 ] ] } },
{ "type": "Feature", "properties": { "u": 418737420, "v": 390227080, "key": 0, "osmid": [ 170079056, 1391886569, 129216267, 1391886575 ], "oneway": true, "lanes": "3", "name": "Avinguda Diagonal (lateral mar)", "highway": "primary_link", "maxspeed": "50", "reversed": "False", "length": 376.539, "access": null, "junction": null, "ref": null, "width": null, "est_width": null, "tunnel": null, "bridge": null, "service": null }, "geometry": { "type": "LineString", "coordinates": [ [ 2.1180162, 41.3857244 ], [ 2.1181532, 41.3857588 ], [ 2.118734, 41.3859047 ], [ 2.1188243, 41.3859275 ], [ 2.1189293, 41.3859541 ], [ 2.1193801, 41.3860682 ], [ 2.1200548, 41.386239 ], [ 2.1203906, 41.386324 ], [ 2.1210511, 41.3864912 ], [ 2.1214991, 41.3866058 ], [ 2.1217378, 41.386665 ], [ 2.1219116, 41.386711 ], [ 2.1219761, 41.3867281 ], [ 2.1222907, 41.3868114 ] ] } },
{ "type": "Feature", "properties": { "u": 418737421, "v": 823781730, "key": 0, "osmid": "129216261", "oneway": true, "lanes": "3", "name": "Avinguda Diagonal (lateral mar)", "highway": "primary_link", "maxspeed": "50", "reversed": "False", "length": 81.676, "access": null, "junction": null, "ref": null, "width": null, "est_width": null, "tunnel": null, "bridge": null, "service": null }, "geometry": { "type": "LineString", "coordinates": [ [ 2.1160454, 41.3852169 ], [ 2.1166843, 41.3853787 ], [ 2.1167379, 41.3853923 ], [ 2.1169719, 41.3854542 ] ] } },
{ "type": "Feature", "properties": { "u": 420892483, "v": 2293731701, "key": 0, "osmid": "284577561", "oneway": true, "lanes": "3", "name": "Avinguda Meridiana", "highway": "primary", "maxspeed": "50", "reversed": "False", "length": 334.296, "access": "yes", "junction": null, "ref": null, "width": "12", "est_width": null, "tunnel": null, "bridge": null, "service": null }, "geometry": { "type": "LineString", "coordinates": [ [ 2.1843424, 41.4282558 ], [ 2.1844099, 41.4281554 ], [ 2.1846649, 41.4277729 ], [ 2.1848406, 41.4275066 ], [ 2.1854866, 41.4265305 ], [ 2.1859593, 41.4258155 ], [ 2.1860008, 41.4257528 ], [ 2.1860875, 41.4255515 ] ] } },
{ "type": "Feature", "properties": { "u": 425611748, "v": 1311619294, "key": 0, "osmid": "36542976", "oneway": true, "lanes": "3", "name": "Avinguda d'Albert Bastardas", "highway": "primary_link", "maxspeed": "50", "reversed": "False", "length": 24.806, "access": null, "junction": null, "ref": null, "width": "8", "est_width": null, "tunnel": null, "bridge": null, "service": null }, "geometry": { "type": "LineString", "coordinates": [ [ 2.1069786, 41.3829243 ], [ 2.1069378, 41.3830219 ], [ 2.1068877, 41.3831367 ] ] } },
{ "type": "Feature", "properties": { "u": 425611748, "v": 416523680, "key": 0, "osmid": [ 449606865, 449606866, 349879191 ], "oneway": true, "lanes": "2", "name": "Avinguda Diagonal (lateral mar)", "highway": "primary_link", "maxspeed": "50", "reversed": "False", "length": 168.825, "access": null, "junction": null, "ref": null, "width": "6", "est_width": null, "tunnel": null, "bridge": null, "service": null }, "geometry": { "type": "LineString", "coordinates": [ [ 2.1069786, 41.3829243 ], [ 2.1071614, 41.3829715 ], [ 2.1072673, 41.3829988 ], [ 2.1080511, 41.3831903 ], [ 2.1080813, 41.3831976 ], [ 2.1087249, 41.3833586 ], [ 2.108768, 41.3833694 ], [ 2.1088983, 41.3834043 ] ] } },
{ "type": "Feature", "properties": { "u": 425768618, "v": 1772026981, "key": 0, "osmid": [ 181312832, 174662631, 174662632, 174662635, 182049931, 210550077 ], "oneway": true, "lanes": "1", "name": null, "highway": "trunk_link", "maxspeed": [ "30", "50" ], "reversed": "False", "length": 534.063, "access": null, "junction": null, "ref": null, "width": null, "est_width": null, "tunnel": "yes", "bridge": null, "service": null }, "geometry": { "type": "LineString", "coordinates": [ [ 2.1887972, 41.4471107 ], [ 2.1886059, 41.4471261 ], [ 2.1883602, 41.4471458 ], [ 2.1883079, 41.4471582 ], [ 2.1882648, 41.447174 ], [ 2.1882305, 41.4471947 ], [ 2.1882048, 41.4472155 ], [ 2.1881831, 41.4472391 ], [ 2.1881634, 41.4472657 ], [ 2.1881463, 41.4473015 ], [ 2.1881394, 41.4473288 ], [ 2.1881336, 41.4473706 ], [ 2.1881348, 41.447413 ], [ 2.1882674, 41.4477765 ], [ 2.1882813, 41.4478146 ], [ 2.1886776, 41.4489934 ], [ 2.1887761, 41.449263 ], [ 2.1888866, 41.4495655 ], [ 2.189026, 41.450087 ], [ 2.1890754, 41.4504592 ], [ 2.1890845, 41.4506237 ], [ 2.1890893, 41.4508232 ], [ 2.1890971, 41.4510711 ], [ 2.1890653, 41.4514529 ] ] } },
{ "type": "Feature", "properties": { "u": 426884331, "v": 415955414, "key": 0, "osmid": "237652085", "oneway": true, "lanes": "1", "name": "Travessera de Dalt", "highway": "primary_link", "maxspeed": "50", "reversed": "False", "length": 26.488, "access": null, "junction": null, "ref": null, "width": null, "est_width": null, "tunnel": null, "bridge": null, "service": null }, "geometry": { "type": "LineString", "coordinates": [ [ 2.1508648, 41.4077678 ], [ 2.1509413, 41.4078674 ], [ 2.1510316, 41.4079704 ] ] } },
{ "type": "Feature", "properties": { "u": 430537449, "v": 1311619305, "key": 0, "osmid": "116315037", "oneway": false, "lanes": "7", "name": "Avinguda Diagonal", "highway": "primary", "maxspeed": "50", "reversed": "False", "length": 21.817, "access": null, "junction": null, "ref": null, "width": "18", "est_width": null, "tunnel": null, "bridge": null, "service": null }, "geometry": { "type": "LineString", "coordinates": [ [ 2.1125407, 41.3845719 ], [ 2.1126949, 41.3846111 ], [ 2.1127884, 41.3846348 ] ] } },
{ "type": "Feature", "properties": { "u": 430537449, "v": 687897110, "key": 0, "osmid": "122307615", "oneway": false, "lanes": "7", "name": "Avinguda Diagonal", "highway": "primary", "maxspeed": "50", "reversed": "True", "length": 37.186, "access": null, "junction": null, "ref": null, "width": "22", "est_width": null, "tunnel": null, "bridge": null, "service": null }, "geometry": { "type": "LineString", "coordinates": [ [ 2.1125407, 41.3845719 ], [ 2.1123471, 41.3845228 ], [ 2.1121981, 41.3844849 ], [ 2.1121185, 41.3844647 ] ] } },
{ "type": "Feature", "properties": { "u": 430537449, "v": 390057410, "key": 0, "osmid": [ 295288864, 122307635 ], "oneway": true, "lanes": [ "1", "2" ], "name": "Avinguda Diagonal (lateral muntanya)", "highway": "primary_link", "maxspeed": "50", "reversed": "False", "length": 58.718, "access": null, "junction": null, "ref": null, "width": null, "est_width": null, "tunnel": null, "bridge": null, "service": null }, "geometry": { "type": "LineString", "coordinates": [ [ 2.1125407, 41.3845719 ], [ 2.1125116, 41.3846496 ], [ 2.1124732, 41.3847225 ], [ 2.1124087, 41.3847695 ], [ 2.1123446, 41.3848054 ], [ 2.1121884, 41.3848588 ], [ 2.1120383, 41.3848542 ] ] } },
{ "type": "Feature", "properties": { "u": 430537456, "v": 687897127, "key": 0, "osmid": "34054327", "oneway": true, "lanes": "2", "name": "Avinguda Diagonal (lateral mar)", "highway": "primary_link", "maxspeed": "50", "reversed": "False", "length": 89.633, "access": null, "junction": null, "ref": null, "width": null, "est_width": null, "tunnel": null, "bridge": null, "service": null }, "geometry": { "type": "LineString", "coordinates": [ [ 2.1125887, 41.3843426 ], [ 2.1128119, 41.3843854 ], [ 2.1136103, 41.3845907 ] ] } },
{ "type": "Feature", "properties": { "u": 430537456, "v": 430537449, "key": 0, "osmid": "37017541", "oneway": true, "lanes": "4", "name": null, "highway": "primary_link", "maxspeed": "50", "reversed": "False", "length": 25.943, "access": null, "junction": null, "ref": null, "width": null, "est_width": null, "tunnel": null, "bridge": null, "service": null }, "geometry": { "type": "LineString", "coordinates": [ [ 2.1125887, 41.3843426 ], [ 2.1125899, 41.3843973 ], [ 2.112575, 41.3844674 ], [ 2.1125407, 41.3845719 ] ] } },
{ "type": "Feature", "properties": { "u": 431481321, "v": 431481322, "key": 0, "osmid": "44029286", "oneway": false, "lanes": "4", "name": "Carrer de la Marina", "highway": "primary", "maxspeed": "50", "reversed": "True", "length": 22.455, "access": null, "junction": null, "ref": null, "width": "15", "est_width": null, "tunnel": null, "bridge": null, "service": null }, "geometry": { "type": "LineString", "coordinates": [ [ 2.1810465, 41.3992773 ], [ 2.1812288, 41.3991287 ] ] } },
{ "type": "Feature", "properties": { "u": 431481321, "v": 536418253, "key": 0, "osmid": [ 237521097, 490667333 ], "oneway": false, "lanes": "6", "name": "Carrer de la Marina", "highway": "primary", "maxspeed": "50", "reversed": "False", "length": 126.648, "access": null, "junction": null, "ref": null, "width": "20", "est_width": null, "tunnel": null, "bridge": null, "service": null }, "geometry": { "type": "LineString", "coordinates": [ [ 2.1810465, 41.3992773 ], [ 2.1809093, 41.3993763 ], [ 2.1808692, 41.3994065 ], [ 2.1808381, 41.3994303 ], [ 2.1807587, 41.3994909 ], [ 2.1806645, 41.3995626 ], [ 2.1806113, 41.3996031 ], [ 2.1801588, 41.3999416 ], [ 2.1801436, 41.3999533 ], [ 2.1799739, 41.4000834 ] ] } },
{ "type": "Feature", "properties": { "u": 431481322, "v": 431481321, "key": 0, "osmid": "44029286", "oneway": false, "lanes": "4", "name": "Carrer de la Marina", "highway": "primary", "maxspeed": "50", "reversed": "False", "length": 22.455, "access": null, "junction": null, "ref": null, "width": "15", "est_width": null, "tunnel": null, "bridge": null, "service": null }, "geometry": { "type": "LineString", "coordinates": [ [ 2.1812288, 41.3991287 ], [ 2.1810465, 41.3992773 ] ] } },
{ "type": "Feature", "properties": { "u": 431481322, "v": 243756418, "key": 0, "osmid": [ 384799563, 931698363 ], "oneway": true, "lanes": "3", "name": "Gran Via de les Corts Catalanes", "highway": "primary", "maxspeed": "50", "reversed": "False", "length": 144.52, "access": null, "junction": null, "ref": "C-31", "width": null, "est_width": null, "tunnel": null, "bridge": null, "service": null }, "geometry": { "type": "LineString", "coordinates": [ [ 2.1812288, 41.3991287 ], [ 2.1813623, 41.3992183 ], [ 2.1813937, 41.3992395 ], [ 2.1822173, 41.3998509 ], [ 2.1822428, 41.3998699 ], [ 2.1824667, 41.4000378 ] ] } },
{ "type": "Feature", "properties": { "u": 431484966, "v": 126812839, "key": 0, "osmid": "217617446", "oneway": true, "lanes": "1", "name": "Gran Via de les Corts Catalanes", "highway": "primary", "maxspeed": "50", "reversed": "False", "length": 91.195, "access": null, "junction": null, "ref": "C-31", "width": null, "est_width": null, "tunnel": null, "bridge": null, "service": null }, "geometry": { "type": "LineString", "coordinates": [ [ 2.1744343, 41.3940629 ], [ 2.1746663, 41.3942473 ], [ 2.174806, 41.3944444 ], [ 2.1748235, 41.3944737 ], [ 2.1748853, 41.394609 ], [ 2.1749375, 41.3947726 ] ] } },
{ "type": "Feature", "properties": { "u": 431484966, "v": 126812841, "key": 0, "osmid": [ 440369834, 483469782 ], "oneway": true, "lanes": "4", "name": "Gran Via de les Corts Catalanes", "highway": "primary", "maxspeed": "50", "reversed": "False", "length": 85.757, "access": null, "junction": null, "ref": "C-31", "width": "8", "est_width": null, "tunnel": null, "bridge": null, "service": null }, "geometry": { "type": "LineString", "coordinates": [ [ 2.1744343, 41.3940629 ], [ 2.1747153, 41.3942061 ], [ 2.1749658, 41.3943313 ], [ 2.1749946, 41.3943411 ], [ 2.175138, 41.394383 ], [ 2.1753344, 41.3944179 ] ] } },
{ "type": "Feature", "properties": { "u": 432467107, "v": 30247382, "key": 0, "osmid": "237555361", "oneway": false, "lanes": "5", "name": "Carrer de Balmes", "highway": "primary_link", "maxspeed": "50", "reversed": "False", "length": 14.744, "access": null, "junction": null, "ref": null, "width": null, "est_width": null, "tunnel": null, "bridge": null, "service": null }, "geometry": { "type": "LineString", "coordinates": [ [ 2.1406505, 41.4044484 ], [ 2.1408094, 41.4043903 ] ] } },
{ "type": "Feature", "properties": { "u": 432467107, "v": 977641429, "key": 0, "osmid": "86331333", "oneway": true, "lanes": "3", "name": "Ronda del General Mitre", "highway": "primary", "maxspeed": "50", "reversed": "False", "length": 40.698, "access": null, "junction": null, "ref": null, "width": null, "est_width": null, "tunnel": null, "bridge": null, "service": null }, "geometry": { "type": "LineString", "coordinates": [ [ 2.1406505, 41.4044484 ], [ 2.1404223, 41.4043483 ], [ 2.1402286, 41.4042645 ] ] } },
{ "type": "Feature", "properties": { "u": 432509969, "v": 3136662659, "key": 0, "osmid": "237506926", "oneway": true, "lanes": "2", "name": "Carrer de Mandri", "highway": "primary_link", "maxspeed": "50", "reversed": "False", "length": 17.926, "access": null, "junction": null, "ref": null, "width": null, "est_width": null, "tunnel": null, "bridge": null, "service": null }, "geometry": { "type": "LineString", "coordinates": [ [ 2.135748, 41.4014799 ], [ 2.1357791, 41.401407 ], [ 2.1358137, 41.4013264 ] ] } },
{ "type": "Feature", "properties": { "u": 442540237, "v": 33098957, "key": 0, "osmid": "294085164", "oneway": true, "lanes": "5", "name": "Carrer d'Aragó", "highway": "primary", "maxspeed": "50", "reversed": "False", "length": 18.358, "access": "yes", "junction": null, "ref": null, "width": "15", "est_width": null, "tunnel": null, "bridge": null, "service": null }, "geometry": { "type": "LineString", "coordinates": [ [ 2.1650354, 41.3922993 ], [ 2.1649746, 41.3922555 ], [ 2.1648746, 41.3921866 ] ] } },
{ "type": "Feature", "properties": { "u": 442540252, "v": 301572279, "key": 0, "osmid": [ 1408524849, 1408525895 ], "oneway": true, "lanes": "5", "name": "Carrer d'Aragó", "highway": "primary", "maxspeed": "50", "reversed": "False", "length": 148.292, "access": "yes", "junction": null, "ref": null, "width": "15", "est_width": null, "tunnel": null, "bridge": null, "service": null }, "geometry": { "type": "LineString", "coordinates": [ [ 2.1647555, 41.3920952 ], [ 2.1647152, 41.3920648 ], [ 2.1645518, 41.3919413 ], [ 2.1644368, 41.3918541 ], [ 2.1643789, 41.3918102 ], [ 2.1641338, 41.3916243 ], [ 2.163782, 41.3913582 ], [ 2.1637104, 41.391304 ], [ 2.1635041, 41.391148 ] ] } },
{ "type": "Feature", "properties": { "u": 446207432, "v": 323160927, "key": 0, "osmid": [ 99256716, 37992957 ], "oneway": true, "lanes": "1", "name": null, "highway": "trunk_link", "maxspeed": "60", "reversed": "False", "length": 100.688, "access": null, "junction": null, "ref": null, "width": null, "est_width": null, "tunnel": null, "bridge": "yes", "service": null }, "geometry": { "type": "LineString", "coordinates": [ [ 2.1967204, 41.4507114 ], [ 2.1964294, 41.4509078 ], [ 2.1962191, 41.4510611 ], [ 2.1960484, 41.45122 ], [ 2.1959149, 41.4513793 ] ] } },
{ "type": "Feature", "properties": { "u": 446207432, "v": 317926474, "key": 0, "osmid": [ 1047599228, 199162062, 1047613982 ], "oneway": true, "lanes": [ "1", "2" ], "name": "Ronda de Dalt (Nus de la Trinitat)", "highway": "trunk", "maxspeed": "60", "reversed": "False", "length": 244.903, "access": null, "junction": null, "ref": "B-20", "width": null, "est_width": null, "tunnel": null, "bridge": "yes", "service": null }, "geometry": { "type": "LineString", "coordinates": [ [ 2.1967204, 41.4507114 ], [ 2.1964775, 41.4508114 ], [ 2.1963588, 41.4508478 ], [ 2.1962212, 41.4508798 ], [ 2.1961302, 41.4508964 ], [ 2.1959589, 41.4509182 ], [ 2.1958139, 41.4509263 ], [ 2.1956511, 41.450925 ], [ 2.1955231, 41.450917 ], [ 2.1953665, 41.4508989 ], [ 2.1951865, 41.4508609 ], [ 2.1950074, 41.4508162 ], [ 2.1948254, 41.4507565 ], [ 2.1946126, 41.4506704 ], [ 2.1944545, 41.4505868 ], [ 2.1943246, 41.4505085 ], [ 2.1942554, 41.4504584 ], [ 2.194114, 41.4503004 ] ] } },
{ "type": "Feature", "properties": { "u": 446207454, "v": 318317466, "key": 0, "osmid": [ 98669344, 1394490882, 1394490883, 98669350, 29380171 ], "oneway": true, "lanes": [ "4", "5" ], "name": null, "highway": "trunk", "maxspeed": "80", "reversed": "False", "length": 771.969, "access": "yes", "junction": null, "ref": "C-58", "width": null, "est_width": null, "tunnel": null, "bridge": "yes", "service": null }, "geometry": { "type": "LineString", "coordinates": [ [ 2.1951114, 41.4533713 ], [ 2.1949725, 41.4536694 ], [ 2.1948921, 41.453813 ], [ 2.1948019, 41.4539547 ], [ 2.1947275, 41.454054 ], [ 2.1946564, 41.4541409 ], [ 2.1945759, 41.4542281 ], [ 2.1944902, 41.4543122 ], [ 2.1943938, 41.4543978 ], [ 2.1942951, 41.4544776 ], [ 2.1941806, 41.4545581 ], [ 2.1941308, 41.4545928 ], [ 2.194081, 41.4546274 ], [ 2.1939639, 41.4546981 ], [ 2.1938284, 41.4547715 ], [ 2.1936592, 41.4548565 ], [ 2.1934816, 41.4549365 ], [ 2.1933185, 41.455004 ], [ 2.1930976, 41.4550858 ], [ 2.1929362, 41.4551421 ], [ 2.1926838, 41.4552268 ], [ 2.1925417, 41.4552719 ], [ 2.1923064, 41.4553422 ], [ 2.1921323, 41.4553894 ], [ 2.1920027, 41.455421 ], [ 2.1918633, 41.4554519 ], [ 2.1917142, 41.4554807 ], [ 2.1915705, 41.4555024 ], [ 2.1914251, 41.4555173 ], [ 2.1912844, 41.4555276 ], [ 2.1911408, 41.455535 ], [ 2.190704, 41.4555555 ], [ 2.1905583, 41.4555671 ], [ 2.1904092, 41.4555833 ], [ 2.1902535, 41.4556062 ], [ 2.1900432, 41.4556458 ], [ 2.1898398, 41.4557016 ], [ 2.1896695, 41.4557572 ], [ 2.1895073, 41.4558248 ], [ 2.1893185, 41.4559092 ], [ 2.1891084, 41.4560276 ], [ 2.1889885, 41.456109 ], [ 2.1889205, 41.4561606 ], [ 2.1888572, 41.4562067 ], [ 2.1887626, 41.456284 ], [ 2.1886015, 41.4564314 ], [ 2.1883006, 41.4567241 ], [ 2.1881903, 41.4568323 ], [ 2.1880771, 41.4569423 ], [ 2.1879104, 41.4570934 ] ] } },
{ "type": "Feature", "properties": { "u": 449383069, "v": 1017920208, "key": 0, "osmid": "310060733", "oneway": true, "lanes": "3", "name": "Avinguda Meridiana", "highway": "primary", "maxspeed": "50", "reversed": "False", "length": 94.917, "access": "yes", "junction": null, "ref": null, "width": "12", "est_width": null, "tunnel": null, "bridge": null, "service": null }, "geometry": { "type": "LineString", "coordinates": [ [ 2.1835613, 41.4294122 ], [ 2.1838646, 41.4289754 ], [ 2.1839636, 41.428825 ], [ 2.1839849, 41.4287896 ], [ 2.1840188, 41.4287435 ], [ 2.1840777, 41.4286516 ] ] } },
{ "type": "Feature", "properties": { "u": 457887476, "v": 3827694228, "key": 0, "osmid": "237657745", "oneway": true, "lanes": "3", "name": "Carrer d'Arnau d'Oms", "highway": "primary", "maxspeed": "50", "reversed": "False", "length": 54.348, "access": null, "junction": null, "ref": null, "width": "11", "est_width": null, "tunnel": null, "bridge": null, "service": null }, "geometry": { "type": "LineString", "coordinates": [ [ 2.1772992, 41.4281938 ], [ 2.1773142, 41.4284356 ], [ 2.1773192, 41.4285651 ], [ 2.1773204, 41.4285966 ], [ 2.1773237, 41.4286822 ] ] } },
{ "type": "Feature", "properties": { "u": 478861367, "v": 1017920156, "key": 0, "osmid": "1395726192", "oneway": true, "lanes": "3", "name": "Carrer de Piferrer", "highway": "primary", "maxspeed": "50", "reversed": "False", "length": 22.382, "access": null, "junction": null, "ref": null, "width": "12", "est_width": null, "tunnel": null, "bridge": null, "service": null }, "geometry": { "type": "LineString", "coordinates": [ [ 2.1774089, 41.4317563 ], [ 2.1774261, 41.4317967 ], [ 2.1774305, 41.4318069 ], [ 2.1774602, 41.4318462 ], [ 2.1775279, 41.4319358 ] ] } },
{ "type": "Feature", "properties": { "u": 478861422, "v": 1700930631, "key": 0, "osmid": "1395726191", "oneway": true, "lanes": "3", "name": "Carrer de Piferrer", "highway": "primary", "maxspeed": "50", "reversed": "False", "length": 38.747, "access": null, "junction": null, "ref": null, "width": null, "est_width": null, "tunnel": null, "bridge": null, "service": null }, "geometry": { "type": "LineString", "coordinates": [ [ 2.1790242, 41.4337314 ], [ 2.1791266, 41.4338111 ], [ 2.1792278, 41.4339007 ], [ 2.1793283, 41.4339946 ] ] } },
{ "type": "Feature", "properties": { "u": 478875473, "v": 415994535, "key": 0, "osmid": [ 157848898, 1395726197 ], "oneway": true, "lanes": "3", "name": "Avinguda de Rio de Janeiro", "highway": "primary", "maxspeed": "50", "reversed": "False", "length": 270.747, "access": null, "junction": null, "ref": null, "width": null, "est_width": null, "tunnel": null, "bridge": null, "service": null }, "geometry": { "type": "LineString", "coordinates": [ [ 2.1797364, 41.4348346 ], [ 2.1797934, 41.434995 ], [ 2.1800536, 41.4357653 ], [ 2.1800952, 41.4358886 ], [ 2.1801027, 41.4359136 ], [ 2.1801142, 41.4359517 ], [ 2.1802874, 41.436453 ], [ 2.1804126, 41.4368067 ], [ 2.1804715, 41.4369731 ], [ 2.180484, 41.4370084 ], [ 2.1805002, 41.4370525 ], [ 2.1805499, 41.4371918 ] ] } },
{ "type": "Feature", "properties": { "u": 481122454, "v": 252850941, "key": 0, "osmid": [ 450125624, 450125616, 450125626 ], "oneway": true, "lanes": "4", "name": "Avinguda Meridiana", "highway": "primary", "maxspeed": "50", "reversed": "False", "length": 240.956, "access": "yes", "junction": null, "ref": null, "width": "13", "est_width": null, "tunnel": null, "bridge": null, "service": null }, "geometry": { "type": "LineString", "coordinates": [ [ 2.1834305, 41.4340962 ], [ 2.1832413, 41.4335402 ], [ 2.1831132, 41.4331639 ], [ 2.1830465, 41.4329679 ], [ 2.1829461, 41.432711 ], [ 2.1827994, 41.4323095 ], [ 2.1827623, 41.4321991 ], [ 2.1827259, 41.4320906 ], [ 2.1827081, 41.4320341 ], [ 2.1826963, 41.4320005 ] ] } },
{ "type": "Feature", "properties": { "u": 482511496, "v": 2976987341, "key": 0, "osmid": "29380279", "oneway": true, "lanes": "2", "name": "Avinguda de Rio de Janeiro", "highway": "primary", "maxspeed": "50", "reversed": "False", "length": 169.585, "access": null, "junction": null, "ref": null, "width": null, "est_width": null, "tunnel": null, "bridge": null, "service": null }, "geometry": { "type": "LineString", "coordinates": [ [ 2.1818758, 41.4393298 ], [ 2.1820143, 41.439444 ], [ 2.1820706, 41.4394931 ], [ 2.1821082, 41.4395273 ], [ 2.1830184, 41.4402807 ], [ 2.1830446, 41.4403025 ], [ 2.1832413, 41.4404602 ] ] } },
{ "type": "Feature", "properties": { "u": 494973581, "v": 1695282575, "key": 0, "osmid": [ 1395730805, 541977661, 541977660 ], "oneway": true, "lanes": "3", "name": "Avinguda dels Quinze", "highway": "primary", "maxspeed": "50", "reversed": "False", "length": 117.954, "access": null, "junction": null, "ref": null, "width": "9", "est_width": null, "tunnel": null, "bridge": null, "service": null }, "geometry": { "type": "LineString", "coordinates": [ [ 2.1743793, 41.4289182 ], [ 2.1744254, 41.4287797 ], [ 2.1744698, 41.4286513 ], [ 2.1745527, 41.4284592 ], [ 2.1746436, 41.428319 ], [ 2.1746559, 41.4283001 ], [ 2.1746974, 41.4282362 ], [ 2.174754, 41.4281488 ], [ 2.1748051, 41.428084 ], [ 2.1748223, 41.4280622 ], [ 2.1749136, 41.4279427 ] ] } },
{ "type": "Feature", "properties": { "u": 499122835, "v": 4189406778, "key": 0, "osmid": "1395730806", "oneway": true, "lanes": "3", "name": "Passeig de Fabra i Puig", "highway": "primary", "maxspeed": "30", "reversed": "False", "length": 71.727, "access": null, "junction": null, "ref": null, "width": "12", "est_width": null, "tunnel": null, "bridge": null, "service": null }, "geometry": { "type": "LineString", "coordinates": [ [ 2.1755421, 41.4303027 ], [ 2.1749764, 41.4303102 ], [ 2.1749151, 41.4303113 ], [ 2.1748476, 41.4303119 ], [ 2.1746821, 41.4303184 ] ] } },
{ "type": "Feature", "properties": { "u": 506223414, "v": 559418993, "key": 0, "osmid": [ 237787041, 545747651 ], "oneway": true, "lanes": "2", "name": "Gran Via de les Corts Catalanes (lateral muntanya)", "highway": "primary_link", "maxspeed": "50", "reversed": "False", "length": 157.222, "access": null, "junction": null, "ref": null, "width": null, "est_width": null, "tunnel": null, "bridge": null, "service": null }, "geometry": { "type": "LineString", "coordinates": [ [ 2.196007, 41.4104129 ], [ 2.1958557, 41.4102998 ], [ 2.1958307, 41.4102803 ], [ 2.1948967, 41.4096048 ], [ 2.1948902, 41.4096001 ], [ 2.1947738, 41.409516 ], [ 2.1947276, 41.409482 ], [ 2.1946958, 41.4094597 ], [ 2.1946529, 41.4094292 ] ] } },
{ "type": "Feature", "properties": { "u": 511123411, "v": 30237483, "key": 0, "osmid": [ 544164280, 237805207 ], "oneway": true, "lanes": "4", "name": "Carrer de Numància", "highway": "primary", "maxspeed": "50", "reversed": "False", "length": 138.544, "access": null, "junction": null, "ref": null, "width": "11", "est_width": null, "tunnel": null, "bridge": null, "service": null }, "geometry": { "type": "LineString", "coordinates": [ [ 2.1371617, 41.3850309 ], [ 2.1372047, 41.3849894 ], [ 2.1372512, 41.3849425 ], [ 2.1375116, 41.3846714 ], [ 2.1377642, 41.3844289 ], [ 2.1380366, 41.3841673 ], [ 2.1380571, 41.3841476 ], [ 2.1381687, 41.3840404 ] ] } },
{ "type": "Feature", "properties": { "u": 522578984, "v": 1116318687, "key": 0, "osmid": [ 34638072, 34638075 ], "oneway": true, "lanes": "2", "name": [ "Avinguda de l'Estatut de Catalunya", "Rambla del Carmel" ], "highway": "primary", "maxspeed": "40", "reversed": "False", "length": 229.995, "access": null, "junction": null, "ref": null, "width": null, "est_width": null, "tunnel": "yes", "bridge": null, "service": null }, "geometry": { "type": "LineString", "coordinates": [ [ 2.1570336, 41.4289084 ], [ 2.1572684, 41.4285572 ], [ 2.1573072, 41.4284772 ], [ 2.157343, 41.4283648 ], [ 2.1574669, 41.4278339 ], [ 2.157576, 41.4274145 ], [ 2.1575783, 41.427305 ], [ 2.1575689, 41.427246 ], [ 2.1575378, 41.4271786 ], [ 2.1574932, 41.4271075 ], [ 2.1574559, 41.4270437 ], [ 2.1574428, 41.4270069 ], [ 2.1574367, 41.4269682 ], [ 2.1574338, 41.4269252 ] ] } },
{ "type": "Feature", "properties": { "u": 522578984, "v": 2665243611, "key": 0, "osmid": [ 1365381000, 260926071 ], "oneway": true, "lanes": null, "name": null, "highway": "primary_link", "maxspeed": "50", "reversed": "False", "length": 141.254, "access": null, "junction": null, "ref": null, "width": null, "est_width": null, "tunnel": "yes", "bridge": null, "service": null }, "geometry": { "type": "LineString", "coordinates": [ [ 2.1570336, 41.4289084 ], [ 2.1570816, 41.428768 ], [ 2.1571076, 41.4286296 ], [ 2.1571031, 41.4285208 ], [ 2.1570888, 41.4283722 ], [ 2.1571013, 41.428273 ], [ 2.1572033, 41.4277712 ], [ 2.1572068, 41.4277314 ], [ 2.1572016, 41.4276745 ], [ 2.1571929, 41.4276518 ] ] } },
{ "type": "Feature", "properties": { "u": 530687855, "v": 1121909724, "key": 0, "osmid": [ 1395752172, 1395746247 ], "oneway": true, "lanes": "4", "name": "Carrer de Tarragona", "highway": "primary", "maxspeed": "50", "reversed": "False", "length": 128.746, "access": null, "junction": null, "ref": null, "width": "14", "est_width": null, "tunnel": null, "bridge": null, "service": null }, "geometry": { "type": "LineString", "coordinates": [ [ 2.1437998, 41.3796674 ], [ 2.1438965, 41.3795891 ], [ 2.1439323, 41.3795626 ], [ 2.1444111, 41.3792072 ], [ 2.1446804, 41.379006 ], [ 2.1447096, 41.3789857 ], [ 2.1448608, 41.3788778 ], [ 2.1448953, 41.3788522 ] ] } },
{ "type": "Feature", "properties": { "u": 533616095, "v": 1771982098, "key": 0, "osmid": "294056758", "oneway": true, "lanes": "1", "name": "Via Augusta", "highway": "primary_link", "maxspeed": "30", "reversed": "False", "length": 27.729, "access": null, "junction": null, "ref": null, "width": null, "est_width": null, "tunnel": null, "bridge": null, "service": null }, "geometry": { "type": "LineString", "coordinates": [ [ 2.1240124, 41.3995249 ], [ 2.1240381, 41.3995113 ], [ 2.1241488, 41.3994731 ], [ 2.1242099, 41.3994516 ], [ 2.1243163, 41.3994262 ] ] } },
{ "type": "Feature", "properties": { "u": 536418253, "v": 3193317991, "key": 0, "osmid": [ 237519393, 165522954 ], "oneway": true, "lanes": "5", "name": "Carrer de la Marina", "highway": "primary", "maxspeed": "50", "reversed": "False", "length": 134.95, "access": null, "junction": null, "ref": null, "width": "13", "est_width": null, "tunnel": null, "bridge": null, "service": null }, "geometry": { "type": "LineString", "coordinates": [ [ 2.1799739, 41.4000834 ], [ 2.1799391, 41.4001092 ], [ 2.1798231, 41.4002002 ], [ 2.1790954, 41.4007545 ], [ 2.1790906, 41.4007581 ], [ 2.1790658, 41.400777 ], [ 2.179034, 41.4008045 ], [ 2.1789964, 41.400836 ], [ 2.1789192, 41.4009025 ], [ 2.1788592, 41.400962 ] ] } },
{ "type": "Feature", "properties": { "u": 536418253, "v": 431481321, "key": 0, "osmid": [ 237521097, 490667333 ], "oneway": false, "lanes": "6", "name": "Carrer de la Marina", "highway": "primary", "maxspeed": "50", "reversed": "True", "length": 126.648, "access": null, "junction": null, "ref": null, "width": "20", "est_width": null, "tunnel": null, "bridge": null, "service": null }, "geometry": { "type": "LineString", "coordinates": [ [ 2.1799739, 41.4000834 ], [ 2.1801436, 41.3999533 ], [ 2.1801588, 41.3999416 ], [ 2.1806113, 41.3996031 ], [ 2.1806645, 41.3995626 ], [ 2.1807587, 41.3994909 ], [ 2.1808381, 41.3994303 ], [ 2.1808692, 41.3994065 ], [ 2.1809093, 41.3993763 ], [ 2.1810465, 41.3992773 ] ] } },
{ "type": "Feature", "properties": { "u": 536838775, "v": 26198844, "key": 0, "osmid": [ 532698806, 237529495 ], "oneway": true, "lanes": "5", "name": "Gran Via de les Corts Catalanes", "highway": "primary", "maxspeed": "50", "reversed": "False", "length": 132.083, "access": null, "junction": null, "ref": "C-31", "width": "18", "est_width": null, "tunnel": null, "bridge": null, "service": null }, "geometry": { "type": "LineString", "coordinates": [ [ 2.1517942, 41.3770279 ], [ 2.1518308, 41.3770547 ], [ 2.1519286, 41.3771257 ], [ 2.1523969, 41.3774695 ], [ 2.1527466, 41.3777407 ], [ 2.1527713, 41.3777598 ], [ 2.1529122, 41.3778687 ] ] } },
{ "type": "Feature", "properties": { "u": 540312574, "v": 3182649504, "key": 0, "osmid": [ 34054320, 812545735 ], "oneway": true, "lanes": "2", "name": "Ronda del Mig", "highway": "primary", "maxspeed": "60", "reversed": "False", "length": 632.954, "access": null, "junction": null, "ref": null, "width": null, "est_width": null, "tunnel": "yes", "bridge": null, "service": null }, "geometry": { "type": "LineString", "coordinates": [ [ 2.132122, 41.37122 ], [ 2.1316765, 41.3723941 ], [ 2.1315593, 41.3727029 ], [ 2.1313205, 41.3733037 ], [ 2.1312919, 41.3733757 ], [ 2.1310688, 41.3739369 ], [ 2.1308322, 41.3745321 ], [ 2.1303782, 41.3759728 ], [ 2.1301216, 41.3767092 ] ] } },
{ "type": "Feature", "properties": { "u": 540312576, "v": 8121510030, "key": 0, "osmid": [ 43125905, 1395710325, 1395710326, 902143607 ], "oneway": true, "lanes": [ "1", "2" ], "name": "Gran Via de Carles III", "highway": "primary_link", "maxspeed": "50", "reversed": "False", "length": 197.868, "access": null, "junction": null, "ref": null, "width": null, "est_width": null, "tunnel": null, "bridge": null, "service": null }, "geometry": { "type": "LineString", "coordinates": [ [ 2.1293553, 41.379502 ], [ 2.1293258, 41.3796039 ], [ 2.1292683, 41.3797944 ], [ 2.1292179, 41.379965 ], [ 2.1291529, 41.3801923 ], [ 2.1291161, 41.3803121 ], [ 2.1290798, 41.3804282 ], [ 2.1290282, 41.3805848 ], [ 2.1289956, 41.380681 ], [ 2.1289578, 41.3807866 ], [ 2.128921, 41.3808786 ], [ 2.1288446, 41.3810627 ], [ 2.1287842, 41.3812283 ] ] } },
{ "type": "Feature", "properties": { "u": 540312579, "v": 630600430, "key": 0, "osmid": [ 49581770, 1395710334 ], "oneway": true, "lanes": "2", "name": "Gran Via de Carles III", "highway": "primary_link", "maxspeed": "50", "reversed": "False", "length": 150.499, "access": "yes", "junction": null, "ref": null, "width": null, "est_width": null, "tunnel": null, "bridge": null, "service": null }, "geometry": { "type": "LineString", "coordinates": [ [ 2.1283098, 41.3825158 ], [ 2.1282618, 41.3826356 ], [ 2.1279705, 41.3835175 ], [ 2.127868, 41.3838279 ] ] } },
{ "type": "Feature", "properties": { "u": 540312581, "v": 540312579, "key": 0, "osmid": "542495687", "oneway": true, "lanes": "3", "name": "Gran Via de Carles III", "highway": "primary_link", "maxspeed": "50", "reversed": "False", "length": 69.938, "access": null, "junction": null, "ref": null, "width": null, "est_width": null, "tunnel": null, "bridge": null, "service": null }, "geometry": { "type": "LineString", "coordinates": [ [ 2.1284891, 41.3819014 ], [ 2.1284164, 41.3821505 ], [ 2.1283832, 41.3822616 ], [ 2.1283608, 41.3823364 ], [ 2.128346, 41.3823858 ], [ 2.1283098, 41.3825158 ] ] } },
{ "type": "Feature", "properties": { "u": 540312582, "v": 690411236, "key": 0, "osmid": [ 1395710331, 542495686 ], "oneway": true, "lanes": "2", "name": "Ronda del Mig", "highway": "primary", "maxspeed": "60", "reversed": "False", "length": 372.772, "access": null, "junction": null, "ref": null, "width": null, "est_width": null, "tunnel": "yes", "bridge": null, "service": null }, "geometry": { "type": "LineString", "coordinates": [ [ 2.129028, 41.3798716 ], [ 2.1286123, 41.3811167 ], [ 2.1281098, 41.3825383 ], [ 2.1279968, 41.3828578 ], [ 2.1279054, 41.3831164 ] ] } },
{ "type": "Feature", "properties": { "u": 540312582, "v": 540312587, "key": 0, "osmid": [ 1395701664, 43125906 ], "oneway": true, "lanes": null, "name": "Gran Via de Carles III", "highway": "primary_link", "maxspeed": "50", "reversed": "False", "length": 172.031, "access": null, "junction": null, "ref": null, "width": null, "est_width": null, "tunnel": "yes", "bridge": null, "service": null }, "geometry": { "type": "LineString", "coordinates": [ [ 2.129028, 41.3798716 ], [ 2.1289636, 41.3802816 ], [ 2.1289415, 41.3803789 ], [ 2.1289295, 41.3804319 ], [ 2.1288874, 41.3806172 ], [ 2.1287967, 41.380896 ], [ 2.1286552, 41.3813916 ] ] } },
{ "type": "Feature", "properties": { "u": 540312587, "v": 540312581, "key": 0, "osmid": [ 1395710329, 542495687 ], "oneway": true, "lanes": "3", "name": "Gran Via de Carles III", "highway": "primary_link", "maxspeed": "50", "reversed": "False", "length": 58.36, "access": null, "junction": null, "ref": null, "width": null, "est_width": null, "tunnel": null, "bridge": null, "service": null }, "geometry": { "type": "LineString", "coordinates": [ [ 2.1286552, 41.3813916 ], [ 2.1285921, 41.3815814 ], [ 2.1285138, 41.3818167 ], [ 2.1284891, 41.3819014 ] ] } },
{ "type": "Feature", "properties": { "u": 541643976, "v": 9231111336, "key": 0, "osmid": [ 1047840783, 1239922578, 149036726, 1000038393, 1393171293 ], "oneway": true, "lanes": "3", "name": [ "Túnel Glòries", "Gran Via de les Corts Catalanes" ], "highway": "primary", "maxspeed": "50", "reversed": "False", "length": 1097.822, "access": "yes", "junction": null, "ref": "C-31", "width": null, "est_width": null, "tunnel": "yes", "bridge": null, "service": null }, "geometry": { "type": "LineString", "coordinates": [ [ 2.1835902, 41.400841 ], [ 2.1837759, 41.4009761 ], [ 2.1845834, 41.4015834 ], [ 2.1846178, 41.4016092 ], [ 2.1861568, 41.4026852 ], [ 2.1877843, 41.403935 ], [ 2.1881401, 41.4042359 ], [ 2.1895766, 41.4053261 ], [ 2.1919677, 41.4071409 ], [ 2.1925949, 41.4076207 ], [ 2.1926853, 41.4076832 ], [ 2.1926856, 41.4076834 ], [ 2.1928813, 41.4078317 ] ] } },
{ "type": "Feature", "properties": { "u": 543553141, "v": 559417174, "key": 0, "osmid": "1393171300", "oneway": true, "lanes": "3", "name": "Gran Via de les Corts Catalanes (lateral mar)", "highway": "primary_link", "maxspeed": "50", "reversed": "False", "length": 48.157, "access": null, "junction": null, "ref": null, "width": null, "est_width": null, "tunnel": null, "bridge": null, "service": null }, "geometry": { "type": "LineString", "coordinates": [ [ 2.2017725, 41.4143533 ], [ 2.2018044, 41.4143768 ], [ 2.2018659, 41.4144188 ], [ 2.2021806, 41.4146596 ] ] } },
{ "type": "Feature", "properties": { "u": 552864169, "v": 559591886, "key": 0, "osmid": [ 44010201, 1394466923, 237649294, 44010199 ], "oneway": true, "lanes": "2", "name": null, "highway": "trunk_link", "maxspeed": "80", "reversed": "False", "length": 290.981, "access": null, "junction": null, "ref": null, "width": null, "est_width": null, "tunnel": null, "bridge": "yes", "service": null }, "geometry": { "type": "LineString", "coordinates": [ [ 2.1505246, 41.3506193 ], [ 2.1507657, 41.3507036 ], [ 2.1508182, 41.3507219 ], [ 2.1511118, 41.3508245 ], [ 2.1516312, 41.3509955 ], [ 2.1521436, 41.351156 ], [ 2.1524845, 41.3512609 ], [ 2.152815, 41.3513553 ], [ 2.1531412, 41.3514412 ], [ 2.1536516, 41.3515598 ], [ 2.1537614, 41.3515825 ] ] } },
{ "type": "Feature", "properties": { "u": 552884433, "v": 552884436, "key": 0, "osmid": "43686581", "oneway": true, "lanes": null, "name": null, "highway": "trunk_link", "maxspeed": null, "reversed": "False", "length": 36.545, "access": null, "junction": null, "ref": null, "width": null, "est_width": null, "tunnel": null, "bridge": null, "service": null }, "geometry": { "type": "LineString", "coordinates": [ [ 2.1448588, 41.3490935 ], [ 2.144882, 41.349054 ], [ 2.14489, 41.3490215 ], [ 2.1448907, 41.3489906 ], [ 2.1448784, 41.3489303 ], [ 2.1448189, 41.3487761 ] ] } },
{ "type": "Feature", "properties": { "u": 552884436, "v": 36756096, "key": 0, "osmid": "43686633", "oneway": true, "lanes": "1", "name": null, "highway": "trunk_link", "maxspeed": null, "reversed": "False", "length": 191.623, "access": null, "junction": null, "ref": null, "width": null, "est_width": null, "tunnel": null, "bridge": null, "service": null }, "geometry": { "type": "LineString", "coordinates": [ [ 2.1448189, 41.3487761 ], [ 2.1446912, 41.3487 ], [ 2.1445689, 41.3486294 ], [ 2.1444543, 41.3485668 ], [ 2.1441958, 41.3484295 ], [ 2.1439586, 41.348315 ], [ 2.1429078, 41.3478238 ] ] } },
{ "type": "Feature", "properties": { "u": 552884560, "v": 552884620, "key": 0, "osmid": "43686591", "oneway": true, "lanes": null, "name": null, "highway": "trunk_link", "maxspeed": null, "reversed": "False", "length": 228.185, "access": null, "junction": null, "ref": null, "width": null, "est_width": null, "tunnel": null, "bridge": null, "service": null }, "geometry": { "type": "LineString", "coordinates": [ [ 2.1487636, 41.3471025 ], [ 2.1487259, 41.3471498 ], [ 2.1486675, 41.3472276 ], [ 2.1486091, 41.3473085 ], [ 2.148576, 41.3473758 ], [ 2.1485578, 41.3474442 ], [ 2.1485478, 41.3475233 ], [ 2.1485526, 41.3479274 ], [ 2.1485076, 41.3481995 ], [ 2.1484704, 41.3483465 ], [ 2.1484295, 41.348475 ], [ 2.1483587, 41.3486846 ], [ 2.1482909, 41.3488876 ], [ 2.1482668, 41.3489807 ], [ 2.1482465, 41.349094 ] ] } },
{ "type": "Feature", "properties": { "u": 552884620, "v": 552864169, "key": 0, "osmid": [ 237649297, 1022702171, 1395732303 ], "oneway": true, "lanes": [ "1", "2" ], "name": null, "highway": "trunk_link", "maxspeed": [ "40", "70" ], "reversed": "False", "length": 265.534, "access": null, "junction": null, "ref": null, "width": null, "est_width": null, "tunnel": null, "bridge": null, "service": null }, "geometry": { "type": "LineString", "coordinates": [ [ 2.1482465, 41.349094 ], [ 2.1482554, 41.3491518 ], [ 2.1482671, 41.3491967 ], [ 2.1482899, 41.349271 ], [ 2.1483174, 41.3493409 ], [ 2.1483612, 41.3494226 ], [ 2.1484027, 41.3494902 ], [ 2.148464, 41.3495622 ], [ 2.1485297, 41.349632 ], [ 2.1485937, 41.3496874 ], [ 2.1486817, 41.3497529 ], [ 2.1488097, 41.349836 ], [ 2.1489318, 41.3499036 ], [ 2.149158, 41.3500201 ], [ 2.1493812, 41.3501231 ], [ 2.1496759, 41.3502608 ], [ 2.1499616, 41.3503816 ], [ 2.1505246, 41.3506193 ] ] } },
{ "type": "Feature", "properties": { "u": 552884794, "v": 552884819, "key": 0, "osmid": "43686618", "oneway": true, "lanes": null, "name": null, "highway": "trunk_link", "maxspeed": null, "reversed": "False", "length": 30.535, "access": null, "junction": null, "ref": null, "width": null, "est_width": null, "tunnel": null, "bridge": null, "service": null }, "geometry": { "type": "LineString", "coordinates": [ [ 2.1468484, 41.3495512 ], [ 2.1466988, 41.3496307 ], [ 2.1466621, 41.3496496 ], [ 2.1466208, 41.3496601 ], [ 2.1465271, 41.3496687 ] ] } },
{ "type": "Feature", "properties": { "u": 552884819, "v": 552884824, "key": 0, "osmid": "1395674495", "oneway": true, "lanes": null, "name": null, "highway": "trunk_link", "maxspeed": null, "reversed": "False", "length": 38.835, "access": null, "junction": null, "ref": null, "width": null, "est_width": null, "tunnel": null, "bridge": null, "service": null }, "geometry": { "type": "LineString", "coordinates": [ [ 2.1465271, 41.3496687 ], [ 2.1464279, 41.3496794 ], [ 2.1463288, 41.3496803 ], [ 2.1462466, 41.3496731 ], [ 2.146179, 41.3496609 ], [ 2.1460732, 41.3496298 ] ] } },
{ "type": "Feature", "properties": { "u": 552884824, "v": 552884436, "key": 0, "osmid": "43686633", "oneway": true, "lanes": "1", "name": null, "highway": "trunk_link", "maxspeed": null, "reversed": "False", "length": 141.332, "access": null, "junction": null, "ref": null, "width": null, "est_width": null, "tunnel": null, "bridge": null, "service": null }, "geometry": { "type": "LineString", "coordinates": [ [ 2.1460732, 41.3496298 ], [ 2.1453521, 41.3491321 ], [ 2.1450433, 41.3489245 ], [ 2.1448189, 41.3487761 ] ] } },
{ "type": "Feature", "properties": { "u": 552884852, "v": 559591835, "key": 0, "osmid": "44010204", "oneway": true, "lanes": "1", "name": null, "highway": "trunk_link", "maxspeed": null, "reversed": "False", "length": 165.676, "access": null, "junction": null, "ref": null, "width": null, "est_width": null, "tunnel": null, "bridge": null, "service": null }, "geometry": { "type": "LineString", "coordinates": [ [ 2.1500868, 41.350907 ], [ 2.1498629, 41.3508102 ], [ 2.1495155, 41.3506476 ], [ 2.1491309, 41.3504563 ], [ 2.1487967, 41.3502862 ], [ 2.1484227, 41.3500958 ] ] } },
{ "type": "Feature", "properties": { "u": 552884852, "v": 552884857, "key": 0, "osmid": "44011195", "oneway": true, "lanes": "2", "name": null, "highway": "trunk_link", "maxspeed": null, "reversed": "False", "length": 21.901, "access": null, "junction": null, "ref": null, "width": null, "est_width": null, "tunnel": null, "bridge": null, "service": null }, "geometry": { "type": "LineString", "coordinates": [ [ 2.1500868, 41.350907 ], [ 2.1499039, 41.3508558 ], [ 2.1498396, 41.3508412 ] ] } },
{ "type": "Feature", "properties": { "u": 552884857, "v": 552884802, "key": 0, "osmid": "43686624", "oneway": true, "lanes": "1", "name": null, "highway": "trunk_link", "maxspeed": null, "reversed": "False", "length": 302.22, "access": null, "junction": null, "ref": null, "width": null, "est_width": null, "tunnel": null, "bridge": null, "service": null }, "geometry": { "type": "LineString", "coordinates": [ [ 2.1498396, 41.3508412 ], [ 2.1493958, 41.3507301 ], [ 2.1483017, 41.3504335 ], [ 2.1477836, 41.3502819 ], [ 2.1472181, 41.3501091 ], [ 2.1468327, 41.3499859 ], [ 2.1467686, 41.349977 ], [ 2.1467076, 41.3499773 ], [ 2.1465963, 41.3499969 ], [ 2.1464545, 41.350058 ] ] } },
{ "type": "Feature", "properties": { "u": 552884857, "v": 552884948, "key": 0, "osmid": [ 1395732304, 43686625, 43686627, 818323893 ], "oneway": true, "lanes": "2", "name": null, "highway": "trunk_link", "maxspeed": null, "reversed": "False", "length": 571.856, "access": null, "junction": null, "ref": null, "width": null, "est_width": null, "tunnel": null, "bridge": "yes", "service": null }, "geometry": { "type": "LineString", "coordinates": [ [ 2.1498396, 41.3508412 ], [ 2.1495604, 41.3507389 ], [ 2.149021, 41.3505478 ], [ 2.1486094, 41.3504046 ], [ 2.1478898, 41.3501511 ], [ 2.1470174, 41.3498149 ], [ 2.1463136, 41.3495277 ], [ 2.1460468, 41.349402 ], [ 2.1458852, 41.3493149 ], [ 2.1457275, 41.3492127 ], [ 2.1456336, 41.3491363 ], [ 2.1455423, 41.349046 ], [ 2.1454933, 41.3489671 ], [ 2.145447, 41.3488854 ], [ 2.1453973, 41.3487615 ], [ 2.1453775, 41.3486692 ], [ 2.1453722, 41.3485973 ], [ 2.1453808, 41.3484844 ], [ 2.1454009, 41.3484019 ], [ 2.1454264, 41.3483304 ], [ 2.145473, 41.3482371 ], [ 2.1455288, 41.3481534 ], [ 2.1455725, 41.3480962 ], [ 2.1456163, 41.3480389 ], [ 2.145905, 41.3477507 ] ] } },
{ "type": "Feature", "properties": { "u": 552884948, "v": 552884492, "key": 0, "osmid": "542336927", "oneway": true, "lanes": "2", "name": null, "highway": "trunk_link", "maxspeed": null, "reversed": "False", "length": 21.06, "access": null, "junction": null, "ref": null, "width": null, "est_width": null, "tunnel": null, "bridge": null, "service": null }, "geometry": { "type": "LineString", "coordinates": [ [ 2.145905, 41.3477507 ], [ 2.1460918, 41.3476234 ] ] } },
{ "type": "Feature", "properties": { "u": 552885018, "v": 552884824, "key": 0, "osmid": "43686633", "oneway": true, "lanes": "1", "name": null, "highway": "trunk_link", "maxspeed": null, "reversed": "False", "length": 44.5, "access": null, "junction": null, "ref": null, "width": null, "est_width": null, "tunnel": null, "bridge": null, "service": null }, "geometry": { "type": "LineString", "coordinates": [ [ 2.146314, 41.3499771 ], [ 2.1462807, 41.3498646 ], [ 2.1462408, 41.349786 ], [ 2.1461892, 41.34973 ], [ 2.1460732, 41.3496298 ] ] } },
{ "type": "Feature", "properties": { "u": 559032149, "v": 26057312, "key": 0, "osmid": "440369835", "oneway": true, "lanes": "4", "name": "Gran Via de les Corts Catalanes", "highway": "primary", "maxspeed": "50", "reversed": "False", "length": 22.857, "access": null, "junction": null, "ref": "C-31", "width": "8", "est_width": null, "tunnel": null, "bridge": null, "service": null }, "geometry": { "type": "LineString", "coordinates": [ [ 2.1685306, 41.3894271 ], [ 2.1684898, 41.3894807 ], [ 2.1684002, 41.3895647 ], [ 2.16837, 41.389593 ] ] } },
{ "type": "Feature", "properties": { "u": 559032149, "v": 3229689808, "key": 0, "osmid": "545718429", "oneway": true, "lanes": "3", "name": "Gran Via de les Corts Catalanes", "highway": "primary", "maxspeed": "50", "reversed": "False", "length": 23.381, "access": null, "junction": null, "ref": "C-31", "width": null, "est_width": null, "tunnel": null, "bridge": null, "service": null }, "geometry": { "type": "LineString", "coordinates": [ [ 2.1685306, 41.3894271 ], [ 2.1685439, 41.3895918 ], [ 2.1685474, 41.389637 ] ] } },
{ "type": "Feature", "properties": { "u": 559061397, "v": 559061399, "key": 0, "osmid": [ 545724433, 1393171306, 363815643 ], "oneway": true, "lanes": "2", "name": "Gran Via de les Corts Catalanes (lateral mar)", "highway": "primary_link", "maxspeed": "50", "reversed": "False", "length": 119.653, "access": "yes", "junction": null, "ref": null, "width": null, "est_width": null, "tunnel": null, "bridge": null, "service": null }, "geometry": { "type": "LineString", "coordinates": [ [ 2.1939349, 41.4084637 ], [ 2.1940769, 41.4085679 ], [ 2.1947071, 41.4090304 ], [ 2.1947307, 41.409048 ], [ 2.19486, 41.4091513 ], [ 2.1948981, 41.4091815 ], [ 2.19494, 41.4092297 ] ] } },
{ "type": "Feature", "properties": { "u": 559061399, "v": 559414533, "key": 0, "osmid": "237787040", "oneway": true, "lanes": "2", "name": "Gran Via de les Corts Catalanes (lateral mar)", "highway": "primary_link", "maxspeed": "30", "reversed": "False", "length": 266.351, "access": null, "junction": null, "ref": null, "width": null, "est_width": null, "tunnel": null, "bridge": null, "service": null }, "geometry": { "type": "LineString", "coordinates": [ [ 2.19494, 41.4092297 ], [ 2.1949731, 41.4092664 ], [ 2.1950018, 41.4092945 ], [ 2.196053, 41.4100869 ], [ 2.1960672, 41.4100976 ], [ 2.1971083, 41.4108792 ], [ 2.1971446, 41.4109059 ], [ 2.1971822, 41.410934 ] ] } },
{ "type": "Feature", "properties": { "u": 559414533, "v": 559415593, "key": 0, "osmid": [ 237787040, 545724432, 1393171294 ], "oneway": true, "lanes": "2", "name": "Gran Via de les Corts Catalanes (lateral mar)", "highway": "primary_link", "maxspeed": "30", "reversed": "False", "length": 137.296, "access": null, "junction": null, "ref": null, "width": null, "est_width": null, "tunnel": null, "bridge": null, "service": null }, "geometry": { "type": "LineString", "coordinates": [ [ 2.1971822, 41.410934 ], [ 2.1972555, 41.4109888 ], [ 2.1974639, 41.4111447 ], [ 2.1974789, 41.4111548 ], [ 2.1980699, 41.4115976 ], [ 2.1982173, 41.4117093 ], [ 2.1982492, 41.411733 ], [ 2.1983052, 41.4117736 ], [ 2.198348, 41.4118058 ] ] } },
{ "type": "Feature", "properties": { "u": 559415593, "v": 559415597, "key": 0, "osmid": "237787042", "oneway": true, "lanes": "1", "name": "Gran Via de les Corts Catalanes (lateral mar)", "highway": "primary_link", "maxspeed": "30", "reversed": "False", "length": 154.555, "access": null, "junction": null, "ref": null, "width": null, "est_width": null, "tunnel": null, "bridge": null, "service": null }, "geometry": { "type": "LineString", "coordinates": [ [ 2.198348, 41.4118058 ], [ 2.1984459, 41.4118799 ], [ 2.1994512, 41.4126308 ], [ 2.199484, 41.4126554 ], [ 2.1996603, 41.4127873 ] ] } },
{ "type": "Feature", "properties": { "u": 559415593, "v": 559419000, "key": 0, "osmid": [ 440369832, 43994496, 449991614 ], "oneway": true, "lanes": "3", "name": "Carrer de Bac de Roda", "highway": "primary_link", "maxspeed": "50", "reversed": "False", "length": 28.797, "access": null, "junction": null, "ref": null, "width": "9", "est_width": null, "tunnel": null, "bridge": "yes", "service": null }, "geometry": { "type": "LineString", "coordinates": [ [ 2.198348, 41.4118058 ], [ 2.1983125, 41.4118325 ], [ 2.198206, 41.4119135 ], [ 2.198147, 41.4119569 ], [ 2.1981042, 41.4119892 ] ] } },
{ "type": "Feature", "properties": { "u": 559415597, "v": 543553141, "key": 0, "osmid": [ 237787042, 1393171299, 1393171298, 545724431 ], "oneway": true, "lanes": [ "1", "2" ], "name": "Gran Via de les Corts Catalanes (lateral mar)", "highway": "primary_link", "maxspeed": [ "30", "50" ], "reversed": "False", "length": 247.769, "access": null, "junction": null, "ref": null, "width": null, "est_width": null, "tunnel": null, "bridge": null, "service": null }, "geometry": { "type": "LineString", "coordinates": [ [ 2.1996603, 41.4127873 ], [ 2.2006598, 41.4135347 ], [ 2.2006923, 41.4135589 ], [ 2.2009063, 41.4137155 ], [ 2.2009122, 41.4137197 ], [ 2.2015069, 41.4141715 ], [ 2.2015606, 41.4142123 ], [ 2.201608, 41.4142483 ], [ 2.2016254, 41.4142624 ], [ 2.2016541, 41.414283 ], [ 2.2017725, 41.4143533 ] ] } },
{ "type": "Feature", "properties": { "u": 559417174, "v": 559420254, "key": 0, "osmid": [ 43995024, 43995025 ], "oneway": true, "lanes": "1", "name": null, "highway": "trunk_link", "maxspeed": null, "reversed": "False", "length": 221.441, "access": null, "junction": null, "ref": null, "width": null, "est_width": null, "tunnel": "yes", "bridge": null, "service": null }, "geometry": { "type": "LineString", "coordinates": [ [ 2.2021806, 41.4146596 ], [ 2.2023587, 41.414754 ], [ 2.2024416, 41.4148081 ], [ 2.2025536, 41.4148853 ], [ 2.2026509, 41.4149564 ], [ 2.2031109, 41.4153027 ], [ 2.203559, 41.4156349 ], [ 2.2037967, 41.4158637 ], [ 2.2038663, 41.4159642 ], [ 2.2039657, 41.4161113 ] ] } },
{ "type": "Feature", "properties": { "u": 559417174, "v": 559420249, "key": 0, "osmid": [ 1393171302, 247434052, 1393171301, 545724430 ], "oneway": true, "lanes": "2", "name": "Gran Via de les Corts Catalanes (lateral mar)", "highway": "primary_link", "maxspeed": "50", "reversed": "False", "length": 353.203, "access": null, "junction": null, "ref": null, "width": null, "est_width": null, "tunnel": null, "bridge": null, "service": null }, "geometry": { "type": "LineString", "coordinates": [ [ 2.2021806, 41.4146596 ], [ 2.2023223, 41.4147844 ], [ 2.2026545, 41.4150318 ], [ 2.2035491, 41.4157011 ], [ 2.2036755, 41.4157972 ], [ 2.2040376, 41.4160664 ], [ 2.2049024, 41.416708 ], [ 2.2050199, 41.4167951 ], [ 2.2050633, 41.4168285 ], [ 2.20512, 41.4168723 ], [ 2.2051681, 41.4169105 ] ] } },
{ "type": "Feature", "properties": { "u": 559417176, "v": 543553141, "key": 0, "osmid": [ 449991640, 237657755, 43994628 ], "oneway": true, "lanes": "3", "name": "Carrer de la Selva de Mar", "highway": "primary_link", "maxspeed": "50", "reversed": "False", "length": 30.945, "access": null, "junction": null, "ref": null, "width": null, "est_width": null, "tunnel": null, "bridge": "yes", "service": null }, "geometry": { "type": "LineString", "coordinates": [ [ 2.201504, 41.4145453 ], [ 2.2015607, 41.4145024 ], [ 2.2016357, 41.4144516 ], [ 2.201729, 41.4143839 ], [ 2.2017725, 41.4143533 ] ] } },
{ "type": "Feature", "properties": { "u": 559417176, "v": 559418998, "key": 0, "osmid": [ 545747649, 247436309, 237657757 ], "oneway": true, "lanes": "2", "name": "Gran Via de les Corts Catalanes (lateral muntanya)", "highway": "primary_link", "maxspeed": "50", "reversed": "False", "length": 287.599, "access": null, "junction": null, "ref": null, "width": null, "est_width": null, "tunnel": null, "bridge": null, "service": null }, "geometry": { "type": "LineString", "coordinates": [ [ 2.201504, 41.4145453 ], [ 2.2014434, 41.4144874 ], [ 2.2014127, 41.4144615 ], [ 2.2011759, 41.4142898 ], [ 2.2008551, 41.4140573 ], [ 2.2006449, 41.4138963 ], [ 2.2006227, 41.4138789 ], [ 2.2004591, 41.4137683 ], [ 2.2004224, 41.4137415 ], [ 2.1992623, 41.4128646 ], [ 2.1992328, 41.4128423 ], [ 2.1990667, 41.4127167 ] ] } },
{ "type": "Feature", "properties": { "u": 559417178, "v": 312894012, "key": 0, "osmid": [ 545747653, 237657758 ], "oneway": true, "lanes": "2", "name": "Gran Via de les Corts Catalanes (lateral muntanya)", "highway": "primary_link", "maxspeed": "50", "reversed": "False", "length": 184.366, "access": null, "junction": null, "ref": null, "width": null, "est_width": null, "tunnel": null, "bridge": null, "service": null }, "geometry": { "type": "LineString", "coordinates": [ [ 2.2039756, 41.4163753 ], [ 2.2038372, 41.4162639 ], [ 2.2038041, 41.4162373 ], [ 2.2034193, 41.4159541 ], [ 2.203414, 41.4159501 ], [ 2.2026171, 41.4153764 ], [ 2.2023967, 41.415215 ] ] } },
{ "type": "Feature", "properties": { "u": 559418994, "v": 506223414, "key": 0, "osmid": "237787041", "oneway": true, "lanes": "2", "name": "Gran Via de les Corts Catalanes (lateral muntanya)", "highway": "primary_link", "maxspeed": "50", "reversed": "False", "length": 110.206, "access": null, "junction": null, "ref": null, "width": null, "est_width": null, "tunnel": null, "bridge": null, "service": null }, "geometry": { "type": "LineString", "coordinates": [ [ 2.1969432, 41.4111124 ], [ 2.1969074, 41.4110856 ], [ 2.196007, 41.4104129 ] ] } },
{ "type": "Feature", "properties": { "u": 559418998, "v": 559419000, "key": 0, "osmid": [ 1393171297, 247436309 ], "oneway": true, "lanes": [ "3", "2" ], "name": "Gran Via de les Corts Catalanes (lateral muntanya)", "highway": "primary_link", "maxspeed": "50", "reversed": "False", "length": 113.964, "access": null, "junction": null, "ref": null, "width": null, "est_width": null, "tunnel": null, "bridge": null, "service": null }, "geometry": { "type": "LineString", "coordinates": [ [ 2.1990667, 41.4127167 ], [ 2.198332, 41.412157 ], [ 2.198238, 41.4120854 ], [ 2.1982025, 41.4120595 ], [ 2.1981042, 41.4119892 ] ] } },
{ "type": "Feature", "properties": { "u": 559419000, "v": 559418994, "key": 0, "osmid": [ 1393171296, 545747650 ], "oneway": true, "lanes": "2", "name": "Gran Via de les Corts Catalanes (lateral muntanya)", "highway": "primary_link", "maxspeed": "50", "reversed": "False", "length": 137.425, "access": null, "junction": null, "ref": null, "width": null, "est_width": null, "tunnel": null, "bridge": null, "service": null }, "geometry": { "type": "LineString", "coordinates": [ [ 2.1981042, 41.4119892 ], [ 2.1980595, 41.4119554 ], [ 2.1980062, 41.4119126 ], [ 2.1976877, 41.4116743 ], [ 2.1976609, 41.4116541 ], [ 2.197058, 41.4112036 ], [ 2.1970197, 41.4111768 ], [ 2.1969432, 41.4111124 ] ] } },
{ "type": "Feature", "properties": { "u": 559420249, "v": 290060008, "key": 0, "osmid": [ 1393171304, 237787043, 545737766 ], "oneway": true, "lanes": "2", "name": "Gran Via de les Corts Catalanes (lateral mar)", "highway": "primary_link", "maxspeed": "50", "reversed": "False", "length": 361.653, "access": null, "junction": null, "ref": null, "width": null, "est_width": null, "tunnel": null, "bridge": null, "service": null }, "geometry": { "type": "LineString", "coordinates": [ [ 2.2051681, 41.4169105 ], [ 2.205249, 41.4169721 ], [ 2.2052667, 41.4169856 ], [ 2.2057375, 41.4173438 ], [ 2.20614, 41.4176406 ], [ 2.2062469, 41.4177194 ], [ 2.2062814, 41.4177448 ], [ 2.2073903, 41.4185777 ], [ 2.2074259, 41.4186045 ], [ 2.2078905, 41.4189464 ], [ 2.2081512, 41.4191383 ], [ 2.2081776, 41.419159 ], [ 2.2082409, 41.4192057 ] ] } },
{ "type": "Feature", "properties": { "u": 559420255, "v": 559417178, "key": 0, "osmid": "545747653", "oneway": true, "lanes": "2", "name": "Gran Via de les Corts Catalanes (lateral muntanya)", "highway": "primary_link", "maxspeed": "50", "reversed": "False", "length": 112.497, "access": null, "junction": null, "ref": null, "width": null, "est_width": null, "tunnel": null, "bridge": null, "service": null }, "geometry": { "type": "LineString", "coordinates": [ [ 2.2049199, 41.4170978 ], [ 2.2048694, 41.4170566 ], [ 2.2048123, 41.4170135 ], [ 2.2047887, 41.4169952 ], [ 2.2039756, 41.4163753 ] ] } },
{ "type": "Feature", "properties": { "u": 559420263, "v": 559420255, "key": 0, "osmid": [ 310970699, 1393171309 ], "oneway": true, "lanes": [ "3", "2" ], "name": "Gran Via de les Corts Catalanes (lateral muntanya)", "highway": "primary_link", "maxspeed": "50", "reversed": "False", "length": 113.083, "access": null, "junction": null, "ref": null, "width": null, "est_width": null, "tunnel": null, "bridge": null, "service": null }, "geometry": { "type": "LineString", "coordinates": [ [ 2.2058844, 41.4178125 ], [ 2.2051981, 41.4172989 ], [ 2.2050453, 41.417185 ], [ 2.2050091, 41.4171625 ], [ 2.2049199, 41.4170978 ] ] } },
{ "type": "Feature", "properties": { "u": 559591835, "v": 36756096, "key": 0, "osmid": [ 43686628, 1212780814, 1394466926, 1394466927, 43686611, 43685275, 43685276 ], "oneway": true, "lanes": [ "3", "2" ], "name": "Ronda Litoral", "highway": "trunk", "maxspeed": "80", "reversed": "False", "length": 525.127, "access": null, "junction": null, "ref": "B-10", "width": null, "est_width": null, "tunnel": null, "bridge": "yes", "service": null }, "geometry": { "type": "LineString", "coordinates": [ [ 2.1484227, 41.3500958 ], [ 2.148245, 41.3500233 ], [ 2.1477733, 41.3498282 ], [ 2.1471774, 41.3495818 ], [ 2.1464097, 41.3492586 ], [ 2.1456889, 41.3489599 ], [ 2.14528, 41.3487905 ], [ 2.1443785, 41.3484163 ], [ 2.1429078, 41.3478238 ] ] } },
{ "type": "Feature", "properties": { "u": 559591875, "v": 552884852, "key": 0, "osmid": [ 44011194, 44011195 ], "oneway": true, "lanes": "2", "name": null, "highway": "trunk_link", "maxspeed": null, "reversed": "False", "length": 281.365, "access": null, "junction": null, "ref": null, "width": null, "est_width": null, "tunnel": null, "bridge": "yes", "service": null }, "geometry": { "type": "LineString", "coordinates": [ [ 2.1532556, 41.3517654 ], [ 2.1527611, 41.3516426 ], [ 2.1513743, 41.3512997 ], [ 2.150844, 41.3511459 ], [ 2.1500868, 41.350907 ] ] } },
{ "type": "Feature", "properties": { "u": 559591886, "v": 559591897, "key": 0, "osmid": "44010202", "oneway": true, "lanes": "1", "name": null, "highway": "trunk_link", "maxspeed": null, "reversed": "False", "length": 221.194, "access": null, "junction": null, "ref": null, "width": null, "est_width": null, "tunnel": null, "bridge": null, "service": null }, "geometry": { "type": "LineString", "coordinates": [ [ 2.1537614, 41.3515825 ], [ 2.1550213, 41.3517975 ], [ 2.1556111, 41.3518948 ], [ 2.1558141, 41.3519401 ], [ 2.1559805, 41.3519763 ], [ 2.1563373, 41.352047 ] ] } },
{ "type": "Feature", "properties": { "u": 559591886, "v": 191031231, "key": 0, "osmid": "288931979", "oneway": true, "lanes": "1", "name": null, "highway": "trunk_link", "maxspeed": "80", "reversed": "False", "length": 221.5, "access": null, "junction": null, "ref": null, "width": null, "est_width": null, "tunnel": null, "bridge": null, "service": null }, "geometry": { "type": "LineString", "coordinates": [ [ 2.1537614, 41.3515825 ], [ 2.1545365, 41.3517596 ], [ 2.1547825, 41.3518216 ], [ 2.1551016, 41.3518914 ], [ 2.1553315, 41.3519509 ], [ 2.1555636, 41.3520194 ], [ 2.1556948, 41.3520611 ], [ 2.1558783, 41.3521275 ], [ 2.156235, 41.3522835 ] ] } },
{ "type": "Feature", "properties": { "u": 559591894, "v": 559591875, "key": 0, "osmid": "43686619", "oneway": true, "lanes": "1", "name": null, "highway": "trunk_link", "maxspeed": null, "reversed": "False", "length": 196.025, "access": null, "junction": null, "ref": null, "width": null, "est_width": null, "tunnel": null, "bridge": null, "service": null }, "geometry": { "type": "LineString", "coordinates": [ [ 2.1554956, 41.3522947 ], [ 2.1548749, 41.3521456 ], [ 2.1543365, 41.3520132 ], [ 2.1532556, 41.3517654 ] ] } },
{ "type": "Feature", "properties": { "u": 559591894, "v": 559591835, "key": 0, "osmid": [ 44010193, 237649290, 1394466925, 44010191 ], "oneway": true, "lanes": "2", "name": "Ronda Litoral", "highway": "trunk", "maxspeed": "80", "reversed": "False", "length": 640.823, "access": null, "junction": null, "ref": "B-10", "width": null, "est_width": null, "tunnel": null, "bridge": "yes", "service": null }, "geometry": { "type": "LineString", "coordinates": [ [ 2.1554956, 41.3522947 ], [ 2.1550808, 41.3521556 ], [ 2.1548705, 41.3520957 ], [ 2.1547306, 41.3520559 ], [ 2.1544841, 41.3519869 ], [ 2.1540062, 41.3518589 ], [ 2.153368, 41.3517054 ], [ 2.1528578, 41.3515851 ], [ 2.151942, 41.3513619 ], [ 2.1513626, 41.3512024 ], [ 2.1507695, 41.3510251 ], [ 2.1504283, 41.3509089 ], [ 2.150099, 41.3507876 ], [ 2.149681, 41.3506175 ], [ 2.1485633, 41.3501588 ], [ 2.1484227, 41.3500958 ] ] } },
{ "type": "Feature", "properties": { "u": 559604881, "v": 2993804551, "key": 0, "osmid": "44011201", "oneway": true, "lanes": "1", "name": null, "highway": "trunk_link", "maxspeed": null, "reversed": "False", "length": 257.636, "access": null, "junction": null, "ref": "13", "width": null, "est_width": null, "tunnel": null, "bridge": null, "service": null }, "geometry": { "type": "LineString", "coordinates": [ [ 2.1589007, 41.3542357 ], [ 2.1585573, 41.3540381 ], [ 2.1583404, 41.3539186 ], [ 2.1578413, 41.353649 ], [ 2.157611, 41.3535226 ], [ 2.1573776, 41.3533756 ], [ 2.1570104, 41.3531388 ], [ 2.1567956, 41.3530164 ], [ 2.1566483, 41.3529405 ], [ 2.156543, 41.3528863 ], [ 2.1564441, 41.3528354 ] ] } },
{ "type": "Feature", "properties": { "u": 559604881, "v": 559591894, "key": 0, "osmid": [ 79304106, 1394466924, 1394466928, 44010549, 44010550 ], "oneway": true, "lanes": "2", "name": "Ronda Litoral", "highway": "trunk", "maxspeed": "80", "reversed": "False", "length": 360.218, "access": null, "junction": null, "ref": "B-10", "width": null, "est_width": null, "tunnel": null, "bridge": "yes", "service": null }, "geometry": { "type": "LineString", "coordinates": [ [ 2.1589007, 41.3542357 ], [ 2.1588032, 41.354153 ], [ 2.1587549, 41.354112 ], [ 2.1587122, 41.3540758 ], [ 2.1584824, 41.3538928 ], [ 2.1581439, 41.3536341 ], [ 2.1578525, 41.3534266 ], [ 2.1575565, 41.3532362 ], [ 2.1574324, 41.3531606 ], [ 2.1573082, 41.3530849 ], [ 2.1570589, 41.3529467 ], [ 2.1567856, 41.3528049 ], [ 2.1563746, 41.3526179 ], [ 2.1561584, 41.3525313 ], [ 2.1556834, 41.3523585 ], [ 2.1554956, 41.3522947 ] ] } },
{ "type": "Feature", "properties": { "u": 559765964, "v": 1375310919, "key": 0, "osmid": [ 237522644, 1392183135 ], "oneway": true, "lanes": "3", "name": "Gran Via de les Corts Catalanes", "highway": "primary", "maxspeed": "50", "reversed": "False", "length": 127.393, "access": null, "junction": null, "ref": "C-31", "width": "8", "est_width": null, "tunnel": null, "bridge": null, "service": null }, "geometry": { "type": "LineString", "coordinates": [ [ 2.1671832, 41.3884584 ], [ 2.1673389, 41.3885395 ], [ 2.1673757, 41.3885582 ], [ 2.1677155, 41.3888114 ], [ 2.1680839, 41.3890859 ], [ 2.1681143, 41.3891085 ], [ 2.1682353, 41.3891987 ], [ 2.1682932, 41.3892418 ] ] } },
{ "type": "Feature", "properties": { "u": 560006192, "v": 290060063, "key": 0, "osmid": [ 543635322, 310970701 ], "oneway": true, "lanes": "2", "name": "Gran Via de les Corts Catalanes (lateral muntanya)", "highway": "primary_link", "maxspeed": "50", "reversed": "False", "length": 89.328, "access": null, "junction": null, "ref": null, "width": null, "est_width": null, "tunnel": null, "bridge": null, "service": null }, "geometry": { "type": "LineString", "coordinates": [ [ 2.209413, 41.4204443 ], [ 2.2092068, 41.4202904 ], [ 2.2092002, 41.4202858 ], [ 2.2087578, 41.4199514 ], [ 2.2087078, 41.4199165 ], [ 2.208653, 41.4198782 ] ] } },
{ "type": "Feature", "properties": { "u": 560006194, "v": 560006192, "key": 0, "osmid": [ 1393171308, 310970701 ], "oneway": true, "lanes": [ "3", "2" ], "name": "Gran Via de les Corts Catalanes (lateral muntanya)", "highway": "primary_link", "maxspeed": "50", "reversed": "False", "length": 115.581, "access": null, "junction": null, "ref": null, "width": null, "est_width": null, "tunnel": null, "bridge": null, "service": null }, "geometry": { "type": "LineString", "coordinates": [ [ 2.2103866, 41.4211841 ], [ 2.2101041, 41.4209663 ], [ 2.2098749, 41.4207895 ], [ 2.2096624, 41.4206278 ], [ 2.2096443, 41.4206142 ], [ 2.2095816, 41.4205681 ], [ 2.209413, 41.4204443 ] ] } },
{ "type": "Feature", "properties": { "u": 567456652, "v": 420655974, "key": 0, "osmid": "35991154", "oneway": true, "lanes": null, "name": null, "highway": "trunk_link", "maxspeed": "50", "reversed": "False", "length": 217.469, "access": null, "junction": null, "ref": "7", "width": null, "est_width": null, "tunnel": null, "bridge": null, "service": null }, "geometry": { "type": "LineString", "coordinates": [ [ 2.1236862, 41.4087165 ], [ 2.1244929, 41.4093097 ], [ 2.1250523, 41.4096049 ], [ 2.125214, 41.4097349 ], [ 2.1253436, 41.4098746 ], [ 2.1255916, 41.4100378 ] ] } },
{ "type": "Feature", "properties": { "u": 567456652, "v": 567474433, "key": 0, "osmid": [ 1393379502, 1393379503, 1393379509, 1393379510, 44196892 ], "oneway": true, "lanes": "3", "name": "Ronda de Dalt", "highway": "trunk", "maxspeed": "80", "reversed": "False", "length": 372.326, "access": "yes", "junction": null, "ref": "B-20", "width": null, "est_width": null, "tunnel": "yes", "bridge": null, "service": null }, "geometry": { "type": "LineString", "coordinates": [ [ 2.1236862, 41.4087165 ], [ 2.1243176, 41.4092895 ], [ 2.1246692, 41.4096077 ], [ 2.125432, 41.4101718 ], [ 2.1259676, 41.4104901 ], [ 2.1260531, 41.4105353 ], [ 2.1265915, 41.4108058 ], [ 2.1269364, 41.4109791 ] ] } },
{ "type": "Feature", "properties": { "u": 567474433, "v": 412457999, "key": 0, "osmid": [ 30014452, 1393379509, 34397845, 1393379515, 1393379516 ], "oneway": true, "lanes": "3", "name": "Ronda de Dalt", "highway": "trunk", "maxspeed": "80", "reversed": "False", "length": 665.706, "access": "yes", "junction": null, "ref": "B-20", "width": null, "est_width": null, "tunnel": "yes", "bridge": null, "service": null }, "geometry": { "type": "LineString", "coordinates": [ [ 2.1269364, 41.4109791 ], [ 2.1272853, 41.4111543 ], [ 2.1274256, 41.4112401 ], [ 2.1279338, 41.4115509 ], [ 2.1300726, 41.4131556 ], [ 2.1308906, 41.4136978 ], [ 2.131102, 41.4138379 ], [ 2.1314625, 41.4140233 ], [ 2.1316792, 41.4141436 ], [ 2.1318771, 41.4142276 ], [ 2.1324424, 41.414359 ], [ 2.1328471, 41.4144311 ], [ 2.1332241, 41.41449 ] ] } },
{ "type": "Feature", "properties": { "u": 568847323, "v": 1771982095, "key": 0, "osmid": "537778389", "oneway": false, "lanes": "2", "name": "Carretera de Sarrià a Vallvidrera", "highway": "primary", "maxspeed": "30", "reversed": "True", "length": 11.37, "access": null, "junction": null, "ref": "BV-1462", "width": "7", "est_width": null, "tunnel": null, "bridge": null, "service": null }, "geometry": { "type": "LineString", "coordinates": [ [ 2.1171797, 41.4042063 ], [ 2.1172878, 41.404144 ] ] } },
{ "type": "Feature", "properties": { "u": 568847323, "v": 2466611020, "key": 0, "osmid": [ 450219496, 450219493 ], "oneway": false, "lanes": "2", "name": "Avinguda de Vallvidrera", "highway": "primary", "maxspeed": "30", "reversed": "False", "length": 278.419, "access": null, "junction": null, "ref": "BV-1462", "width": [ "7", "5" ], "est_width": null, "tunnel": null, "bridge": null, "service": null }, "geometry": { "type": "LineString", "coordinates": [ [ 2.1171797, 41.4042063 ], [ 2.1171111, 41.4042461 ], [ 2.117084, 41.4042618 ], [ 2.116957, 41.4043326 ], [ 2.1169245, 41.4043527 ], [ 2.1166807, 41.4045024 ], [ 2.1166151, 41.4045427 ], [ 2.1164213, 41.4046641 ], [ 2.1162956, 41.4047512 ], [ 2.1162384, 41.4047972 ], [ 2.1161835, 41.4048443 ], [ 2.1159443, 41.4050516 ], [ 2.1156332, 41.4053202 ], [ 2.1154442, 41.4054895 ], [ 2.1152568, 41.4056494 ], [ 2.1150302, 41.4058426 ], [ 2.114923, 41.405944 ], [ 2.1149178, 41.4059489 ], [ 2.1148655, 41.4059983 ] ] } },
{ "type": "Feature", "properties": { "u": 574968984, "v": 1613682427, "key": 0, "osmid": [ 1342579328, 43845707, 45272792, 45272796, 1342579327 ], "oneway": true, "lanes": "1", "name": "Carrer Número 3", "highway": "trunk_link", "maxspeed": "50", "reversed": "False", "length": 550.417, "access": null, "junction": null, "ref": null, "width": null, "est_width": null, "tunnel": null, "bridge": "yes", "service": null }, "geometry": { "type": "LineString", "coordinates": [ [ 2.1174953, 41.3394505 ], [ 2.1176742, 41.3394066 ], [ 2.1190223, 41.3394358 ], [ 2.1195321, 41.3394179 ], [ 2.1197802, 41.3393936 ], [ 2.1198459, 41.3393857 ], [ 2.1201382, 41.3393414 ], [ 2.120334, 41.3393092 ], [ 2.1205111, 41.3392709 ], [ 2.1207981, 41.3392065 ], [ 2.1211897, 41.3390957 ], [ 2.1214391, 41.3390091 ], [ 2.1221702, 41.3387514 ], [ 2.1230531, 41.338444 ], [ 2.1237309, 41.3381661 ] ] } },
{ "type": "Feature", "properties": { "u": 574968984, "v": 574969022, "key": 0, "osmid": [ 1394466917, 1394464999 ], "oneway": true, "lanes": "3", "name": "Ronda Litoral", "highway": "trunk", "maxspeed": "80", "reversed": "False", "length": 488.606, "access": null, "junction": null, "ref": "B-10", "width": null, "est_width": null, "tunnel": null, "bridge": null, "service": null }, "geometry": { "type": "LineString", "coordinates": [ [ 2.1174953, 41.3394505 ], [ 2.1185365, 41.3394889 ], [ 2.1186784, 41.3394991 ], [ 2.1190294, 41.339535 ], [ 2.1194857, 41.3395964 ], [ 2.11993, 41.3396687 ], [ 2.120262, 41.3397318 ], [ 2.120644, 41.339817 ], [ 2.1210207, 41.3399088 ], [ 2.1213981, 41.3400113 ], [ 2.1218089, 41.3401361 ], [ 2.1224458, 41.3403397 ], [ 2.1231038, 41.3405617 ] ] } },
{ "type": "Feature", "properties": { "u": 574969022, "v": 669900452, "key": 0, "osmid": [ 554608800, 294670091, 1394466918, 1394466919 ], "oneway": true, "lanes": [ "4", "3" ], "name": "Ronda Litoral", "highway": "trunk", "maxspeed": "80", "reversed": "False", "length": 1593.687, "access": null, "junction": null, "ref": "B-10", "width": null, "est_width": null, "tunnel": null, "bridge": null, "service": null }, "geometry": { "type": "LineString", "coordinates": [ [ 2.1231038, 41.3405617 ], [ 2.1250167, 41.3412194 ], [ 2.1250434, 41.3412286 ], [ 2.1251595, 41.3412685 ], [ 2.1272122, 41.3419746 ], [ 2.133332, 41.3440729 ], [ 2.1365179, 41.3451645 ], [ 2.1367592, 41.3452469 ], [ 2.1375708, 41.3455242 ], [ 2.1379948, 41.345669 ], [ 2.1381442, 41.3457225 ], [ 2.1396522, 41.3462623 ], [ 2.1404504, 41.3465456 ] ] } },
{ "type": "Feature", "properties": { "u": 600061499, "v": 1141503226, "key": 0, "osmid": "464736756", "oneway": true, "lanes": null, "name": "Passeig de Guayaquil", "highway": "trunk_link", "maxspeed": null, "reversed": "False", "length": 17.228, "access": null, "junction": null, "ref": null, "width": null, "est_width": null, "tunnel": null, "bridge": null, "service": null }, "geometry": { "type": "LineString", "coordinates": [ [ 2.2056421, 41.4437003 ], [ 2.2057603, 41.4435732 ] ] } },
{ "type": "Feature", "properties": { "u": 600112315, "v": 4590628719, "key": 0, "osmid": "1047626767", "oneway": true, "lanes": "2", "name": "Passeig de Guayaquil", "highway": "trunk_link", "maxspeed": "40", "reversed": "False", "length": 15.247, "access": null, "junction": null, "ref": null, "width": null, "est_width": null, "tunnel": null, "bridge": null, "service": null }, "geometry": { "type": "LineString", "coordinates": [ [ 2.2059766, 41.4433598 ], [ 2.2060558, 41.4432362 ] ] } },
{ "type": "Feature", "properties": { "u": 603995028, "v": 4417346835, "key": 0, "osmid": [ 551983377, 47461470 ], "oneway": true, "lanes": "2", "name": "Avinguda de l'Estatut de Catalunya", "highway": "primary", "maxspeed": "50", "reversed": "False", "length": 154.996, "access": "yes", "junction": null, "ref": null, "width": null, "est_width": null, "tunnel": null, "bridge": null, "service": null }, "geometry": { "type": "LineString", "coordinates": [ [ 2.1532616, 41.4361896 ], [ 2.153348, 41.436091 ], [ 2.153392, 41.4360354 ], [ 2.1534331, 41.4359776 ], [ 2.1534704, 41.435904 ], [ 2.153501, 41.4358289 ], [ 2.153514, 41.435782 ], [ 2.1535232, 41.4357336 ], [ 2.1535279, 41.4356837 ], [ 2.1535289, 41.4356302 ], [ 2.1535218, 41.4355597 ], [ 2.1535062, 41.435484 ], [ 2.1534962, 41.4354532 ], [ 2.1534696, 41.4353819 ], [ 2.1534331, 41.4353158 ], [ 2.1533696, 41.4352286 ], [ 2.1531221, 41.4349388 ], [ 2.153107, 41.4349221 ] ] } },
{ "type": "Feature", "properties": { "u": 603995028, "v": 603995072, "key": 0, "osmid": "551983378", "oneway": true, "lanes": "2", "name": "Avinguda de l'Estatut de Catalunya", "highway": "primary", "maxspeed": "50", "reversed": "False", "length": 50.301, "access": null, "junction": "circular", "ref": null, "width": null, "est_width": null, "tunnel": null, "bridge": null, "service": null }, "geometry": { "type": "LineString", "coordinates": [ [ 2.1532616, 41.4361896 ], [ 2.1533427, 41.4361611 ], [ 2.1533876, 41.4361527 ], [ 2.1534304, 41.4361503 ], [ 2.1534781, 41.4361544 ], [ 2.1535176, 41.4361631 ], [ 2.1535535, 41.4361774 ], [ 2.1535933, 41.4361981 ], [ 2.1536246, 41.4362251 ], [ 2.1536478, 41.4362506 ], [ 2.1536639, 41.4362834 ], [ 2.1536714, 41.4363161 ], [ 2.1536762, 41.4363659 ] ] } },
{ "type": "Feature", "properties": { "u": 603995030, "v": 950190478, "key": 0, "osmid": "81524921", "oneway": true, "lanes": null, "name": "Avinguda de l'Estatut de Catalunya", "highway": "primary", "maxspeed": "30", "reversed": "False", "length": 174.635, "access": null, "junction": null, "ref": null, "width": null, "est_width": null, "tunnel": null, "bridge": null, "service": null }, "geometry": { "type": "LineString", "coordinates": [ [ 2.1509884, 41.437242 ], [ 2.151424, 41.4373102 ], [ 2.1515197, 41.4373248 ], [ 2.1516168, 41.4373323 ], [ 2.1517145, 41.4373324 ], [ 2.1518103, 41.4373254 ], [ 2.1519048, 41.4373115 ], [ 2.1519988, 41.4372897 ], [ 2.1520884, 41.4372651 ], [ 2.1521737, 41.437233 ], [ 2.1522534, 41.4371937 ], [ 2.1523267, 41.4371479 ], [ 2.1523886, 41.4370994 ], [ 2.1524432, 41.4370462 ], [ 2.1526003, 41.4369039 ], [ 2.1526603, 41.4368602 ], [ 2.1527859, 41.4367686 ] ] } },
{ "type": "Feature", "properties": { "u": 603995035, "v": 603995028, "key": 0, "osmid": "651543110", "oneway": true, "lanes": "2", "name": "Avinguda de l'Estatut de Catalunya", "highway": "primary", "maxspeed": "50", "reversed": "False", "length": 14.061, "access": null, "junction": "circular", "ref": null, "width": null, "est_width": null, "tunnel": null, "bridge": null, "service": null }, "geometry": { "type": "LineString", "coordinates": [ [ 2.1531768, 41.4362987 ], [ 2.153202, 41.43626 ], [ 2.1532343, 41.4362214 ], [ 2.1532616, 41.4361896 ] ] } },
{ "type": "Feature", "properties": { "u": 603995037, "v": 12645522470, "key": 0, "osmid": [ 1408689616, 34117717, 34117718 ], "oneway": true, "lanes": [ "1", "2" ], "name": "Avinguda de l'Estatut de Catalunya", "highway": "primary", "maxspeed": "30", "reversed": "False", "length": 279.638, "access": "yes", "junction": null, "ref": null, "width": null, "est_width": null, "tunnel": "yes", "bridge": null, "service": null }, "geometry": { "type": "LineString", "coordinates": [ [ 2.152383, 41.4374784 ], [ 2.152373, 41.4374918 ], [ 2.1523383, 41.4375383 ], [ 2.1522918, 41.4376035 ], [ 2.1522145, 41.4377659 ], [ 2.1521688, 41.4378973 ], [ 2.1521422, 41.4379937 ], [ 2.1521137, 41.4381005 ], [ 2.1521041, 41.4381366 ], [ 2.1520735, 41.4382484 ], [ 2.152051, 41.4383601 ], [ 2.1520457, 41.4384615 ], [ 2.152055, 41.4385577 ], [ 2.1520766, 41.4386264 ], [ 2.1521076, 41.4386864 ], [ 2.1521722, 41.4387555 ], [ 2.1522092, 41.438782 ], [ 2.1522499, 41.4388044 ], [ 2.1523098, 41.4388268 ], [ 2.1523754, 41.4388419 ], [ 2.1524304, 41.4388487 ], [ 2.1524864, 41.4388485 ], [ 2.1525366, 41.4388425 ], [ 2.1525845, 41.4388319 ], [ 2.1526265, 41.4388196 ], [ 2.152667, 41.4388026 ], [ 2.1527149, 41.4387748 ], [ 2.1527559, 41.4387429 ], [ 2.1527869, 41.4387062 ], [ 2.1528133, 41.4386679 ], [ 2.1528324, 41.4386155 ], [ 2.1528394, 41.4385596 ], [ 2.1528349, 41.4385205 ], [ 2.1528239, 41.4384833 ], [ 2.1528114, 41.4384489 ], [ 2.1527884, 41.4384141 ], [ 2.152744, 41.4383669 ], [ 2.152691, 41.4383228 ], [ 2.1526469, 41.4382942 ], [ 2.1525633, 41.4382422 ], [ 2.1524752, 41.4381826 ] ] } },
{ "type": "Feature", "properties": { "u": 603995049, "v": 603995037, "key": 0, "osmid": "47461473", "oneway": true, "lanes": null, "name": "Avinguda de l'Estatut de Catalunya", "highway": "primary_link", "maxspeed": "30", "reversed": "False", "length": 147.435, "access": null, "junction": null, "ref": null, "width": null, "est_width": null, "tunnel": null, "bridge": null, "service": null }, "geometry": { "type": "LineString", "coordinates": [ [ 2.152552, 41.4378143 ], [ 2.1526243, 41.4378155 ], [ 2.1527682, 41.4378113 ], [ 2.1528603, 41.4378024 ], [ 2.1529056, 41.4377937 ], [ 2.1529751, 41.4377673 ], [ 2.1530387, 41.4377316 ], [ 2.1530885, 41.437684 ], [ 2.1531109, 41.4376492 ], [ 2.1531252, 41.4376085 ], [ 2.1531313, 41.4375415 ], [ 2.1531119, 41.4374723 ], [ 2.1530728, 41.4374104 ], [ 2.1530214, 41.4373703 ], [ 2.1529591, 41.437338 ], [ 2.1528791, 41.4373185 ], [ 2.1527952, 41.4373124 ], [ 2.1526991, 41.4373285 ], [ 2.1526185, 41.4373579 ], [ 2.152534, 41.437398 ], [ 2.152383, 41.4374784 ] ] } },
{ "type": "Feature", "properties": { "u": 603995063, "v": 603995064, "key": 0, "osmid": "881161880", "oneway": true, "lanes": "2", "name": "Avinguda de l'Estatut de Catalunya", "highway": "primary", "maxspeed": "50", "reversed": "False", "length": 14.639, "access": null, "junction": "circular", "ref": null, "width": null, "est_width": null, "tunnel": null, "bridge": null, "service": null }, "geometry": { "type": "LineString", "coordinates": [ [ 2.1536735, 41.4363799 ], [ 2.1536584, 41.4364101 ], [ 2.1536321, 41.4364416 ], [ 2.1536103, 41.4364635 ], [ 2.1535778, 41.4364885 ] ] } },
{ "type": "Feature", "properties": { "u": 603995064, "v": 603995066, "key": 0, "osmid": "555211506", "oneway": true, "lanes": "2", "name": "Avinguda de l'Estatut de Catalunya", "highway": "primary", "maxspeed": "50", "reversed": "False", "length": 1.341, "access": null, "junction": "circular", "ref": null, "width": null, "est_width": null, "tunnel": null, "bridge": null, "service": null }, "geometry": { "type": "LineString", "coordinates": [ [ 2.1535778, 41.4364885 ], [ 2.1535648, 41.4364956 ] ] } },
{ "type": "Feature", "properties": { "u": 603995066, "v": 603995035, "key": 0, "osmid": "47461471", "oneway": true, "lanes": "2", "name": "Avinguda de l'Estatut de Catalunya", "highway": "primary", "maxspeed": "50", "reversed": "False", "length": 48.73, "access": null, "junction": "circular", "ref": null, "width": null, "est_width": null, "tunnel": null, "bridge": null, "service": null }, "geometry": { "type": "LineString", "coordinates": [ [ 2.1535648, 41.4364956 ], [ 2.1535221, 41.436511 ], [ 2.1534908, 41.4365172 ], [ 2.1534538, 41.4365206 ], [ 2.1534103, 41.4365208 ], [ 2.1533689, 41.4365169 ], [ 2.1533206, 41.4365049 ], [ 2.1532811, 41.4364867 ], [ 2.1532469, 41.4364679 ], [ 2.1532184, 41.4364371 ], [ 2.1531972, 41.4364064 ], [ 2.1531871, 41.4363866 ], [ 2.153179, 41.4363621 ], [ 2.1531768, 41.4362987 ] ] } },
{ "type": "Feature", "properties": { "u": 603995066, "v": 8195467081, "key": 0, "osmid": [ 81524922, 1408689614 ], "oneway": true, "lanes": "2", "name": "Avinguda de l'Estatut de Catalunya", "highway": "primary", "maxspeed": "50", "reversed": "False", "length": 31.316, "access": null, "junction": null, "ref": null, "width": null, "est_width": null, "tunnel": null, "bridge": null, "service": null }, "geometry": { "type": "LineString", "coordinates": [ [ 2.1535648, 41.4364956 ], [ 2.1535121, 41.4365806 ], [ 2.1534658, 41.4366391 ], [ 2.1533988, 41.4367238 ], [ 2.1533877, 41.4367372 ], [ 2.1533838, 41.436742 ] ] } },
{ "type": "Feature", "properties": { "u": 603995072, "v": 603995063, "key": 0, "osmid": "551983406", "oneway": true, "lanes": "2", "name": "Avinguda de l'Estatut de Catalunya", "highway": "primary", "maxspeed": "50", "reversed": "False", "length": 1.573, "access": null, "junction": "circular", "ref": null, "width": null, "est_width": null, "tunnel": null, "bridge": null, "service": null }, "geometry": { "type": "LineString", "coordinates": [ [ 2.1536762, 41.4363659 ], [ 2.1536735, 41.4363799 ] ] } },
{ "type": "Feature", "properties": { "u": 604001411, "v": 2456870302, "key": 0, "osmid": [ 1393379561, 29380492, 1393379559 ], "oneway": true, "lanes": "3", "name": "Ronda de Dalt", "highway": "trunk", "maxspeed": "80", "reversed": "False", "length": 454.172, "access": null, "junction": null, "ref": "B-20", "width": null, "est_width": null, "tunnel": "yes", "bridge": null, "service": null }, "geometry": { "type": "LineString", "coordinates": [ [ 2.1744047, 41.4445844 ], [ 2.1738673, 41.44438 ], [ 2.1727047, 41.4439356 ], [ 2.1717091, 41.4435689 ], [ 2.1700561, 41.4429227 ], [ 2.1697309, 41.4427956 ], [ 2.1696609, 41.4427683 ], [ 2.1695528, 41.442726 ] ] } },
{ "type": "Feature", "properties": { "u": 626570848, "v": 626570863, "key": 0, "osmid": "49336087", "oneway": true, "lanes": "1", "name": null, "highway": "trunk_link", "maxspeed": null, "reversed": "False", "length": 106.084, "access": null, "junction": null, "ref": "4", "width": null, "est_width": null, "tunnel": null, "bridge": null, "service": null }, "geometry": { "type": "LineString", "coordinates": [ [ 2.1463229, 41.433169 ], [ 2.1465349, 41.4334408 ], [ 2.1468531, 41.4339246 ], [ 2.1469281, 41.434007 ] ] } },
{ "type": "Feature", "properties": { "u": 626570848, "v": 1230701490, "key": 0, "osmid": [ 49526018, 35592578, 1393379538, 34210899, 1393379549, 1393379550 ], "oneway": true, "lanes": "3", "name": "Ronda de Dalt", "highway": "trunk", "maxspeed": [ "80", "70" ], "reversed": "False", "length": 1443.512, "access": "yes", "junction": null, "ref": "B-20", "width": null, "est_width": null, "tunnel": null, "bridge": null, "service": null }, "geometry": { "type": "LineString", "coordinates": [ [ 2.1463229, 41.433169 ], [ 2.1464294, 41.4334159 ], [ 2.1465595, 41.4336627 ], [ 2.14659, 41.4337204 ], [ 2.1467231, 41.4339551 ], [ 2.1468732, 41.4342043 ], [ 2.1471771, 41.4346394 ], [ 2.1474551, 41.4349883 ], [ 2.1477501, 41.4353134 ], [ 2.1480125, 41.4355687 ], [ 2.1484536, 41.4359444 ], [ 2.1488197, 41.4362254 ], [ 2.1492029, 41.4364827 ], [ 2.1495202, 41.4366757 ], [ 2.149806, 41.4368339 ], [ 2.1501903, 41.4370247 ], [ 2.1505589, 41.4371953 ], [ 2.1511368, 41.4374342 ], [ 2.1520652, 41.4377771 ], [ 2.1523476, 41.4378806 ], [ 2.1527606, 41.4380134 ], [ 2.153706, 41.4383172 ], [ 2.1540989, 41.438439 ], [ 2.1554611, 41.4388244 ], [ 2.1560638, 41.4389688 ], [ 2.1566688, 41.4391048 ], [ 2.1574252, 41.4392456 ], [ 2.1578192, 41.439319 ], [ 2.1583096, 41.4393915 ], [ 2.1584622, 41.439414 ], [ 2.1591885, 41.4395214 ], [ 2.1595559, 41.4395733 ], [ 2.1602689, 41.4396741 ] ] } },
{ "type": "Feature", "properties": { "u": 629306492, "v": 4416582771, "key": 0, "osmid": "49522714", "oneway": true, "lanes": "2", "name": "Avinguda de l'Estatut de Catalunya", "highway": "primary", "maxspeed": "50", "reversed": "False", "length": 123.433, "access": null, "junction": null, "ref": null, "width": null, "est_width": null, "tunnel": null, "bridge": null, "service": null }, "geometry": { "type": "LineString", "coordinates": [ [ 2.1528889, 41.4337605 ], [ 2.1528538, 41.433868 ], [ 2.1528451, 41.4339083 ], [ 2.1528361, 41.4339501 ], [ 2.1528365, 41.4339773 ], [ 2.1528399, 41.4340086 ], [ 2.1528795, 41.4341284 ], [ 2.1529355, 41.4342837 ], [ 2.1529992, 41.4344253 ], [ 2.1530952, 41.4346167 ], [ 2.1531067, 41.4346401 ], [ 2.1531116, 41.4346471 ], [ 2.1532282, 41.4348119 ] ] } },
{ "type": "Feature", "properties": { "u": 629306492, "v": 629306521, "key": 0, "osmid": "553724921", "oneway": true, "lanes": "3", "name": "Plaça de Botticelli", "highway": "primary", "maxspeed": "50", "reversed": "False", "length": 34.424, "access": null, "junction": "circular", "ref": null, "width": null, "est_width": null, "tunnel": null, "bridge": null, "service": null }, "geometry": { "type": "LineString", "coordinates": [ [ 2.1528889, 41.4337605 ], [ 2.1528371, 41.433796 ], [ 2.1527635, 41.4338303 ], [ 2.1527024, 41.4338448 ], [ 2.1526083, 41.4338491 ], [ 2.1525113, 41.4338402 ] ] } },
{ "type": "Feature", "properties": { "u": 629306521, "v": 1329812662, "key": 0, "osmid": "651543113", "oneway": true, "lanes": "3", "name": "Plaça de Botticelli", "highway": "primary", "maxspeed": "50", "reversed": "False", "length": 8.575, "access": null, "junction": "circular", "ref": null, "width": null, "est_width": null, "tunnel": null, "bridge": null, "service": null }, "geometry": { "type": "LineString", "coordinates": [ [ 2.1525113, 41.4338402 ], [ 2.1524132, 41.433817 ] ] } },
{ "type": "Feature", "properties": { "u": 629306774, "v": 949285357, "key": 0, "osmid": [ 140001541, 140001533 ], "oneway": true, "lanes": "2", "name": "Avinguda de l'Estatut de Catalunya", "highway": "primary", "maxspeed": "50", "reversed": "False", "length": 19.12, "access": null, "junction": null, "ref": null, "width": null, "est_width": null, "tunnel": null, "bridge": null, "service": null }, "geometry": { "type": "LineString", "coordinates": [ [ 2.1537739, 41.4354335 ], [ 2.1538344, 41.4355299 ], [ 2.153861, 41.4355922 ] ] } },
{ "type": "Feature", "properties": { "u": 630583121, "v": 700947151, "key": 0, "osmid": "237960951", "oneway": true, "lanes": "3", "name": "Gran Via de Carles III", "highway": "primary_link", "maxspeed": "50", "reversed": "False", "length": 147.418, "access": null, "junction": null, "ref": null, "width": null, "est_width": null, "tunnel": null, "bridge": null, "service": null }, "geometry": { "type": "LineString", "coordinates": [ [ 2.127952, 41.3822564 ], [ 2.1279919, 41.3821346 ], [ 2.1280922, 41.3818721 ], [ 2.1281341, 41.381766 ], [ 2.1283266, 41.3812189 ], [ 2.1283353, 41.381195 ], [ 2.1284141, 41.3809769 ] ] } },
{ "type": "Feature", "properties": { "u": 630600430, "v": 690411235, "key": 0, "osmid": "1395710333", "oneway": true, "lanes": "2", "name": "Gran Via de Carles III", "highway": "primary_link", "maxspeed": "50", "reversed": "False", "length": 74.887, "access": "yes", "junction": null, "ref": null, "width": null, "est_width": null, "tunnel": null, "bridge": null, "service": null }, "geometry": { "type": "LineString", "coordinates": [ [ 2.127868, 41.3838279 ], [ 2.127657, 41.3844825 ] ] } },
{ "type": "Feature", "properties": { "u": 630602346, "v": 2513316044, "key": 0, "osmid": "1395710341", "oneway": true, "lanes": "3", "name": "Gran Via de Carles III", "highway": "primary_link", "maxspeed": "50", "reversed": "False", "length": 31.744, "access": "yes", "junction": null, "ref": null, "width": null, "est_width": null, "tunnel": null, "bridge": null, "service": null }, "geometry": { "type": "LineString", "coordinates": [ [ 2.1274332, 41.3853578 ], [ 2.1273842, 41.3856409 ] ] } },
{ "type": "Feature", "properties": { "u": 669900452, "v": 669900460, "key": 0, "osmid": "52826626", "oneway": true, "lanes": "1", "name": null, "highway": "trunk_link", "maxspeed": null, "reversed": "False", "length": 374.597, "access": null, "junction": null, "ref": "14", "width": null, "est_width": null, "tunnel": null, "bridge": null, "service": null }, "geometry": { "type": "LineString", "coordinates": [ [ 2.1404504, 41.3465456 ], [ 2.1410649, 41.3467443 ], [ 2.1416595, 41.346938 ], [ 2.1421165, 41.3470969 ], [ 2.1422828, 41.3471493 ], [ 2.1423513, 41.3471691 ], [ 2.1424304, 41.3471865 ], [ 2.1425424, 41.3472062 ], [ 2.1426671, 41.3472197 ], [ 2.1431057, 41.3472673 ], [ 2.1432521, 41.3472923 ], [ 2.1433711, 41.3473139 ], [ 2.1435221, 41.3473488 ], [ 2.144295, 41.3475434 ], [ 2.1446816, 41.3476217 ] ] } },
{ "type": "Feature", "properties": { "u": 669900452, "v": 191031226, "key": 0, "osmid": [ 554608801, 376426371, 1394466920, 1394466922, 43686612, 43685269, 43686614, 43685270, 376426681 ], "oneway": true, "lanes": "2", "name": "Ronda Litoral", "highway": "trunk", "maxspeed": "80", "reversed": "False", "length": 826.581, "access": null, "junction": null, "ref": "B-10", "width": null, "est_width": null, "tunnel": null, "bridge": "yes", "service": null }, "geometry": { "type": "LineString", "coordinates": [ [ 2.1404504, 41.3465456 ], [ 2.1408813, 41.3467128 ], [ 2.140939, 41.3467352 ], [ 2.1415339, 41.3469591 ], [ 2.1421103, 41.3471898 ], [ 2.1425664, 41.3473721 ], [ 2.1433599, 41.3477023 ], [ 2.1452826, 41.3484922 ], [ 2.14565, 41.3486498 ], [ 2.1465735, 41.34904 ], [ 2.1470236, 41.3492278 ], [ 2.1470452, 41.3492368 ], [ 2.1473324, 41.3493567 ], [ 2.1486962, 41.3499305 ], [ 2.149129, 41.3501231 ] ] } },
{ "type": "Feature", "properties": { "u": 669900460, "v": 552884948, "key": 0, "osmid": "351974650", "oneway": true, "lanes": "2", "name": "Carrer Número 62", "highway": "trunk_link", "maxspeed": null, "reversed": "False", "length": 106.48, "access": null, "junction": null, "ref": null, "width": null, "est_width": null, "tunnel": null, "bridge": null, "service": null }, "geometry": { "type": "LineString", "coordinates": [ [ 2.1446816, 41.3476217 ], [ 2.1453501, 41.3477915 ], [ 2.1454555, 41.3478074 ], [ 2.1455488, 41.3478136 ], [ 2.1456354, 41.3478096 ], [ 2.1457113, 41.3478016 ], [ 2.1457998, 41.3477801 ], [ 2.145905, 41.3477507 ] ] } },
{ "type": "Feature", "properties": { "u": 681936376, "v": 126769416, "key": 0, "osmid": "253360734", "oneway": false, "lanes": "7", "name": "Avinguda Diagonal", "highway": "primary", "maxspeed": "50", "reversed": "True", "length": 105.478, "access": null, "junction": null, "ref": null, "width": "18", "est_width": null, "tunnel": null, "bridge": null, "service": null }, "geometry": { "type": "LineString", "coordinates": [ [ 2.1233069, 41.3873052 ], [ 2.123108, 41.3872547 ], [ 2.1230825, 41.3872482 ], [ 2.1227011, 41.3871514 ], [ 2.1223439, 41.3870607 ], [ 2.1223151, 41.3870534 ], [ 2.1221093, 41.3870011 ] ] } },
{ "type": "Feature", "properties": { "u": 681936376, "v": 681936382, "key": 0, "osmid": "284616361", "oneway": false, "lanes": "7", "name": "Avinguda Diagonal", "highway": "primary", "maxspeed": "50", "reversed": "False", "length": 177.746, "access": null, "junction": null, "ref": null, "width": "18", "est_width": null, "tunnel": null, "bridge": null, "service": null }, "geometry": { "type": "LineString", "coordinates": [ [ 2.1233069, 41.3873052 ], [ 2.1235268, 41.387361 ], [ 2.1235978, 41.387379 ], [ 2.1250851, 41.3877566 ], [ 2.1251429, 41.3877713 ], [ 2.1253251, 41.3878176 ] ] } },
{ "type": "Feature", "properties": { "u": 681936376, "v": 390227141, "key": 0, "osmid": "542503076", "oneway": true, "lanes": "4", "name": "Plaça de Pius XII", "highway": "primary_link", "maxspeed": "50", "reversed": "False", "length": 48.128, "access": null, "junction": "circular", "ref": null, "width": null, "est_width": null, "tunnel": null, "bridge": null, "service": null }, "geometry": { "type": "LineString", "coordinates": [ [ 2.1233069, 41.3873052 ], [ 2.1231976, 41.3874516 ], [ 2.1231846, 41.3874683 ], [ 2.1231601, 41.3874998 ], [ 2.123076, 41.3875799 ], [ 2.1229776, 41.3876577 ] ] } },
{ "type": "Feature", "properties": { "u": 681936382, "v": 269386336, "key": 0, "osmid": "32023091", "oneway": false, "lanes": "4", "name": "Carrer del Doctor Ferran", "highway": "primary_link", "maxspeed": "50", "reversed": "False", "length": 39.141, "access": null, "junction": null, "ref": null, "width": null, "est_width": null, "tunnel": null, "bridge": null, "service": null }, "geometry": { "type": "LineString", "coordinates": [ [ 2.1253251, 41.3878176 ], [ 2.1252761, 41.3879546 ], [ 2.1252656, 41.3879841 ], [ 2.1252455, 41.3880267 ], [ 2.1252284, 41.3880621 ], [ 2.1251845, 41.3881531 ] ] } },
{ "type": "Feature", "properties": { "u": 681936382, "v": 681936376, "key": 0, "osmid": "284616361", "oneway": false, "lanes": "7", "name": "Avinguda Diagonal", "highway": "primary", "maxspeed": "50", "reversed": "True", "length": 177.746, "access": null, "junction": null, "ref": null, "width": "18", "est_width": null, "tunnel": null, "bridge": null, "service": null }, "geometry": { "type": "LineString", "coordinates": [ [ 2.1253251, 41.3878176 ], [ 2.1251429, 41.3877713 ], [ 2.1250851, 41.3877566 ], [ 2.1235978, 41.387379 ], [ 2.1235268, 41.387361 ], [ 2.1233069, 41.3873052 ] ] } },
{ "type": "Feature", "properties": { "u": 681936382, "v": 2509871324, "key": 0, "osmid": [ 543400542, 1391890990, 1391890991 ], "oneway": false, "lanes": "7", "name": "Avinguda Diagonal", "highway": "primary", "maxspeed": "50", "reversed": "False", "length": 149.26, "access": null, "junction": null, "ref": null, "width": "18", "est_width": null, "tunnel": null, "bridge": null, "service": null }, "geometry": { "type": "LineString", "coordinates": [ [ 2.1253251, 41.3878176 ], [ 2.1255497, 41.3878746 ], [ 2.1257299, 41.3879203 ], [ 2.1257743, 41.3879316 ], [ 2.1258972, 41.3879628 ], [ 2.1259877, 41.3879858 ], [ 2.1264474, 41.3881025 ], [ 2.1267229, 41.3881724 ], [ 2.1267655, 41.3881832 ], [ 2.1270199, 41.3882478 ] ] } },
{ "type": "Feature", "properties": { "u": 687897110, "v": 430537449, "key": 0, "osmid": "122307615", "oneway": false, "lanes": "7", "name": "Avinguda Diagonal", "highway": "primary", "maxspeed": "50", "reversed": "False", "length": 37.186, "access": null, "junction": null, "ref": null, "width": "22", "est_width": null, "tunnel": null, "bridge": null, "service": null }, "geometry": { "type": "LineString", "coordinates": [ [ 2.1121185, 41.3844647 ], [ 2.1121981, 41.3844849 ], [ 2.1123471, 41.3845228 ], [ 2.1125407, 41.3845719 ] ] } },
{ "type": "Feature", "properties": { "u": 687897110, "v": 1311619485, "key": 0, "osmid": "122307616", "oneway": false, "lanes": "7", "name": "Avinguda Diagonal", "highway": "primary", "maxspeed": "50", "reversed": "True", "length": 29.418, "access": null, "junction": null, "ref": null, "width": "22", "est_width": null, "tunnel": null, "bridge": null, "service": null }, "geometry": { "type": "LineString", "coordinates": [ [ 2.1121185, 41.3844647 ], [ 2.1119322, 41.3844174 ], [ 2.1117845, 41.3843799 ] ] } },
{ "type": "Feature", "properties": { "u": 687897113, "v": 430537456, "key": 0, "osmid": "549755459", "oneway": true, "lanes": "2", "name": "Avinguda Diagonal (lateral mar)", "highway": "primary_link", "maxspeed": "50", "reversed": "False", "length": 30.15, "access": null, "junction": null, "ref": null, "width": null, "est_width": null, "tunnel": null, "bridge": null, "service": null }, "geometry": { "type": "LineString", "coordinates": [ [ 2.1122472, 41.3842539 ], [ 2.1125887, 41.3843426 ] ] } },
{ "type": "Feature", "properties": { "u": 687897113, "v": 687897110, "key": 0, "osmid": "449751439", "oneway": true, "lanes": "3", "name": "Avinguda del Doctor Marañón", "highway": "primary_link", "maxspeed": "50", "reversed": "False", "length": 25.797, "access": null, "junction": null, "ref": null, "width": null, "est_width": null, "tunnel": null, "bridge": null, "service": null }, "geometry": { "type": "LineString", "coordinates": [ [ 2.1122472, 41.3842539 ], [ 2.1121855, 41.3843598 ], [ 2.1121466, 41.3844153 ], [ 2.1121185, 41.3844647 ] ] } },
{ "type": "Feature", "properties": { "u": 687897127, "v": 418737421, "key": 0, "osmid": [ 129216261, 1391886567 ], "oneway": true, "lanes": "3", "name": "Avinguda Diagonal (lateral mar)", "highway": "primary_link", "maxspeed": "50", "reversed": "False", "length": 214.767, "access": null, "junction": null, "ref": null, "width": null, "est_width": null, "tunnel": null, "bridge": null, "service": null }, "geometry": { "type": "LineString", "coordinates": [ [ 2.1136103, 41.3845907 ], [ 2.1139418, 41.3846791 ], [ 2.1140198, 41.3846969 ], [ 2.1141407, 41.3847305 ], [ 2.1141615, 41.3847363 ], [ 2.1142809, 41.3847669 ], [ 2.114313, 41.3847751 ], [ 2.1143404, 41.3847821 ], [ 2.114541, 41.3848333 ], [ 2.1156452, 41.3851148 ], [ 2.1160454, 41.3852169 ] ] } },
{ "type": "Feature", "properties": { "u": 688393867, "v": 3136662657, "key": 0, "osmid": "84036380", "oneway": true, "lanes": "2", "name": "Carrer de Mandri", "highway": "primary_link", "maxspeed": "50", "reversed": "False", "length": 27.358, "access": null, "junction": null, "ref": null, "width": null, "est_width": null, "tunnel": null, "bridge": null, "service": null }, "geometry": { "type": "LineString", "coordinates": [ [ 2.1362807, 41.4013462 ], [ 2.1361087, 41.401364 ], [ 2.136041, 41.4013759 ], [ 2.1359643, 41.4014031 ] ] } },
{ "type": "Feature", "properties": { "u": 688393867, "v": 1496396360, "key": 0, "osmid": "1238550919", "oneway": true, "lanes": "3", "name": "Ronda del General Mitre", "highway": "primary", "maxspeed": "50", "reversed": "False", "length": 46.783, "access": null, "junction": null, "ref": null, "width": null, "est_width": null, "tunnel": null, "bridge": null, "service": null }, "geometry": { "type": "LineString", "coordinates": [ [ 2.1362807, 41.4013462 ], [ 2.136068, 41.4011637 ], [ 2.1359116, 41.4010294 ] ] } },
{ "type": "Feature", "properties": { "u": 690411235, "v": 1855128396, "key": 0, "osmid": [ 367979559, 1395710335 ], "oneway": true, "lanes": "3", "name": "Gran Via de Carles III", "highway": "primary_link", "maxspeed": "50", "reversed": "False", "length": 39.263, "access": "yes", "junction": null, "ref": null, "width": null, "est_width": null, "tunnel": null, "bridge": null, "service": null }, "geometry": { "type": "LineString", "coordinates": [ [ 2.127657, 41.3844825 ], [ 2.1275843, 41.3847018 ], [ 2.1275774, 41.384729 ], [ 2.1275558, 41.3848271 ] ] } },
{ "type": "Feature", "properties": { "u": 690411236, "v": 690411245, "key": 0, "osmid": [ 1395710330, 1395710340 ], "oneway": true, "lanes": "2", "name": "Ronda del Mig", "highway": "primary", "maxspeed": "60", "reversed": "False", "length": 363.06, "access": "yes", "junction": null, "ref": null, "width": null, "est_width": null, "tunnel": "yes", "bridge": null, "service": null }, "geometry": { "type": "LineString", "coordinates": [ [ 2.1279054, 41.3831164 ], [ 2.1275409, 41.3842373 ], [ 2.1273644, 41.3850798 ], [ 2.1273436, 41.3851789 ], [ 2.1272518, 41.3856673 ], [ 2.1272277, 41.3858168 ], [ 2.1272242, 41.3863311 ] ] } },
{ "type": "Feature", "properties": { "u": 690411236, "v": 690411235, "key": 0, "osmid": [ 54847779, 1395710332 ], "oneway": true, "lanes": null, "name": null, "highway": "primary_link", "maxspeed": "50", "reversed": "False", "length": 153.609, "access": null, "junction": null, "ref": null, "width": null, "est_width": null, "tunnel": "yes", "bridge": null, "service": null }, "geometry": { "type": "LineString", "coordinates": [ [ 2.1279054, 41.3831164 ], [ 2.1278911, 41.383396 ], [ 2.1278624, 41.383528 ], [ 2.1277129, 41.384131 ], [ 2.127673, 41.384299 ], [ 2.127657, 41.3844825 ] ] } },
{ "type": "Feature", "properties": { "u": 690411245, "v": 390227118, "key": 0, "osmid": [ 54847777, 54847781 ], "oneway": true, "lanes": "3", "name": "Ronda del Mig", "highway": "primary", "maxspeed": "60", "reversed": "False", "length": 314.027, "access": "yes", "junction": null, "ref": null, "width": null, "est_width": null, "tunnel": "yes", "bridge": null, "service": null }, "geometry": { "type": "LineString", "coordinates": [ [ 2.1272242, 41.3863311 ], [ 2.1272223, 41.3866086 ], [ 2.1272396, 41.3870053 ], [ 2.127257, 41.3871836 ], [ 2.1272879, 41.3873618 ], [ 2.1273625, 41.3877303 ], [ 2.1273853, 41.3878195 ], [ 2.1274094, 41.3879246 ], [ 2.1275232, 41.3882944 ], [ 2.1275813, 41.388481 ], [ 2.1275957, 41.3885286 ], [ 2.1277511, 41.3890435 ], [ 2.1277738, 41.3891146 ] ] } },
{ "type": "Feature", "properties": { "u": 690411249, "v": 12919195202, "key": 0, "osmid": "54847778", "oneway": true, "lanes": null, "name": null, "highway": "primary_link", "maxspeed": "50", "reversed": "False", "length": 112.478, "access": "yes", "junction": null, "ref": null, "width": null, "est_width": null, "tunnel": null, "bridge": null, "service": null }, "geometry": { "type": "LineString", "coordinates": [ [ 2.1270718, 41.3864678 ], [ 2.1270401, 41.3862976 ], [ 2.127035, 41.3861004 ], [ 2.1270329, 41.3859763 ], [ 2.1270389, 41.3857779 ], [ 2.1270288, 41.3854581 ] ] } },
{ "type": "Feature", "properties": { "u": 690411249, "v": 1375265147, "key": 0, "osmid": [ 1338646675, 542495910 ], "oneway": true, "lanes": "2", "name": "Ronda del Mig", "highway": "primary", "maxspeed": "60", "reversed": "False", "length": 196.712, "access": "yes", "junction": null, "ref": null, "width": null, "est_width": null, "tunnel": "yes", "bridge": null, "service": null }, "geometry": { "type": "LineString", "coordinates": [ [ 2.1270718, 41.3864678 ], [ 2.1270794, 41.38636 ], [ 2.1270904, 41.3861032 ], [ 2.1271053, 41.3857547 ], [ 2.1271313, 41.3855702 ], [ 2.127226, 41.3851179 ], [ 2.1272947, 41.384709 ] ] } },
{ "type": "Feature", "properties": { "u": 690679214, "v": 208696479, "key": 0, "osmid": [ 30014913, 1393379499, 54856708, 1393379501 ], "oneway": true, "lanes": "3", "name": "Ronda de Dalt", "highway": "trunk", "maxspeed": "80", "reversed": "False", "length": 571.657, "access": "yes", "junction": null, "ref": "B-20", "width": null, "est_width": null, "tunnel": "yes", "bridge": null, "service": null }, "geometry": { "type": "LineString", "coordinates": [ [ 2.1065379, 41.3876567 ], [ 2.1069461, 41.3881994 ], [ 2.1073382, 41.3888637 ], [ 2.10742, 41.3890191 ], [ 2.1077357, 41.3896547 ], [ 2.108047, 41.3902386 ], [ 2.108182, 41.3904917 ], [ 2.1083884, 41.3909388 ], [ 2.1085445, 41.3912435 ], [ 2.1089277, 41.3919912 ], [ 2.1091445, 41.3924042 ] ] } },
{ "type": "Feature", "properties": { "u": 690679214, "v": 7233634040, "key": 0, "osmid": [ 775343576, 54856709 ], "oneway": true, "lanes": null, "name": null, "highway": "trunk_link", "maxspeed": null, "reversed": "False", "length": 210.781, "access": null, "junction": null, "ref": "10", "width": null, "est_width": null, "tunnel": "yes", "bridge": null, "service": null }, "geometry": { "type": "LineString", "coordinates": [ [ 2.1065379, 41.3876567 ], [ 2.1071306, 41.3882329 ], [ 2.1079452, 41.3891244 ], [ 2.1080032, 41.3891589 ], [ 2.1080421, 41.3891704 ] ] } },
{ "type": "Feature", "properties": { "u": 690803404, "v": 12644016500, "key": 0, "osmid": "1395721714", "oneway": true, "lanes": "4", "name": "Ronda del Guinardó", "highway": "primary", "maxspeed": "50", "reversed": "False", "length": 21.004, "access": null, "junction": null, "ref": null, "width": null, "est_width": null, "tunnel": null, "bridge": null, "service": null }, "geometry": { "type": "LineString", "coordinates": [ [ 2.1667127, 41.412071 ], [ 2.1669513, 41.4121315 ] ] } },
{ "type": "Feature", "properties": { "u": 690803431, "v": 30254013, "key": 0, "osmid": [ 1395721709, 1395721710 ], "oneway": true, "lanes": "3", "name": "Ronda del Guinardó", "highway": "primary", "maxspeed": "50", "reversed": "False", "length": 135.145, "access": null, "junction": null, "ref": null, "width": null, "est_width": null, "tunnel": null, "bridge": null, "service": null }, "geometry": { "type": "LineString", "coordinates": [ [ 2.168191, 41.4125253 ], [ 2.168359, 41.4125845 ], [ 2.1689288, 41.4128286 ], [ 2.1691726, 41.4129418 ], [ 2.1694164, 41.4130549 ], [ 2.1695898, 41.4131374 ] ] } },
{ "type": "Feature", "properties": { "u": 690812102, "v": 30960627, "key": 0, "osmid": [ 296813929, 542990502 ], "oneway": true, "lanes": "3", "name": "Travessera de Dalt", "highway": "primary", "maxspeed": "50", "reversed": "False", "length": 43.171, "access": null, "junction": null, "ref": null, "width": null, "est_width": null, "tunnel": null, "bridge": null, "service": null }, "geometry": { "type": "LineString", "coordinates": [ [ 2.1567104, 41.4107215 ], [ 2.1564407, 41.410542 ], [ 2.1564227, 41.4105315 ], [ 2.1563207, 41.410466 ] ] } },
{ "type": "Feature", "properties": { "u": 690812143, "v": 30960642, "key": 0, "osmid": "542990503", "oneway": true, "lanes": "3", "name": "Travessera de Dalt", "highway": "primary", "maxspeed": "50", "reversed": "False", "length": 106.975, "access": null, "junction": null, "ref": null, "width": null, "est_width": null, "tunnel": null, "bridge": null, "service": null }, "geometry": { "type": "LineString", "coordinates": [ [ 2.1559652, 41.4102261 ], [ 2.1556739, 41.4100039 ], [ 2.1553696, 41.4098103 ], [ 2.1553287, 41.4097842 ], [ 2.1551548, 41.4096791 ], [ 2.1549989, 41.4095961 ] ] } },
{ "type": "Feature", "properties": { "u": 692247924, "v": 692263337, "key": 0, "osmid": "29344544", "oneway": true, "lanes": "1", "name": "Ronda del General Mitre", "highway": "primary_link", "maxspeed": "50", "reversed": "False", "length": 95.879, "access": null, "junction": null, "ref": null, "width": null, "est_width": null, "tunnel": null, "bridge": null, "service": null }, "geometry": { "type": "LineString", "coordinates": [ [ 2.1329987, 41.3967113 ], [ 2.1334137, 41.3963072 ], [ 2.1336743, 41.3960143 ] ] } },
{ "type": "Feature", "properties": { "u": 692247930, "v": 1002675881, "key": 0, "osmid": "24793420", "oneway": true, "lanes": "2", "name": "Ronda del General Mitre", "highway": "primary_link", "maxspeed": "50", "reversed": "False", "length": 57.57, "access": null, "junction": null, "ref": null, "width": null, "est_width": null, "tunnel": null, "bridge": null, "service": null }, "geometry": { "type": "LineString", "coordinates": [ [ 2.133189, 41.3968362 ], [ 2.132992, 41.397067 ], [ 2.1329662, 41.3971231 ], [ 2.1328761, 41.3972946 ] ] } },
{ "type": "Feature", "properties": { "u": 692263337, "v": 7252348260, "key": 0, "osmid": [ 29344544, 1395710352 ], "oneway": true, "lanes": [ "1", "2" ], "name": "Ronda del General Mitre", "highway": "primary_link", "maxspeed": "50", "reversed": "False", "length": 65.401, "access": null, "junction": null, "ref": null, "width": null, "est_width": null, "tunnel": null, "bridge": null, "service": null }, "geometry": { "type": "LineString", "coordinates": [ [ 2.1336743, 41.3960143 ], [ 2.133783, 41.3958897 ], [ 2.1338279, 41.3958118 ], [ 2.1338545, 41.3957399 ], [ 2.1338956, 41.395612 ], [ 2.1339091, 41.395572 ], [ 2.133964, 41.3954733 ] ] } },
{ "type": "Feature", "properties": { "u": 692263343, "v": 1378060299, "key": 0, "osmid": "24793420", "oneway": true, "lanes": "2", "name": "Ronda del General Mitre", "highway": "primary_link", "maxspeed": "50", "reversed": "False", "length": 24.108, "access": null, "junction": null, "ref": null, "width": null, "est_width": null, "tunnel": null, "bridge": null, "service": null }, "geometry": { "type": "LineString", "coordinates": [ [ 2.1343479, 41.395535 ], [ 2.1343294, 41.3955969 ], [ 2.134282, 41.3956778 ], [ 2.1342471, 41.3957373 ] ] } },
{ "type": "Feature", "properties": { "u": 692807420, "v": 692807422, "key": 0, "osmid": "308378769", "oneway": false, "lanes": "4", "name": "Via Augusta", "highway": "primary", "maxspeed": "50", "reversed": "True", "length": 60.424, "access": null, "junction": null, "ref": null, "width": "13", "est_width": null, "tunnel": null, "bridge": null, "service": null }, "geometry": { "type": "LineString", "coordinates": [ [ 2.12899, 41.3977665 ], [ 2.1297144, 41.3977638 ] ] } },
{ "type": "Feature", "properties": { "u": 692807420, "v": 323191078, "key": 0, "osmid": "308378768", "oneway": false, "lanes": "4", "name": "Via Augusta", "highway": "primary", "maxspeed": "50", "reversed": "False", "length": 69.727, "access": null, "junction": null, "ref": null, "width": "13", "est_width": null, "tunnel": null, "bridge": null, "service": null }, "geometry": { "type": "LineString", "coordinates": [ [ 2.12899, 41.3977665 ], [ 2.1287537, 41.3977634 ], [ 2.1285619, 41.3977669 ], [ 2.1285239, 41.3977676 ], [ 2.1281544, 41.3977774 ] ] } },
{ "type": "Feature", "properties": { "u": 692807422, "v": 692807420, "key": 0, "osmid": "308378769", "oneway": false, "lanes": "4", "name": "Via Augusta", "highway": "primary", "maxspeed": "50", "reversed": "False", "length": 60.424, "access": null, "junction": null, "ref": null, "width": "13", "est_width": null, "tunnel": null, "bridge": null, "service": null }, "geometry": { "type": "LineString", "coordinates": [ [ 2.1297144, 41.3977638 ], [ 2.12899, 41.3977665 ] ] } },
{ "type": "Feature", "properties": { "u": 692807422, "v": 330414111, "key": 0, "osmid": "308378771", "oneway": false, "lanes": "4", "name": "Via Augusta", "highway": "primary", "maxspeed": "50", "reversed": "True", "length": 36.762, "access": null, "junction": null, "ref": null, "width": "13", "est_width": null, "tunnel": null, "bridge": null, "service": null }, "geometry": { "type": "LineString", "coordinates": [ [ 2.1297144, 41.3977638 ], [ 2.1297748, 41.397763 ], [ 2.1300787, 41.3977655 ], [ 2.1301551, 41.3977661 ] ] } },
{ "type": "Feature", "properties": { "u": 693864923, "v": 390227092, "key": 0, "osmid": "34054317", "oneway": true, "lanes": "4", "name": "Ronda del Mig", "highway": "primary", "maxspeed": "50", "reversed": "False", "length": 86.02, "access": null, "junction": null, "ref": null, "width": null, "est_width": null, "tunnel": null, "bridge": null, "service": null }, "geometry": { "type": "LineString", "coordinates": [ [ 2.134886, 41.3657131 ], [ 2.1349845, 41.365507 ], [ 2.1350403, 41.3653201 ], [ 2.135061, 41.3651872 ], [ 2.1350637, 41.3651352 ], [ 2.1350644, 41.365101 ], [ 2.1350698, 41.364958 ] ] } },
{ "type": "Feature", "properties": { "u": 700947151, "v": 1000063811, "key": 0, "osmid": [ 1395701663, 542495911, 237960951 ], "oneway": true, "lanes": "3", "name": "Gran Via de Carles III", "highway": "primary_link", "maxspeed": "50", "reversed": "False", "length": 170.329, "access": null, "junction": null, "ref": null, "width": null, "est_width": null, "tunnel": null, "bridge": null, "service": null }, "geometry": { "type": "LineString", "coordinates": [ [ 2.1284141, 41.3809769 ], [ 2.1286451, 41.3802764 ], [ 2.1286542, 41.3802489 ], [ 2.1286835, 41.3801638 ], [ 2.1287908, 41.3798099 ], [ 2.1288009, 41.3797765 ], [ 2.1288885, 41.3794871 ] ] } },
{ "type": "Feature", "properties": { "u": 701887661, "v": 402875760, "key": 0, "osmid": "268914829", "oneway": true, "lanes": "2", "name": "Avinguda de l'Estatut de Catalunya", "highway": "primary", "maxspeed": "50", "reversed": "False", "length": 217.413, "access": null, "junction": null, "ref": null, "width": null, "est_width": null, "tunnel": null, "bridge": null, "service": null }, "geometry": { "type": "LineString", "coordinates": [ [ 2.1526142, 41.4332416 ], [ 2.1526838, 41.4332273 ], [ 2.1527365, 41.433208 ], [ 2.1527863, 41.4331855 ], [ 2.1528048, 41.4331744 ], [ 2.1528413, 41.4331539 ], [ 2.1529018, 41.4331105 ], [ 2.1529508, 41.4330614 ], [ 2.1529995, 41.4329909 ], [ 2.1530482, 41.432915 ], [ 2.1532673, 41.4325475 ], [ 2.1532759, 41.4325331 ], [ 2.1532942, 41.4325025 ], [ 2.1536444, 41.431912 ], [ 2.1537384, 41.4317562 ], [ 2.1537584, 41.4317231 ], [ 2.1538067, 41.4316429 ], [ 2.1538524, 41.4315701 ] ] } },
{ "type": "Feature", "properties": { "u": 701887661, "v": 2017294208, "key": 0, "osmid": "546607929", "oneway": true, "lanes": "3", "name": "Plaça de Botticelli", "highway": "primary", "maxspeed": "50", "reversed": "False", "length": 36.295, "access": null, "junction": "circular", "ref": null, "width": null, "est_width": null, "tunnel": null, "bridge": null, "service": null }, "geometry": { "type": "LineString", "coordinates": [ [ 2.1526142, 41.4332416 ], [ 2.1526532, 41.4332429 ], [ 2.1526996, 41.4332491 ], [ 2.1527556, 41.4332636 ], [ 2.1528202, 41.4332883 ], [ 2.1528462, 41.4333031 ], [ 2.1528777, 41.4333213 ], [ 2.1529265, 41.4333615 ], [ 2.152965, 41.4334076 ] ] } },
{ "type": "Feature", "properties": { "u": 760332202, "v": 2888571936, "key": 0, "osmid": "306281850", "oneway": true, "lanes": "2", "name": "Gran Via de les Corts Catalanes", "highway": "primary_link", "maxspeed": "30", "reversed": "False", "length": 11.975, "access": null, "junction": null, "ref": null, "width": "6", "est_width": null, "tunnel": null, "bridge": null, "service": null }, "geometry": { "type": "LineString", "coordinates": [ [ 2.1424486, 41.3699939 ], [ 2.1425467, 41.3699153 ] ] } },
{ "type": "Feature", "properties": { "u": 760332202, "v": 3049188195, "key": 0, "osmid": [ 285182794, 545747621 ], "oneway": false, "lanes": "6", "name": "Gran Via de les Corts Catalanes", "highway": "primary", "maxspeed": "50", "reversed": "False", "length": 62.854, "access": null, "junction": null, "ref": "C-31", "width": "22", "est_width": null, "tunnel": null, "bridge": null, "service": null }, "geometry": { "type": "LineString", "coordinates": [ [ 2.1424486, 41.3699939 ], [ 2.1426099, 41.3701214 ], [ 2.1426548, 41.3701551 ], [ 2.1428201, 41.3702852 ], [ 2.1428705, 41.3703197 ], [ 2.1429311, 41.3703612 ], [ 2.1429796, 41.3703944 ] ] } },
{ "type": "Feature", "properties": { "u": 760332202, "v": 2891400538, "key": 0, "osmid": [ 545021320, 285182796 ], "oneway": false, "lanes": "6", "name": "Gran Via de les Corts Catalanes", "highway": "primary", "maxspeed": "50", "reversed": "True", "length": 235.86, "access": null, "junction": null, "ref": "C-31", "width": "22", "est_width": null, "tunnel": null, "bridge": null, "service": null }, "geometry": { "type": "LineString", "coordinates": [ [ 2.1424486, 41.3699939 ], [ 2.1423501, 41.3699234 ], [ 2.1420201, 41.3696792 ], [ 2.1419844, 41.3696531 ], [ 2.1418635, 41.36956 ], [ 2.1415, 41.3692834 ], [ 2.1412623, 41.3690978 ], [ 2.1409178, 41.3688437 ], [ 2.1408954, 41.3688274 ], [ 2.1408712, 41.3688092 ], [ 2.1404946, 41.3685234 ], [ 2.1404531, 41.3684919 ] ] } },
{ "type": "Feature", "properties": { "u": 760332212, "v": 5169529371, "key": 0, "osmid": "532768191", "oneway": false, "lanes": "6", "name": "Gran Via de les Corts Catalanes", "highway": "primary", "maxspeed": "50", "reversed": "False", "length": 5.005, "access": null, "junction": null, "ref": "C-31", "width": "22", "est_width": null, "tunnel": null, "bridge": null, "service": null }, "geometry": { "type": "LineString", "coordinates": [ [ 2.1461805, 41.3728054 ], [ 2.1462266, 41.3728342 ] ] } },
{ "type": "Feature", "properties": { "u": 760332212, "v": 760332221, "key": 0, "osmid": [ 545715328, 532768192, 251733669, 545747632, 532768190 ], "oneway": false, "lanes": "6", "name": "Gran Via de les Corts Catalanes", "highway": "primary", "maxspeed": "50", "reversed": "True", "length": 273.002, "access": null, "junction": null, "ref": "C-31", "width": "22", "est_width": null, "tunnel": null, "bridge": null, "service": null }, "geometry": { "type": "LineString", "coordinates": [ [ 2.1461805, 41.3728054 ], [ 2.1460747, 41.3727215 ], [ 2.1460376, 41.3726921 ], [ 2.1460063, 41.3726679 ], [ 2.1459983, 41.3726623 ], [ 2.145527, 41.372308 ], [ 2.1452574, 41.3721009 ], [ 2.1449254, 41.3718552 ], [ 2.1448853, 41.3718219 ], [ 2.1447426, 41.3717037 ], [ 2.1440509, 41.3712013 ], [ 2.1440126, 41.3711739 ], [ 2.14387, 41.3710678 ] ] } },
{ "type": "Feature", "properties": { "u": 760332214, "v": 7037282909, "key": 0, "osmid": "1219773656", "oneway": true, "lanes": "2", "name": "Gran Via de les Corts Catalanes (lateral muntanya)", "highway": "primary_link", "maxspeed": "50", "reversed": "False", "length": 28.344, "access": null, "junction": null, "ref": null, "width": "6", "est_width": null, "tunnel": null, "bridge": null, "service": null }, "geometry": { "type": "LineString", "coordinates": [ [ 2.1375016, 41.3664314 ], [ 2.1372671, 41.366247 ] ] } },
{ "type": "Feature", "properties": { "u": 760332221, "v": 2511679139, "key": 0, "osmid": "243809305", "oneway": true, "lanes": "2", "name": "Carrer de Sant Paulí de Nola", "highway": "primary_link", "maxspeed": "50", "reversed": "False", "length": 12.676, "access": "yes", "junction": null, "ref": null, "width": null, "est_width": null, "tunnel": null, "bridge": null, "service": null }, "geometry": { "type": "LineString", "coordinates": [ [ 2.14387, 41.3710678 ], [ 2.1439597, 41.3709758 ] ] } },
{ "type": "Feature", "properties": { "u": 760332221, "v": 760332212, "key": 0, "osmid": [ 545715328, 532768192, 251733669, 545747632, 532768190 ], "oneway": false, "lanes": "6", "name": "Gran Via de les Corts Catalanes", "highway": "primary", "maxspeed": "50", "reversed": "False", "length": 273.002, "access": null, "junction": null, "ref": "C-31", "width": "22", "est_width": null, "tunnel": null, "bridge": null, "service": null }, "geometry": { "type": "LineString", "coordinates": [ [ 2.14387, 41.3710678 ], [ 2.1440126, 41.3711739 ], [ 2.1440509, 41.3712013 ], [ 2.1447426, 41.3717037 ], [ 2.1448853, 41.3718219 ], [ 2.1449254, 41.3718552 ], [ 2.1452574, 41.3721009 ], [ 2.145527, 41.372308 ], [ 2.1459983, 41.3726623 ], [ 2.1460063, 41.3726679 ], [ 2.1460376, 41.3726921 ], [ 2.1460747, 41.3727215 ], [ 2.1461805, 41.3728054 ] ] } },
{ "type": "Feature", "properties": { "u": 760332221, "v": 3049188195, "key": 0, "osmid": "306281847", "oneway": false, "lanes": "6", "name": "Gran Via de les Corts Catalanes", "highway": "primary", "maxspeed": "50", "reversed": "True", "length": 105.491, "access": null, "junction": null, "ref": "C-31", "width": "22", "est_width": null, "tunnel": null, "bridge": null, "service": null }, "geometry": { "type": "LineString", "coordinates": [ [ 2.14387, 41.3710678 ], [ 2.1437289, 41.3709566 ], [ 2.1437001, 41.3709351 ], [ 2.1430639, 41.3704577 ], [ 2.1429796, 41.3703944 ] ] } },
{ "type": "Feature", "properties": { "u": 803435608, "v": 1193548761, "key": 0, "osmid": "208708602", "oneway": true, "lanes": "7", "name": "Plaça d'Espanya", "highway": "primary", "maxspeed": "50", "reversed": "False", "length": 9.572, "access": null, "junction": "circular", "ref": null, "width": "28", "est_width": null, "tunnel": null, "bridge": null, "service": null }, "geometry": { "type": "LineString", "coordinates": [ [ 2.1488463, 41.3754064 ], [ 2.1487509, 41.3753586 ] ] } },
{ "type": "Feature", "properties": { "u": 815062993, "v": 815063056, "key": 0, "osmid": [ 67514410, 560625691 ], "oneway": true, "lanes": [ "1", "2" ], "name": null, "highway": "trunk_link", "maxspeed": "60", "reversed": "False", "length": 243.092, "access": null, "junction": null, "ref": null, "width": null, "est_width": null, "tunnel": null, "bridge": null, "service": null }, "geometry": { "type": "LineString", "coordinates": [ [ 2.1905139, 41.4467985 ], [ 2.1906323, 41.4467913 ], [ 2.1915351, 41.4468149 ], [ 2.191902, 41.4468255 ], [ 2.192125, 41.446843 ], [ 2.192314, 41.4468613 ], [ 2.1925771, 41.4468947 ], [ 2.1927188, 41.4469159 ], [ 2.1928619, 41.4469481 ], [ 2.1929703, 41.4469828 ], [ 2.1930543, 41.4470236 ], [ 2.1933189, 41.4471761 ] ] } },
{ "type": "Feature", "properties": { "u": 815063056, "v": 317922804, "key": 0, "osmid": "98761484", "oneway": true, "lanes": "4", "name": "Ronda de Dalt", "highway": "trunk", "maxspeed": "80", "reversed": "False", "length": 50.631, "access": "yes", "junction": null, "ref": "B-20", "width": null, "est_width": null, "tunnel": null, "bridge": null, "service": null }, "geometry": { "type": "LineString", "coordinates": [ [ 2.1933189, 41.4471761 ], [ 2.1934517, 41.4472418 ], [ 2.1935659, 41.4472984 ], [ 2.1936844, 41.4473569 ], [ 2.1938305, 41.4474214 ] ] } },
{ "type": "Feature", "properties": { "u": 818710818, "v": 8529268154, "key": 0, "osmid": "294056759", "oneway": true, "lanes": "1", "name": "Via Augusta", "highway": "primary_link", "maxspeed": "50", "reversed": "False", "length": 7.104, "access": null, "junction": null, "ref": null, "width": "6", "est_width": null, "tunnel": null, "bridge": null, "service": null }, "geometry": { "type": "LineString", "coordinates": [ [ 2.1243381, 41.399614 ], [ 2.1242868, 41.399665 ] ] } },
{ "type": "Feature", "properties": { "u": 818710821, "v": 2590731984, "key": 0, "osmid": "238862120", "oneway": true, "lanes": "1", "name": "Via Augusta", "highway": "primary_link", "maxspeed": "50", "reversed": "False", "length": 142.359, "access": null, "junction": null, "ref": null, "width": "4", "est_width": null, "tunnel": null, "bridge": null, "service": null }, "geometry": { "type": "LineString", "coordinates": [ [ 2.1230648, 41.4008171 ], [ 2.1229896, 41.4008773 ], [ 2.1229397, 41.4009137 ], [ 2.1225877, 41.4012 ], [ 2.1224187, 41.4013346 ], [ 2.1221965, 41.4014809 ], [ 2.1219865, 41.4016035 ], [ 2.1219046, 41.4016514 ], [ 2.1218262, 41.4016928 ] ] } },
{ "type": "Feature", "properties": { "u": 818710835, "v": 418137494, "key": 0, "osmid": "238862123", "oneway": true, "lanes": "1", "name": "Via Augusta", "highway": "primary_link", "maxspeed": "50", "reversed": "False", "length": 106.36, "access": null, "junction": null, "ref": null, "width": "6", "est_width": null, "tunnel": null, "bridge": null, "service": null }, "geometry": { "type": "LineString", "coordinates": [ [ 2.1227324, 41.4005917 ], [ 2.1227912, 41.400536 ], [ 2.1228389, 41.400498 ], [ 2.1230209, 41.4003234 ], [ 2.1233727, 41.4 ], [ 2.1235364, 41.3998495 ] ] } },
{ "type": "Feature", "properties": { "u": 818710842, "v": 818710843, "key": 0, "osmid": [ 450200072, 871757026 ], "oneway": true, "lanes": "1", "name": "Via Augusta", "highway": "primary_link", "maxspeed": "50", "reversed": "False", "length": 80.761, "access": null, "junction": null, "ref": null, "width": "4", "est_width": null, "tunnel": null, "bridge": null, "service": null }, "geometry": { "type": "LineString", "coordinates": [ [ 2.1206822, 41.4019209 ], [ 2.1207423, 41.4018878 ], [ 2.1209019, 41.4018 ], [ 2.1209924, 41.4017502 ], [ 2.1213942, 41.4015499 ], [ 2.1214131, 41.4015405 ], [ 2.1214784, 41.4015079 ] ] } },
{ "type": "Feature", "properties": { "u": 818710843, "v": 818710835, "key": 0, "osmid": "450200076", "oneway": true, "lanes": "1", "name": "Via Augusta", "highway": "primary_link", "maxspeed": "50", "reversed": "False", "length": 146.578, "access": null, "junction": null, "ref": null, "width": "4", "est_width": null, "tunnel": null, "bridge": null, "service": null }, "geometry": { "type": "LineString", "coordinates": [ [ 2.1214784, 41.4015079 ], [ 2.1215843, 41.4014422 ], [ 2.1219719, 41.4012111 ], [ 2.1220509, 41.4011533 ], [ 2.1222532, 41.4009871 ], [ 2.1225846, 41.4007374 ], [ 2.1226107, 41.4007177 ], [ 2.1226622, 41.4006708 ], [ 2.1227324, 41.4005917 ] ] } },
{ "type": "Feature", "properties": { "u": 823781718, "v": 390057403, "key": 0, "osmid": "68506264", "oneway": false, "lanes": "7", "name": "Avinguda Diagonal", "highway": "primary", "maxspeed": "50", "reversed": "False", "length": 18.022, "access": null, "junction": null, "ref": null, "width": "18", "est_width": null, "tunnel": null, "bridge": null, "service": null }, "geometry": { "type": "LineString", "coordinates": [ [ 2.1168117, 41.3856562 ], [ 2.1170163, 41.3857082 ] ] } },
{ "type": "Feature", "properties": { "u": 823781718, "v": 1311619305, "key": 0, "osmid": [ 543400545, 1391886568, 543748715, 1391886574, 396767222 ], "oneway": false, "lanes": "7", "name": "Avinguda Diagonal", "highway": "primary", "maxspeed": "50", "reversed": "True", "length": 354.35, "access": null, "junction": null, "ref": null, "width": "18", "est_width": null, "tunnel": null, "bridge": null, "service": null }, "geometry": { "type": "LineString", "coordinates": [ [ 2.1168117, 41.3856562 ], [ 2.1166307, 41.3856103 ], [ 2.116577, 41.3855966 ], [ 2.1162117, 41.3855039 ], [ 2.113971, 41.384935 ], [ 2.1134652, 41.3848066 ], [ 2.1132284, 41.3847465 ], [ 2.1131451, 41.3847254 ], [ 2.1127884, 41.3846348 ] ] } },
{ "type": "Feature", "properties": { "u": 823781730, "v": 418737420, "key": 0, "osmid": "68506246", "oneway": true, "lanes": "3", "name": "Avinguda Diagonal (lateral mar)", "highway": "primary_link", "maxspeed": "50", "reversed": "False", "length": 92.161, "access": null, "junction": null, "ref": null, "width": null, "est_width": null, "tunnel": null, "bridge": null, "service": null }, "geometry": { "type": "LineString", "coordinates": [ [ 2.1169719, 41.3854542 ], [ 2.1173295, 41.3855453 ], [ 2.1177673, 41.3856569 ], [ 2.117978, 41.385714 ], [ 2.1180162, 41.3857244 ] ] } },
{ "type": "Feature", "properties": { "u": 840736526, "v": 840736528, "key": 0, "osmid": "364431260", "oneway": true, "lanes": "2", "name": "Autovia de l'Ametlla", "highway": "trunk", "maxspeed": "80", "reversed": "False", "length": 163.99, "access": null, "junction": null, "ref": "C-17", "width": null, "est_width": null, "tunnel": null, "bridge": null, "service": null }, "geometry": { "type": "LineString", "coordinates": [ [ 2.1877049, 41.4576189 ], [ 2.1873348, 41.457883 ], [ 2.1870137, 41.4581029 ], [ 2.1866793, 41.4583224 ], [ 2.1862378, 41.4586012 ] ] } },
{ "type": "Feature", "properties": { "u": 840736526, "v": 840736554, "key": 0, "osmid": "1047586509", "oneway": true, "lanes": "1", "name": null, "highway": "trunk_link", "maxspeed": "30", "reversed": "False", "length": 39.327, "access": null, "junction": null, "ref": null, "width": null, "est_width": null, "tunnel": null, "bridge": null, "service": null }, "geometry": { "type": "LineString", "coordinates": [ [ 2.1877049, 41.4576189 ], [ 2.187542, 41.4577891 ], [ 2.1874422, 41.4579124 ] ] } },
{ "type": "Feature", "properties": { "u": 840736528, "v": 1314438188, "key": 0, "osmid": "364431260", "oneway": true, "lanes": "2", "name": "Autovia de l'Ametlla", "highway": "trunk", "maxspeed": "80", "reversed": "False", "length": 294.663, "access": null, "junction": null, "ref": "C-17", "width": null, "est_width": null, "tunnel": null, "bridge": null, "service": null }, "geometry": { "type": "LineString", "coordinates": [ [ 2.1862378, 41.4586012 ], [ 2.1857907, 41.4588808 ], [ 2.1853417, 41.4591601 ], [ 2.184981, 41.4593895 ], [ 2.1846682, 41.4595992 ], [ 2.1843728, 41.4598056 ], [ 2.184036, 41.4600614 ], [ 2.1838273, 41.4602299 ], [ 2.1836362, 41.4603906 ] ] } },
{ "type": "Feature", "properties": { "u": 903833811, "v": 1017920189, "key": 0, "osmid": [ 87504601, 1395726195 ], "oneway": true, "lanes": "3", "name": "Carrer de Piferrer", "highway": "primary", "maxspeed": "50", "reversed": "False", "length": 48.61, "access": null, "junction": null, "ref": null, "width": "12", "est_width": null, "tunnel": null, "bridge": null, "service": null }, "geometry": { "type": "LineString", "coordinates": [ [ 2.1779521, 41.4325185 ], [ 2.1780605, 41.4326603 ], [ 2.1781051, 41.4327187 ], [ 2.1781688, 41.432802 ], [ 2.1781801, 41.4328168 ], [ 2.178242, 41.4328978 ] ] } },
{ "type": "Feature", "properties": { "u": 949285357, "v": 603995072, "key": 0, "osmid": "140001541", "oneway": true, "lanes": "2", "name": "Avinguda de l'Estatut de Catalunya", "highway": "primary", "maxspeed": "50", "reversed": "False", "length": 89.939, "access": null, "junction": null, "ref": null, "width": null, "est_width": null, "tunnel": null, "bridge": null, "service": null }, "geometry": { "type": "LineString", "coordinates": [ [ 2.153861, 41.4355922 ], [ 2.1538832, 41.4356692 ], [ 2.1538911, 41.4357334 ], [ 2.1538944, 41.4358233 ], [ 2.15389, 41.4359112 ], [ 2.1538781, 41.4359864 ], [ 2.1538352, 41.4361183 ], [ 2.1537815, 41.4362304 ], [ 2.1537608, 41.4362648 ], [ 2.1537228, 41.436312 ], [ 2.1536762, 41.4363659 ] ] } },
{ "type": "Feature", "properties": { "u": 950190478, "v": 603995035, "key": 0, "osmid": "310048328", "oneway": true, "lanes": "2", "name": "Avinguda de l'Estatut de Catalunya", "highway": "primary", "maxspeed": "30", "reversed": "False", "length": 61.579, "access": null, "junction": null, "ref": null, "width": null, "est_width": null, "tunnel": null, "bridge": null, "service": null }, "geometry": { "type": "LineString", "coordinates": [ [ 2.1527859, 41.4367686 ], [ 2.1530481, 41.4364539 ], [ 2.1530682, 41.4364287 ], [ 2.1531768, 41.4362987 ] ] } },
{ "type": "Feature", "properties": { "u": 977641429, "v": 409003535, "key": 0, "osmid": "86331333", "oneway": true, "lanes": "3", "name": "Ronda del General Mitre", "highway": "primary", "maxspeed": "50", "reversed": "False", "length": 36.863, "access": null, "junction": null, "ref": null, "width": null, "est_width": null, "tunnel": null, "bridge": null, "service": null }, "geometry": { "type": "LineString", "coordinates": [ [ 2.1402286, 41.4042645 ], [ 2.1400397, 41.4041851 ], [ 2.1398531, 41.4040902 ] ] } },
{ "type": "Feature", "properties": { "u": 981699926, "v": 981699928, "key": 0, "osmid": "550908686", "oneway": true, "lanes": "5", "name": "Plaça de Borràs", "highway": "primary", "maxspeed": "50", "reversed": "False", "length": 10.371, "access": "yes", "junction": "circular", "ref": null, "width": "11", "est_width": null, "tunnel": null, "bridge": null, "service": null }, "geometry": { "type": "LineString", "coordinates": [ [ 2.1182014, 41.4046655 ], [ 2.1181937, 41.4047118 ], [ 2.1181752, 41.4047563 ] ] } },
{ "type": "Feature", "properties": { "u": 981699928, "v": 324230919, "key": 0, "osmid": "550456984", "oneway": true, "lanes": "5", "name": "Plaça de Borràs", "highway": "primary", "maxspeed": "50", "reversed": "False", "length": 24.838, "access": "yes", "junction": "circular", "ref": null, "width": "11", "est_width": null, "tunnel": null, "bridge": null, "service": null }, "geometry": { "type": "LineString", "coordinates": [ [ 2.1181752, 41.4047563 ], [ 2.1181356, 41.40481 ], [ 2.1180851, 41.4048568 ], [ 2.118031, 41.4048903 ], [ 2.1179732, 41.4049135 ] ] } },
{ "type": "Feature", "properties": { "u": 981699952, "v": 981699953, "key": 0, "osmid": "84504728", "oneway": true, "lanes": null, "name": null, "highway": "trunk_link", "maxspeed": "80", "reversed": "False", "length": 88.588, "access": null, "junction": null, "ref": null, "width": null, "est_width": null, "tunnel": "yes", "bridge": null, "service": null }, "geometry": { "type": "LineString", "coordinates": [ [ 2.1182462, 41.4047848 ], [ 2.1183457, 41.4048729 ], [ 2.1185778, 41.4050105 ], [ 2.1187919, 41.4051149 ], [ 2.1190394, 41.4053079 ] ] } },
{ "type": "Feature", "properties": { "u": 981699953, "v": 567456652, "key": 0, "osmid": [ 1393379504, 258465505, 34211446, 29418849 ], "oneway": true, "lanes": "3", "name": "Ronda de Dalt", "highway": "trunk", "maxspeed": "80", "reversed": "False", "length": 546.372, "access": null, "junction": null, "ref": "B-20", "width": null, "est_width": null, "tunnel": "yes", "bridge": null, "service": null }, "geometry": { "type": "LineString", "coordinates": [ [ 2.1190394, 41.4053079 ], [ 2.1200253, 41.4058072 ], [ 2.1203974, 41.4060112 ], [ 2.1216694, 41.4068723 ], [ 2.1218804, 41.4070181 ], [ 2.1223788, 41.4074144 ], [ 2.122646, 41.4076797 ], [ 2.1229021, 41.407934 ], [ 2.1231323, 41.4081882 ], [ 2.1234406, 41.4084822 ], [ 2.1236862, 41.4087165 ] ] } },
{ "type": "Feature", "properties": { "u": 981699961, "v": 981699952, "key": 0, "osmid": [ 84504728, 84503333 ], "oneway": true, "lanes": "1", "name": null, "highway": "trunk_link", "maxspeed": [ "80", "50" ], "reversed": "False", "length": 176.793, "access": null, "junction": null, "ref": null, "width": null, "est_width": null, "tunnel": "yes", "bridge": null, "service": null }, "geometry": { "type": "LineString", "coordinates": [ [ 2.1190095, 41.4033515 ], [ 2.1187405, 41.403759 ], [ 2.1186111, 41.4038992 ], [ 2.1184205, 41.4041312 ], [ 2.1183142, 41.4042905 ], [ 2.1182335, 41.4044062 ], [ 2.118206, 41.4045638 ], [ 2.1182139, 41.4047002 ], [ 2.1182462, 41.4047848 ] ] } },
{ "type": "Feature", "properties": { "u": 981699961, "v": 4471207535, "key": 0, "osmid": [ 677567263, 450200069, 1395147167 ], "oneway": false, "lanes": "4", "name": null, "highway": "trunk", "maxspeed": "70", "reversed": "True", "length": 132.988, "access": null, "junction": null, "ref": "C-16", "width": "12", "est_width": null, "tunnel": null, "bridge": null, "service": null }, "geometry": { "type": "LineString", "coordinates": [ [ 2.1190095, 41.4033515 ], [ 2.1191273, 41.4032271 ], [ 2.1196023, 41.4027982 ], [ 2.1196233, 41.4027821 ], [ 2.1196594, 41.4027544 ], [ 2.1198472, 41.4026103 ], [ 2.1200044, 41.4024975 ], [ 2.1200645, 41.4024581 ] ] } },
{ "type": "Feature", "properties": { "u": 981699961, "v": 323190992, "key": 0, "osmid": [ 236228235, 29418949, 1395147166, 29418951 ], "oneway": false, "lanes": "4", "name": null, "highway": "trunk", "maxspeed": "70", "reversed": "False", "length": 386.251, "access": null, "junction": null, "ref": "C-16", "width": "12", "est_width": null, "tunnel": "yes", "bridge": null, "service": null }, "geometry": { "type": "LineString", "coordinates": [ [ 2.1190095, 41.4033515 ], [ 2.1187377, 41.4036314 ], [ 2.1181483, 41.4042383 ], [ 2.1174612, 41.4049456 ], [ 2.1174338, 41.4049685 ], [ 2.1171268, 41.4052257 ], [ 2.1168454, 41.4054521 ], [ 2.1166758, 41.4055751 ], [ 2.1163835, 41.4057875 ], [ 2.1162055, 41.405897 ], [ 2.1161202, 41.4059459 ], [ 2.1160349, 41.4059947 ] ] } },
{ "type": "Feature", "properties": { "u": 981747029, "v": 5759228087, "key": 0, "osmid": [ 258465504, 1303881033, 35140940 ], "oneway": true, "lanes": "3", "name": "Ronda de Dalt", "highway": "trunk", "maxspeed": "80", "reversed": "False", "length": 136.483, "access": null, "junction": null, "ref": "B-20", "width": null, "est_width": null, "tunnel": "yes", "bridge": null, "service": null }, "geometry": { "type": "LineString", "coordinates": [ [ 2.1184642, 41.4051422 ], [ 2.1181522, 41.4049719 ], [ 2.1180577, 41.4049256 ], [ 2.1179827, 41.4048834 ], [ 2.1179124, 41.404836 ], [ 2.1177722, 41.4047228 ], [ 2.11762, 41.4046 ], [ 2.1172759, 41.4043077 ] ] } },
{ "type": "Feature", "properties": { "u": 981747029, "v": 981747078, "key": 0, "osmid": [ 84504729, 917413775 ], "oneway": true, "lanes": "1", "name": null, "highway": "trunk_link", "maxspeed": "50", "reversed": "False", "length": 156.777, "access": null, "junction": null, "ref": null, "width": null, "est_width": null, "tunnel": "yes", "bridge": null, "service": null }, "geometry": { "type": "LineString", "coordinates": [ [ 2.1184642, 41.4051422 ], [ 2.1182787, 41.40505 ], [ 2.1181828, 41.4050067 ], [ 2.1180783, 41.40498 ], [ 2.1179566, 41.4049656 ], [ 2.1178306, 41.40497 ], [ 2.1175984, 41.4050321 ], [ 2.1174792, 41.4050846 ], [ 2.1174077, 41.4051318 ], [ 2.1169374, 41.4055263 ] ] } },
{ "type": "Feature", "properties": { "u": 981747078, "v": 323190992, "key": 0, "osmid": [ 84506261, 450200079 ], "oneway": true, "lanes": null, "name": null, "highway": "trunk_link", "maxspeed": "50", "reversed": "False", "length": 93.363, "access": null, "junction": null, "ref": null, "width": null, "est_width": null, "tunnel": null, "bridge": null, "service": null }, "geometry": { "type": "LineString", "coordinates": [ [ 2.1169374, 41.4055263 ], [ 2.116832, 41.405605 ], [ 2.1166914, 41.4057066 ], [ 2.1165796, 41.4057865 ], [ 2.1164535, 41.4058664 ], [ 2.1161965, 41.405968 ], [ 2.1160349, 41.4059947 ] ] } },
{ "type": "Feature", "properties": { "u": 998592677, "v": 7223680627, "key": 0, "osmid": "238768628", "oneway": true, "lanes": "3", "name": "Carrer de Numància", "highway": "primary", "maxspeed": "50", "reversed": "False", "length": 81.692, "access": null, "junction": null, "ref": null, "width": "9", "est_width": null, "tunnel": null, "bridge": null, "service": null }, "geometry": { "type": "LineString", "coordinates": [ [ 2.1346493, 41.3874655 ], [ 2.135088, 41.3870137 ], [ 2.1351061, 41.3869951 ], [ 2.1352279, 41.3868728 ] ] } },
{ "type": "Feature", "properties": { "u": 998607815, "v": 269383243, "key": 0, "osmid": "1395746242", "oneway": true, "lanes": "3", "name": "Carrer de Numància", "highway": "primary", "maxspeed": "30", "reversed": "False", "length": 34.466, "access": null, "junction": null, "ref": null, "width": "9", "est_width": null, "tunnel": null, "bridge": null, "service": null }, "geometry": { "type": "LineString", "coordinates": [ [ 2.1341411, 41.387972 ], [ 2.1342744, 41.3878338 ], [ 2.1343065, 41.3878005 ], [ 2.1343833, 41.3877209 ] ] } },
{ "type": "Feature", "properties": { "u": 998637904, "v": 6210812030, "key": 0, "osmid": "237549914", "oneway": true, "lanes": "5", "name": "Avinguda de Sarrià", "highway": "primary", "maxspeed": "50", "reversed": "False", "length": 55.976, "access": "yes", "junction": null, "ref": null, "width": "13", "est_width": null, "tunnel": null, "bridge": null, "service": null }, "geometry": { "type": "LineString", "coordinates": [ [ 2.1408799, 41.3909287 ], [ 2.1402224, 41.3910292 ] ] } },
{ "type": "Feature", "properties": { "u": 1000063811, "v": 1000063812, "key": 0, "osmid": "86163006", "oneway": true, "lanes": "1", "name": null, "highway": "primary_link", "maxspeed": "50", "reversed": "False", "length": 32.312, "access": null, "junction": null, "ref": null, "width": "5", "est_width": null, "tunnel": null, "bridge": null, "service": null }, "geometry": { "type": "LineString", "coordinates": [ [ 2.1288885, 41.3794871 ], [ 2.128861, 41.3794494 ], [ 2.1288227, 41.3794117 ], [ 2.1287473, 41.3793772 ], [ 2.128705, 41.3793641 ], [ 2.128648, 41.3793577 ], [ 2.1285729, 41.3793585 ] ] } },
{ "type": "Feature", "properties": { "u": 1000063811, "v": 690411229, "key": 0, "osmid": "237805215", "oneway": true, "lanes": "3", "name": "Gran Via de Carles III", "highway": "primary_link", "maxspeed": "50", "reversed": "False", "length": 23.629, "access": null, "junction": null, "ref": null, "width": null, "est_width": null, "tunnel": null, "bridge": null, "service": null }, "geometry": { "type": "LineString", "coordinates": [ [ 2.1288885, 41.3794871 ], [ 2.1289038, 41.3794351 ], [ 2.128915, 41.3793968 ], [ 2.1289458, 41.379279 ] ] } },
{ "type": "Feature", "properties": { "u": 1000063812, "v": 1000063828, "key": 0, "osmid": "86163009", "oneway": false, "lanes": "2", "name": null, "highway": "primary_link", "maxspeed": "50", "reversed": "True", "length": 25.02, "access": null, "junction": null, "ref": null, "width": "8", "est_width": null, "tunnel": null, "bridge": null, "service": null }, "geometry": { "type": "LineString", "coordinates": [ [ 2.1285729, 41.3793585 ], [ 2.1286101, 41.3793318 ], [ 2.1286474, 41.3793051 ], [ 2.1286815, 41.3792729 ], [ 2.1287487, 41.379179 ] ] } },
{ "type": "Feature", "properties": { "u": 1000063812, "v": 1000063814, "key": 0, "osmid": "86163010", "oneway": false, "lanes": "2", "name": null, "highway": "primary_link", "maxspeed": "50", "reversed": "False", "length": 54.992, "access": null, "junction": null, "ref": null, "width": "8", "est_width": null, "tunnel": null, "bridge": null, "service": null }, "geometry": { "type": "LineString", "coordinates": [ [ 2.1285729, 41.3793585 ], [ 2.1285356, 41.3793765 ], [ 2.1284751, 41.3794151 ], [ 2.1284066, 41.3794653 ], [ 2.1283457, 41.3795295 ], [ 2.1282997, 41.379586 ], [ 2.1282823, 41.3796438 ], [ 2.1282894, 41.3797027 ], [ 2.1283198, 41.3797651 ] ] } },
{ "type": "Feature", "properties": { "u": 1000063814, "v": 1000063822, "key": 0, "osmid": [ 86254557, 86163007 ], "oneway": true, "lanes": null, "name": null, "highway": "primary_link", "maxspeed": "50", "reversed": "False", "length": 95.166, "access": null, "junction": null, "ref": null, "width": null, "est_width": null, "tunnel": "yes", "bridge": null, "service": null }, "geometry": { "type": "LineString", "coordinates": [ [ 2.1283198, 41.3797651 ], [ 2.1284057, 41.3798153 ], [ 2.1284704, 41.3798458 ], [ 2.1285308, 41.3798616 ], [ 2.1285966, 41.379863 ], [ 2.128648, 41.3798591 ], [ 2.1286861, 41.3798544 ], [ 2.1287677, 41.379832 ], [ 2.1288193, 41.3797981 ], [ 2.1289016, 41.3796895 ], [ 2.1289508, 41.3795948 ], [ 2.1290511, 41.3794004 ] ] } },
{ "type": "Feature", "properties": { "u": 1000063814, "v": 1000063812, "key": 0, "osmid": "86163010", "oneway": false, "lanes": "2", "name": null, "highway": "primary_link", "maxspeed": "50", "reversed": "True", "length": 54.992, "access": null, "junction": null, "ref": null, "width": "8", "est_width": null, "tunnel": null, "bridge": null, "service": null }, "geometry": { "type": "LineString", "coordinates": [ [ 2.1283198, 41.3797651 ], [ 2.1282894, 41.3797027 ], [ 2.1282823, 41.3796438 ], [ 2.1282997, 41.379586 ], [ 2.1283457, 41.3795295 ], [ 2.1284066, 41.3794653 ], [ 2.1284751, 41.3794151 ], [ 2.1285356, 41.3793765 ], [ 2.1285729, 41.3793585 ] ] } },
{ "type": "Feature", "properties": { "u": 1000063822, "v": 126781118, "key": 0, "osmid": [ 54847776, 1395701662, 812545734 ], "oneway": true, "lanes": "2", "name": "Ronda del Mig", "highway": "primary", "maxspeed": "60", "reversed": "False", "length": 952.178, "access": null, "junction": null, "ref": null, "width": null, "est_width": null, "tunnel": "yes", "bridge": null, "service": null }, "geometry": { "type": "LineString", "coordinates": [ [ 2.1290511, 41.3794004 ], [ 2.1291207, 41.3791744 ], [ 2.1293071, 41.3785692 ], [ 2.1302594, 41.3759186 ], [ 2.1307539, 41.3745305 ], [ 2.13146, 41.3726583 ], [ 2.1317409, 41.3717806 ], [ 2.1319144, 41.3713613 ], [ 2.1319743, 41.3712164 ], [ 2.1320094, 41.3711316 ] ] } },
{ "type": "Feature", "properties": { "u": 1000063825, "v": 1000063814, "key": 0, "osmid": [ 86163008, 86254556 ], "oneway": true, "lanes": null, "name": null, "highway": "primary_link", "maxspeed": "50", "reversed": "False", "length": 72.908, "access": null, "junction": null, "ref": null, "width": null, "est_width": null, "tunnel": "yes", "bridge": null, "service": null }, "geometry": { "type": "LineString", "coordinates": [ [ 2.128754, 41.3803224 ], [ 2.1287094, 41.3801991 ], [ 2.1286433, 41.3800839 ], [ 2.1285046, 41.3799536 ], [ 2.1284311, 41.3798986 ], [ 2.1283706, 41.3798364 ], [ 2.1283198, 41.3797651 ] ] } },
{ "type": "Feature", "properties": { "u": 1000063825, "v": 1000063822, "key": 0, "osmid": "1395701665", "oneway": true, "lanes": "2", "name": "Ronda del Mig", "highway": "primary", "maxspeed": "60", "reversed": "False", "length": 105.503, "access": null, "junction": null, "ref": null, "width": null, "est_width": null, "tunnel": "yes", "bridge": null, "service": null }, "geometry": { "type": "LineString", "coordinates": [ [ 2.128754, 41.3803224 ], [ 2.1289243, 41.3798396 ], [ 2.1290511, 41.3794004 ] ] } },
{ "type": "Feature", "properties": { "u": 1000063828, "v": 1000063812, "key": 0, "osmid": "86163009", "oneway": false, "lanes": "2", "name": null, "highway": "primary_link", "maxspeed": "50", "reversed": "False", "length": 25.02, "access": null, "junction": null, "ref": null, "width": "8", "est_width": null, "tunnel": null, "bridge": null, "service": null }, "geometry": { "type": "LineString", "coordinates": [ [ 2.1287487, 41.379179 ], [ 2.1286815, 41.3792729 ], [ 2.1286474, 41.3793051 ], [ 2.1286101, 41.3793318 ], [ 2.1285729, 41.3793585 ] ] } },
{ "type": "Feature", "properties": { "u": 1002675881, "v": 1116623801, "key": 0, "osmid": [ 1395710353, 902155250, 237555367 ], "oneway": true, "lanes": "4", "name": "Ronda del General Mitre", "highway": "primary", "maxspeed": "50", "reversed": "False", "length": 52.966, "access": null, "junction": null, "ref": null, "width": null, "est_width": null, "tunnel": null, "bridge": null, "service": null }, "geometry": { "type": "LineString", "coordinates": [ [ 2.1328761, 41.3972946 ], [ 2.132878, 41.3973999 ], [ 2.132879, 41.3974579 ], [ 2.1328982, 41.3976211 ], [ 2.1329019, 41.3976582 ], [ 2.1329093, 41.397685 ], [ 2.1329312, 41.397768 ] ] } },
{ "type": "Feature", "properties": { "u": 1002675910, "v": 1002675914, "key": 0, "osmid": [ 543403650, 821143060 ], "oneway": true, "lanes": "3", "name": "Ronda del General Mitre", "highway": "primary", "maxspeed": "50", "reversed": "False", "length": 63.236, "access": null, "junction": null, "ref": null, "width": null, "est_width": null, "tunnel": null, "bridge": null, "service": null }, "geometry": { "type": "LineString", "coordinates": [ [ 2.1359755, 41.4009026 ], [ 2.1362068, 41.4011071 ], [ 2.1363906, 41.4012621 ], [ 2.1364731, 41.4013316 ] ] } },
{ "type": "Feature", "properties": { "u": 1002675914, "v": 688393867, "key": 0, "osmid": "308379363", "oneway": true, "lanes": null, "name": "Carrer de Prats de Molló", "highway": "primary_link", "maxspeed": "50", "reversed": "False", "length": 16.129, "access": null, "junction": null, "ref": null, "width": null, "est_width": null, "tunnel": null, "bridge": null, "service": null }, "geometry": { "type": "LineString", "coordinates": [ [ 2.1364731, 41.4013316 ], [ 2.1362807, 41.4013462 ] ] } },
{ "type": "Feature", "properties": { "u": 1002675914, "v": 1002675916, "key": 0, "osmid": "308379361", "oneway": true, "lanes": "3", "name": "Ronda del General Mitre", "highway": "primary", "maxspeed": "50", "reversed": "False", "length": 120.888, "access": null, "junction": null, "ref": null, "width": null, "est_width": null, "tunnel": null, "bridge": null, "service": null }, "geometry": { "type": "LineString", "coordinates": [ [ 2.1364731, 41.4013316 ], [ 2.1366595, 41.4015017 ], [ 2.1371657, 41.401967 ], [ 2.1371903, 41.4019896 ], [ 2.137375, 41.4021822 ] ] } },
{ "type": "Feature", "properties": { "u": 1002675916, "v": 1002710245, "key": 0, "osmid": "308379361", "oneway": true, "lanes": "3", "name": "Ronda del General Mitre", "highway": "primary", "maxspeed": "50", "reversed": "False", "length": 10.396, "access": null, "junction": null, "ref": null, "width": null, "est_width": null, "tunnel": null, "bridge": null, "service": null }, "geometry": { "type": "LineString", "coordinates": [ [ 2.137375, 41.4021822 ], [ 2.1374455, 41.4022593 ] ] } },
{ "type": "Feature", "properties": { "u": 1002675928, "v": 30247382, "key": 0, "osmid": [ 1395714800, 543574891 ], "oneway": true, "lanes": "3", "name": "Ronda del General Mitre", "highway": "primary", "maxspeed": "50", "reversed": "False", "length": 70.749, "access": null, "junction": null, "ref": null, "width": null, "est_width": null, "tunnel": null, "bridge": null, "service": null }, "geometry": { "type": "LineString", "coordinates": [ [ 2.1400837, 41.404061 ], [ 2.1402412, 41.404136 ], [ 2.1405134, 41.4042563 ], [ 2.1405683, 41.4042823 ], [ 2.1406116, 41.4043028 ], [ 2.1408094, 41.4043903 ] ] } },
{ "type": "Feature", "properties": { "u": 1002675944, "v": 1116623912, "key": 0, "osmid": "237555363", "oneway": true, "lanes": "2", "name": "Ronda del General Mitre", "highway": "primary", "maxspeed": "50", "reversed": "False", "length": 142.535, "access": null, "junction": null, "ref": null, "width": null, "est_width": null, "tunnel": null, "bridge": null, "service": null }, "geometry": { "type": "LineString", "coordinates": [ [ 2.1417367, 41.4047254 ], [ 2.1425117, 41.4049797 ], [ 2.1427581, 41.4050451 ], [ 2.1432662, 41.4051754 ], [ 2.1433271, 41.4051919 ] ] } },
{ "type": "Feature", "properties": { "u": 1002710245, "v": 1002710274, "key": 0, "osmid": [ 308379361, 821138783 ], "oneway": true, "lanes": "3", "name": "Ronda del General Mitre", "highway": "primary", "maxspeed": "50", "reversed": "False", "length": 70.119, "access": null, "junction": null, "ref": null, "width": null, "est_width": null, "tunnel": null, "bridge": null, "service": null }, "geometry": { "type": "LineString", "coordinates": [ [ 2.1374455, 41.4022593 ], [ 2.1375593, 41.4023882 ], [ 2.1378147, 41.4026468 ], [ 2.1378578, 41.4026876 ], [ 2.1379369, 41.4027707 ] ] } },
{ "type": "Feature", "properties": { "u": 1002710274, "v": 1002675928, "key": 0, "osmid": "86331339", "oneway": true, "lanes": "3", "name": "Ronda del General Mitre", "highway": "primary", "maxspeed": "50", "reversed": "False", "length": 229.845, "access": null, "junction": null, "ref": null, "width": null, "est_width": null, "tunnel": null, "bridge": null, "service": null }, "geometry": { "type": "LineString", "coordinates": [ [ 2.1379369, 41.4027707 ], [ 2.1381163, 41.4028927 ], [ 2.1383782, 41.4030699 ], [ 2.1387827, 41.4033393 ], [ 2.1394948, 41.4037701 ], [ 2.1395222, 41.4037834 ], [ 2.1396455, 41.4038443 ], [ 2.1399209, 41.4039805 ], [ 2.1400837, 41.404061 ] ] } },
{ "type": "Feature", "properties": { "u": 1012330330, "v": 178542533, "key": 0, "osmid": "129216259", "oneway": true, "lanes": "4", "name": "Carrer de Numància", "highway": "primary", "maxspeed": "50", "reversed": "False", "length": 28.606, "access": null, "junction": null, "ref": null, "width": null, "est_width": null, "tunnel": null, "bridge": null, "service": null }, "geometry": { "type": "LineString", "coordinates": [ [ 2.142038, 41.380807 ], [ 2.142211, 41.380701 ], [ 2.1423074, 41.380648 ] ] } },
{ "type": "Feature", "properties": { "u": 1017920073, "v": 1017920205, "key": 0, "osmid": "543578058", "oneway": true, "lanes": "3", "name": "Passeig de Fabra i Puig", "highway": "primary", "maxspeed": "30", "reversed": "False", "length": 78.924, "access": null, "junction": null, "ref": null, "width": null, "est_width": null, "tunnel": null, "bridge": null, "service": null }, "geometry": { "type": "LineString", "coordinates": [ [ 2.1817565, 41.4302166 ], [ 2.180955, 41.4302313 ], [ 2.1809129, 41.4302319 ], [ 2.1808101, 41.4302332 ] ] } },
{ "type": "Feature", "properties": { "u": 1017920129, "v": 1017920255, "key": 0, "osmid": "1409679572", "oneway": true, "lanes": "3", "name": "Passeig de Fabra i Puig", "highway": "primary", "maxspeed": "30", "reversed": "False", "length": 72.7, "access": null, "junction": null, "ref": null, "width": null, "est_width": null, "tunnel": null, "bridge": null, "service": null }, "geometry": { "type": "LineString", "coordinates": [ [ 2.1798727, 41.4302471 ], [ 2.1791588, 41.4302558 ], [ 2.1791123, 41.4302563 ], [ 2.1790008, 41.4302577 ] ] } },
{ "type": "Feature", "properties": { "u": 1017920131, "v": 478861422, "key": 0, "osmid": [ 1395726196, 627850870 ], "oneway": true, "lanes": "3", "name": "Carrer de Piferrer", "highway": "primary", "maxspeed": "50", "reversed": "False", "length": 96.042, "access": null, "junction": null, "ref": null, "width": null, "est_width": null, "tunnel": null, "bridge": null, "service": null }, "geometry": { "type": "LineString", "coordinates": [ [ 2.1783505, 41.433033 ], [ 2.1783953, 41.4330839 ], [ 2.1786875, 41.433416 ], [ 2.1787098, 41.4334399 ], [ 2.1788496, 41.4335894 ], [ 2.1789515, 41.4336737 ], [ 2.1789728, 41.4336913 ], [ 2.1790242, 41.4337314 ] ] } },
{ "type": "Feature", "properties": { "u": 1017920156, "v": 903833811, "key": 0, "osmid": [ 1395726192, 1395726193 ], "oneway": true, "lanes": "3", "name": "Carrer de Piferrer", "highway": "primary", "maxspeed": "50", "reversed": "False", "length": 73.817, "access": null, "junction": null, "ref": null, "width": "12", "est_width": null, "tunnel": null, "bridge": null, "service": null }, "geometry": { "type": "LineString", "coordinates": [ [ 2.1775279, 41.4319358 ], [ 2.1776187, 41.4320605 ], [ 2.1777373, 41.4322235 ], [ 2.1778122, 41.4323263 ], [ 2.1778561, 41.4323866 ], [ 2.1779237, 41.4324794 ], [ 2.1779521, 41.4325185 ] ] } },
{ "type": "Feature", "properties": { "u": 1017920159, "v": 499122835, "key": 0, "osmid": "237667621", "oneway": true, "lanes": "3", "name": "Passeig de Fabra i Puig", "highway": "primary", "maxspeed": "30", "reversed": "False", "length": 70.087, "access": null, "junction": null, "ref": null, "width": "12", "est_width": null, "tunnel": null, "bridge": null, "service": null }, "geometry": { "type": "LineString", "coordinates": [ [ 2.1763827, 41.4302945 ], [ 2.1755421, 41.4303027 ] ] } },
{ "type": "Feature", "properties": { "u": 1017920189, "v": 1312339722, "key": 0, "osmid": "1395726194", "oneway": true, "lanes": "3", "name": "Carrer de Piferrer", "highway": "primary", "maxspeed": "50", "reversed": "False", "length": 12.708, "access": null, "junction": null, "ref": null, "width": "12", "est_width": null, "tunnel": null, "bridge": null, "service": null }, "geometry": { "type": "LineString", "coordinates": [ [ 2.178242, 41.4328978 ], [ 2.178317, 41.4329973 ] ] } },
{ "type": "Feature", "properties": { "u": 1017920205, "v": 1017920129, "key": 0, "osmid": [ 1409679573, 237715982 ], "oneway": true, "lanes": "3", "name": "Passeig de Fabra i Puig", "highway": "primary", "maxspeed": "30", "reversed": "False", "length": 78.166, "access": null, "junction": null, "ref": null, "width": null, "est_width": null, "tunnel": null, "bridge": null, "service": null }, "geometry": { "type": "LineString", "coordinates": [ [ 2.1808101, 41.4302332 ], [ 2.1807132, 41.4302346 ], [ 2.1801435, 41.4302431 ], [ 2.1798727, 41.4302471 ] ] } },
{ "type": "Feature", "properties": { "u": 1017920208, "v": 420892483, "key": 0, "osmid": [ 310478796, 450125620 ], "oneway": true, "lanes": "3", "name": "Avinguda Meridiana", "highway": "primary", "maxspeed": "50", "reversed": "False", "length": 49.241, "access": "yes", "junction": null, "ref": null, "width": "12", "est_width": null, "tunnel": null, "bridge": null, "service": null }, "geometry": { "type": "LineString", "coordinates": [ [ 2.1840777, 41.4286516 ], [ 2.1841512, 41.4285489 ], [ 2.1842052, 41.4284679 ], [ 2.1843424, 41.4282558 ] ] } },
{ "type": "Feature", "properties": { "u": 1017920240, "v": 1017920257, "key": 0, "osmid": [ 237657760, 1409679577 ], "oneway": true, "lanes": "3", "name": "Passeig de Fabra i Puig", "highway": "primary", "maxspeed": "30", "reversed": "False", "length": 63.244, "access": null, "junction": null, "ref": null, "width": null, "est_width": null, "tunnel": null, "bridge": null, "service": null }, "geometry": { "type": "LineString", "coordinates": [ [ 2.1781233, 41.4302721 ], [ 2.1780616, 41.4302734 ], [ 2.1778228, 41.4302784 ], [ 2.1778128, 41.4302786 ], [ 2.1776373, 41.4302823 ], [ 2.1775621, 41.4302839 ], [ 2.1774935, 41.4302857 ], [ 2.177365, 41.4302881 ] ] } },
{ "type": "Feature", "properties": { "u": 1017920255, "v": 1017920240, "key": 0, "osmid": [ 1409679574, 1409679575 ], "oneway": true, "lanes": "3", "name": "Passeig de Fabra i Puig", "highway": "primary", "maxspeed": "30", "reversed": "False", "length": 73.175, "access": null, "junction": null, "ref": null, "width": null, "est_width": null, "tunnel": null, "bridge": null, "service": null }, "geometry": { "type": "LineString", "coordinates": [ [ 2.1790008, 41.4302577 ], [ 2.1789205, 41.430259 ], [ 2.1784141, 41.4302673 ], [ 2.1781233, 41.4302721 ] ] } },
{ "type": "Feature", "properties": { "u": 1017920257, "v": 416012192, "key": 0, "osmid": "237667611", "oneway": true, "lanes": "3", "name": "Carrer d'Arnau d'Oms", "highway": "primary", "maxspeed": "50", "reversed": "False", "length": 131.32, "access": null, "junction": null, "ref": null, "width": "10", "est_width": null, "tunnel": null, "bridge": null, "service": null }, "geometry": { "type": "LineString", "coordinates": [ [ 2.177365, 41.4302881 ], [ 2.1773667, 41.4303821 ], [ 2.1773756, 41.4308755 ], [ 2.1773936, 41.4313718 ], [ 2.1773941, 41.4313843 ], [ 2.1773972, 41.4314688 ] ] } },
{ "type": "Feature", "properties": { "u": 1017920257, "v": 1017920159, "key": 0, "osmid": [ 543578057, 237667621 ], "oneway": true, "lanes": "3", "name": "Passeig de Fabra i Puig", "highway": "primary", "maxspeed": "30", "reversed": "False", "length": 81.899, "access": null, "junction": null, "ref": null, "width": "12", "est_width": null, "tunnel": null, "bridge": null, "service": null }, "geometry": { "type": "LineString", "coordinates": [ [ 2.177365, 41.4302881 ], [ 2.1772542, 41.4302881 ], [ 2.1772094, 41.4302881 ], [ 2.1767264, 41.4302912 ], [ 2.1765044, 41.4302925 ], [ 2.1764589, 41.4302931 ], [ 2.1763827, 41.4302945 ] ] } },
{ "type": "Feature", "properties": { "u": 1043834293, "v": 7487287878, "key": 0, "osmid": [ 1395726188, 1395726189 ], "oneway": true, "lanes": "3", "name": "Carrer de Ramon Albó", "highway": "primary", "maxspeed": "50", "reversed": "False", "length": 46.859, "access": null, "junction": null, "ref": null, "width": "11", "est_width": null, "tunnel": null, "bridge": null, "service": null }, "geometry": { "type": "LineString", "coordinates": [ [ 2.1772442, 41.4270629 ], [ 2.1772425, 41.4272243 ], [ 2.1772404, 41.4274242 ], [ 2.1772415, 41.4274843 ] ] } },
{ "type": "Feature", "properties": { "u": 1100295130, "v": 3109205926, "key": 0, "osmid": "238179136", "oneway": true, "lanes": "2", "name": "Avinguda Meridiana", "highway": "primary", "maxspeed": "50", "reversed": "False", "length": 59.1, "access": null, "junction": null, "ref": null, "width": "11", "est_width": null, "tunnel": null, "bridge": null, "service": null }, "geometry": { "type": "LineString", "coordinates": [ [ 2.1870293, 41.4072774 ], [ 2.1870287, 41.4073638 ], [ 2.187029, 41.4073942 ], [ 2.1870282, 41.4078089 ] ] } },
{ "type": "Feature", "properties": { "u": 1100295145, "v": 3200354845, "key": 0, "osmid": "251682773", "oneway": true, "lanes": "2", "name": "Carrer del Consell de Cent", "highway": "primary", "maxspeed": "30", "reversed": "False", "length": 36.604, "access": null, "junction": null, "ref": null, "width": null, "est_width": null, "tunnel": null, "bridge": null, "service": null }, "geometry": { "type": "LineString", "coordinates": [ [ 2.1867149, 41.4068424 ], [ 2.1867695, 41.4068795 ], [ 2.1868673, 41.4069498 ], [ 2.1869887, 41.4070369 ], [ 2.1870109, 41.407054 ], [ 2.1870303, 41.4070711 ] ] } },
{ "type": "Feature", "properties": { "u": 1116318602, "v": 258562666, "key": 0, "osmid": "310048339", "oneway": true, "lanes": "3", "name": "Plaça de l'Estatut", "highway": "primary", "maxspeed": "50", "reversed": "False", "length": 42.872, "access": null, "junction": "circular", "ref": null, "width": null, "est_width": null, "tunnel": null, "bridge": null, "service": null }, "geometry": { "type": "LineString", "coordinates": [ [ 2.1565957, 41.4301497 ], [ 2.1565717, 41.4302019 ], [ 2.1565412, 41.4302501 ], [ 2.1565053, 41.4302918 ], [ 2.1564498, 41.430348 ], [ 2.1563847, 41.4304065 ], [ 2.1563034, 41.4304602 ] ] } },
{ "type": "Feature", "properties": { "u": 1116318687, "v": 387127614, "key": 0, "osmid": "444172609", "oneway": true, "lanes": "2", "name": "Rambla del Carmel", "highway": "primary", "maxspeed": "50", "reversed": "False", "length": 77.644, "access": null, "junction": null, "ref": null, "width": null, "est_width": null, "tunnel": null, "bridge": null, "service": null }, "geometry": { "type": "LineString", "coordinates": [ [ 2.1574338, 41.4269252 ], [ 2.1574384, 41.4268484 ], [ 2.1574762, 41.426609 ], [ 2.1575212, 41.4263669 ], [ 2.1575406, 41.4262318 ] ] } },
{ "type": "Feature", "properties": { "u": 1116318736, "v": 12644016479, "key": 0, "osmid": "237725953", "oneway": true, "lanes": "2", "name": "Carrer de les Ciències", "highway": "primary", "maxspeed": "50", "reversed": "False", "length": 49.88, "access": null, "junction": null, "ref": null, "width": null, "est_width": null, "tunnel": null, "bridge": null, "service": null }, "geometry": { "type": "LineString", "coordinates": [ [ 2.1585143, 41.4246704 ], [ 2.1585097, 41.4247314 ], [ 2.158493, 41.4248035 ], [ 2.1584223, 41.4251133 ] ] } },
{ "type": "Feature", "properties": { "u": 1116318834, "v": 1116318687, "key": 0, "osmid": "96314981", "oneway": true, "lanes": "1", "name": "Rambla del Carmel", "highway": "primary_link", "maxspeed": "40", "reversed": "False", "length": 53.474, "access": null, "junction": null, "ref": null, "width": null, "est_width": null, "tunnel": null, "bridge": null, "service": null }, "geometry": { "type": "LineString", "coordinates": [ [ 2.1579697, 41.4270211 ], [ 2.1578819, 41.427059 ], [ 2.1578224, 41.4270738 ], [ 2.1577509, 41.4270849 ], [ 2.1576913, 41.4270841 ], [ 2.1576388, 41.4270745 ], [ 2.1575976, 41.4270597 ], [ 2.1575354, 41.4270232 ], [ 2.1574921, 41.4269889 ], [ 2.1574631, 41.4269577 ], [ 2.1574338, 41.4269252 ] ] } },
{ "type": "Feature", "properties": { "u": 1116318834, "v": 2706253150, "key": 0, "osmid": [ 96314983, 237725951 ], "oneway": true, "lanes": "2", "name": [ "Carrer de les Ciències", "Avinguda de l'Estatut de Catalunya" ], "highway": "primary", "maxspeed": "40", "reversed": "False", "length": 228.223, "access": null, "junction": null, "ref": null, "width": null, "est_width": null, "tunnel": "yes", "bridge": null, "service": null }, "geometry": { "type": "LineString", "coordinates": [ [ 2.1579697, 41.4270211 ], [ 2.1579087, 41.4270884 ], [ 2.1578019, 41.4271814 ], [ 2.1577223, 41.4272556 ], [ 2.1576894, 41.4272988 ], [ 2.1576685, 41.4273402 ], [ 2.1576418, 41.4274228 ], [ 2.1575516, 41.4278435 ], [ 2.157428, 41.4283722 ], [ 2.1574039, 41.4284528 ], [ 2.1573798, 41.4285125 ], [ 2.1573378, 41.4285949 ], [ 2.1572044, 41.4288142 ], [ 2.1571286, 41.4289389 ] ] } },
{ "type": "Feature", "properties": { "u": 1116318859, "v": 1116318736, "key": 0, "osmid": "34638074", "oneway": true, "lanes": null, "name": "Rambla del Carmel", "highway": "primary_link", "maxspeed": "50", "reversed": "False", "length": 59.492, "access": null, "junction": null, "ref": null, "width": null, "est_width": null, "tunnel": null, "bridge": null, "service": null }, "geometry": { "type": "LineString", "coordinates": [ [ 2.1579368, 41.4246185 ], [ 2.1579935, 41.4245732 ], [ 2.1580539, 41.4245409 ], [ 2.1581042, 41.4245241 ], [ 2.15816, 41.4245109 ], [ 2.1582065, 41.4245087 ], [ 2.1582474, 41.4245107 ], [ 2.1582809, 41.4245141 ], [ 2.158312, 41.4245198 ], [ 2.1583446, 41.4245316 ], [ 2.1583755, 41.4245469 ], [ 2.1584256, 41.4245829 ], [ 2.158467, 41.4246177 ], [ 2.1585143, 41.4246704 ] ] } },
{ "type": "Feature", "properties": { "u": 1116318859, "v": 402875797, "key": 0, "osmid": [ 260925897, 908548389, 34638078, 145408215 ], "oneway": true, "lanes": [ "4", "3", "2" ], "name": "Túnel de la Rovira", "highway": "primary", "maxspeed": [ "60", "50" ], "reversed": "False", "length": 1570.828, "access": "no", "junction": null, "ref": null, "width": null, "est_width": null, "tunnel": "yes", "bridge": null, "service": null }, "geometry": { "type": "LineString", "coordinates": [ [ 2.1579368, 41.4246185 ], [ 2.1580208, 41.4243888 ], [ 2.1580702, 41.4242831 ], [ 2.1581067, 41.4241949 ], [ 2.1581375, 41.4241018 ], [ 2.1581592, 41.4240102 ], [ 2.1582132, 41.4237183 ], [ 2.1582186, 41.4236925 ], [ 2.1585386, 41.4224028 ], [ 2.1586599, 41.4220798 ], [ 2.1588079, 41.42171 ], [ 2.1589872, 41.4213407 ], [ 2.1591635, 41.4209875 ], [ 2.1593837, 41.4206429 ], [ 2.1597606, 41.4200727 ], [ 2.1602629, 41.4194637 ], [ 2.1606805, 41.4189947 ], [ 2.1610201, 41.4186689 ], [ 2.16164, 41.4181399 ], [ 2.162403, 41.4175822 ], [ 2.1628708, 41.4172652 ], [ 2.1632719, 41.4169773 ], [ 2.1636666, 41.4167108 ], [ 2.1640921, 41.4164213 ], [ 2.1644359, 41.416126 ], [ 2.1647499, 41.4158049 ], [ 2.1653972, 41.4150254 ], [ 2.165843, 41.4144049 ], [ 2.165982, 41.4142301 ], [ 2.166267, 41.4138936 ], [ 2.1664252, 41.4137239 ], [ 2.166431, 41.4137161 ], [ 2.1666492, 41.4134775 ], [ 2.1667281, 41.4133805 ], [ 2.1667646, 41.4133297 ], [ 2.1668273, 41.4132293 ], [ 2.1668947, 41.413108 ], [ 2.1669175, 41.4130508 ], [ 2.1669472, 41.4129561 ], [ 2.1669531, 41.4128925 ], [ 2.1669519, 41.4128396 ], [ 2.1669517, 41.4128294 ], [ 2.1669508, 41.4127918 ], [ 2.1669347, 41.4127014 ], [ 2.1669132, 41.4126127 ] ] } },
{ "type": "Feature", "properties": { "u": 1116623801, "v": 1116623856, "key": 0, "osmid": "902153565", "oneway": false, "lanes": "4", "name": "Via Augusta", "highway": "primary", "maxspeed": "50", "reversed": "False", "length": 13.681, "access": null, "junction": null, "ref": null, "width": null, "est_width": null, "tunnel": null, "bridge": null, "service": null }, "geometry": { "type": "LineString", "coordinates": [ [ 2.1329312, 41.397768 ], [ 2.1327672, 41.3977701 ] ] } },
{ "type": "Feature", "properties": { "u": 1116623801, "v": 2914411511, "key": 0, "osmid": "228671312", "oneway": true, "lanes": "3", "name": "Ronda del General Mitre", "highway": "primary", "maxspeed": "50", "reversed": "False", "length": 70.95, "access": null, "junction": null, "ref": null, "width": "9", "est_width": null, "tunnel": null, "bridge": null, "service": null }, "geometry": { "type": "LineString", "coordinates": [ [ 2.1329312, 41.397768 ], [ 2.1329627, 41.3978577 ], [ 2.1329795, 41.3978868 ], [ 2.1330037, 41.3979229 ], [ 2.1332307, 41.3982179 ], [ 2.1333191, 41.3983327 ] ] } },
{ "type": "Feature", "properties": { "u": 1116623856, "v": 1116623801, "key": 0, "osmid": "902153565", "oneway": false, "lanes": "4", "name": "Via Augusta", "highway": "primary", "maxspeed": "50", "reversed": "True", "length": 13.681, "access": null, "junction": null, "ref": null, "width": null, "est_width": null, "tunnel": null, "bridge": null, "service": null }, "geometry": { "type": "LineString", "coordinates": [ [ 2.1327672, 41.3977701 ], [ 2.1329312, 41.397768 ] ] } },
{ "type": "Feature", "properties": { "u": 1116623856, "v": 126763523, "key": 0, "osmid": "228671310", "oneway": true, "lanes": "3", "name": "Ronda del General Mitre", "highway": "primary", "maxspeed": "50", "reversed": "False", "length": 72.952, "access": null, "junction": null, "ref": null, "width": null, "est_width": null, "tunnel": null, "bridge": null, "service": null }, "geometry": { "type": "LineString", "coordinates": [ [ 2.1327672, 41.3977701 ], [ 2.1327567, 41.3976844 ], [ 2.132753, 41.3976578 ], [ 2.1327354, 41.3975155 ], [ 2.1327272, 41.397428 ], [ 2.1327314, 41.3973405 ], [ 2.132759, 41.3971897 ], [ 2.1327738, 41.3971177 ] ] } },
{ "type": "Feature", "properties": { "u": 1116623856, "v": 330414226, "key": 0, "osmid": [ 902155401, 902154887 ], "oneway": false, "lanes": "4", "name": "Via Augusta", "highway": "primary", "maxspeed": "50", "reversed": "False", "length": 73.354, "access": null, "junction": null, "ref": null, "width": "13", "est_width": null, "tunnel": null, "bridge": null, "service": null }, "geometry": { "type": "LineString", "coordinates": [ [ 2.1327672, 41.3977701 ], [ 2.1325691, 41.3977742 ], [ 2.1325383, 41.3977738 ], [ 2.1325074, 41.3977733 ], [ 2.132203, 41.3977709 ], [ 2.132014, 41.3977708 ], [ 2.1319483, 41.3977707 ], [ 2.1318879, 41.397772 ] ] } },
{ "type": "Feature", "properties": { "u": 1116623912, "v": 1225083291, "key": 0, "osmid": "1388329087", "oneway": true, "lanes": "2", "name": "Ronda del General Mitre", "highway": "primary", "maxspeed": "50", "reversed": "False", "length": 21.145, "access": null, "junction": null, "ref": null, "width": null, "est_width": null, "tunnel": null, "bridge": null, "service": null }, "geometry": { "type": "LineString", "coordinates": [ [ 2.1433271, 41.4051919 ], [ 2.1435688, 41.4052493 ] ] } },
{ "type": "Feature", "properties": { "u": 1120489442, "v": 2936643037, "key": 0, "osmid": "428763388", "oneway": true, "lanes": "5", "name": "Avinguda Meridiana", "highway": "primary", "maxspeed": "50", "reversed": "False", "length": 65.397, "access": null, "junction": null, "ref": null, "width": "15", "est_width": null, "tunnel": null, "bridge": null, "service": null }, "geometry": { "type": "LineString", "coordinates": [ [ 2.1863046, 41.4429729 ], [ 2.1862097, 41.4426915 ], [ 2.1861859, 41.4426186 ], [ 2.1861726, 41.4425754 ], [ 2.1861585, 41.4425298 ], [ 2.186122, 41.442401 ] ] } },
{ "type": "Feature", "properties": { "u": 1120489442, "v": 7663721759, "key": 0, "osmid": "450077731", "oneway": true, "lanes": "3", "name": null, "highway": "primary", "maxspeed": "50", "reversed": "False", "length": 24.373, "access": null, "junction": null, "ref": null, "width": null, "est_width": null, "tunnel": null, "bridge": null, "service": null }, "geometry": { "type": "LineString", "coordinates": [ [ 2.1863046, 41.4429729 ], [ 2.1864712, 41.4430618 ], [ 2.186545, 41.4430976 ] ] } },
{ "type": "Feature", "properties": { "u": 1121909724, "v": 12919487176, "key": 0, "osmid": [ 853255411, 1227777119 ], "oneway": true, "lanes": "3", "name": "Carrer de Tarragona", "highway": "primary", "maxspeed": "50", "reversed": "False", "length": 116.029, "access": null, "junction": null, "ref": null, "width": "14", "est_width": null, "tunnel": null, "bridge": null, "service": null }, "geometry": { "type": "LineString", "coordinates": [ [ 2.1448953, 41.3788522 ], [ 2.1450074, 41.3787633 ], [ 2.1450392, 41.3787381 ], [ 2.1454121, 41.3784593 ], [ 2.145686, 41.3782534 ], [ 2.1457139, 41.3782325 ], [ 2.1457414, 41.3782109 ], [ 2.1458693, 41.3781076 ] ] } },
{ "type": "Feature", "properties": { "u": 1126035505, "v": 364718311, "key": 0, "osmid": "543400540", "oneway": true, "lanes": "4", "name": "Gran Via de Carles III", "highway": "primary_link", "maxspeed": "50", "reversed": "False", "length": 43.46, "access": null, "junction": null, "ref": null, "width": null, "est_width": null, "tunnel": null, "bridge": null, "service": null }, "geometry": { "type": "LineString", "coordinates": [ [ 2.1293471, 41.3919966 ], [ 2.1294272, 41.3920593 ], [ 2.1295576, 41.3921336 ], [ 2.1295792, 41.3921452 ], [ 2.1296496, 41.392185 ], [ 2.1297583, 41.3922339 ] ] } },
{ "type": "Feature", "properties": { "u": 1137594372, "v": 3684771636, "key": 0, "osmid": "364431259", "oneway": true, "lanes": "2", "name": "Enllaç C-33 / C-58", "highway": "motorway_link", "maxspeed": "50", "reversed": "False", "length": 99.565, "access": null, "junction": null, "ref": null, "width": null, "est_width": null, "tunnel": null, "bridge": null, "service": null }, "geometry": { "type": "LineString", "coordinates": [ [ 2.189001, 41.4534243 ], [ 2.189, 41.4534469 ], [ 2.1889936, 41.453596 ], [ 2.1889595, 41.4539517 ], [ 2.1889097, 41.4543168 ] ] } },
{ "type": "Feature", "properties": { "u": 1137594647, "v": 1772026981, "key": 0, "osmid": "292256784", "oneway": true, "lanes": "2", "name": null, "highway": "trunk", "maxspeed": "50", "reversed": "False", "length": 160.606, "access": null, "junction": null, "ref": null, "width": null, "est_width": null, "tunnel": null, "bridge": null, "service": null }, "geometry": { "type": "LineString", "coordinates": [ [ 2.1888246, 41.4500246 ], [ 2.18888, 41.4501741 ], [ 2.1889342, 41.4503152 ], [ 2.1889785, 41.4505732 ], [ 2.1890134, 41.4508346 ], [ 2.1890324, 41.4510359 ], [ 2.1890653, 41.4514529 ] ] } },
{ "type": "Feature", "properties": { "u": 1137594647, "v": 1137594372, "key": 0, "osmid": "364431259", "oneway": true, "lanes": "2", "name": "Enllaç C-33 / C-58", "highway": "motorway_link", "maxspeed": "50", "reversed": "False", "length": 378.463, "access": null, "junction": null, "ref": null, "width": null, "est_width": null, "tunnel": null, "bridge": null, "service": null }, "geometry": { "type": "LineString", "coordinates": [ [ 2.1888246, 41.4500246 ], [ 2.1888356, 41.4501759 ], [ 2.1888701, 41.4504789 ], [ 2.1889078, 41.4509729 ], [ 2.1889966, 41.452378 ], [ 2.1890109, 41.4528104 ], [ 2.189001, 41.4534243 ] ] } },
{ "type": "Feature", "properties": { "u": 1139082290, "v": 2059776287, "key": 0, "osmid": [ 251746320, 286881074, 899225875, 450125629 ], "oneway": true, "lanes": [ "4", "3" ], "name": "Avinguda Meridiana", "highway": "primary", "maxspeed": "50", "reversed": "False", "length": 206.428, "access": null, "junction": null, "ref": null, "width": [ "10", "8" ], "est_width": null, "tunnel": null, "bridge": null, "service": null }, "geometry": { "type": "LineString", "coordinates": [ [ 2.1831601, 41.4302071 ], [ 2.1830831, 41.4303052 ], [ 2.1830505, 41.430348 ], [ 2.1830332, 41.4303719 ], [ 2.1829693, 41.4304754 ], [ 2.1829113, 41.4305725 ], [ 2.1828684, 41.4306713 ], [ 2.1828372, 41.4307521 ], [ 2.1827952, 41.4308788 ], [ 2.1827747, 41.4309751 ], [ 2.1827662, 41.4311058 ], [ 2.182756, 41.4312612 ], [ 2.1827601, 41.4313972 ], [ 2.1827989, 41.431615 ], [ 2.182842, 41.4317701 ], [ 2.1829083, 41.4319424 ], [ 2.1829217, 41.431991 ] ] } },
{ "type": "Feature", "properties": { "u": 1139082295, "v": 449383069, "key": 0, "osmid": "310060733", "oneway": true, "lanes": "3", "name": "Avinguda Meridiana", "highway": "primary", "maxspeed": "50", "reversed": "False", "length": 101.381, "access": "yes", "junction": null, "ref": null, "width": "12", "est_width": null, "tunnel": null, "bridge": null, "service": null }, "geometry": { "type": "LineString", "coordinates": [ [ 2.182944, 41.4301975 ], [ 2.1830403, 41.4300759 ], [ 2.1830675, 41.4300481 ], [ 2.1832366, 41.4298347 ], [ 2.1835613, 41.4294122 ] ] } },
{ "type": "Feature", "properties": { "u": 1141503163, "v": 317926471, "key": 0, "osmid": [ 98669347, 29380100 ], "oneway": true, "lanes": "2", "name": "Nus de la Trinitat", "highway": "trunk_link", "maxspeed": "80", "reversed": "False", "length": 242.525, "access": null, "junction": null, "ref": null, "width": null, "est_width": null, "tunnel": null, "bridge": "yes", "service": null }, "geometry": { "type": "LineString", "coordinates": [ [ 2.1996591, 41.4492095 ], [ 2.1992696, 41.4493242 ], [ 2.1991385, 41.4493598 ], [ 2.1988924, 41.449437 ], [ 2.1986833, 41.4495139 ], [ 2.1984901, 41.4495924 ], [ 2.1982839, 41.4496848 ], [ 2.1980942, 41.4497772 ], [ 2.1978426, 41.4499126 ], [ 2.1976263, 41.450043 ], [ 2.1971883, 41.4503265 ] ] } },
{ "type": "Feature", "properties": { "u": 1141503163, "v": 318317456, "key": 0, "osmid": [ 29379728, 1047608561, 1047608562, 29379730, 98669343 ], "oneway": true, "lanes": "2", "name": "Ronda Litoral (Nus de la Trinitat)", "highway": "trunk", "maxspeed": "80", "reversed": "False", "length": 645.472, "access": null, "junction": null, "ref": "B-10", "width": null, "est_width": null, "tunnel": null, "bridge": "yes", "service": null }, "geometry": { "type": "LineString", "coordinates": [ [ 2.1996591, 41.4492095 ], [ 2.1988733, 41.449368 ], [ 2.1984561, 41.4494435 ], [ 2.19817, 41.4495022 ], [ 2.1979609, 41.4495507 ], [ 2.1976425, 41.4496432 ], [ 2.1973958, 41.4497269 ], [ 2.197271, 41.4497735 ], [ 2.1971578, 41.4498172 ], [ 2.1970006, 41.4498846 ], [ 2.196866, 41.449948 ], [ 2.1967429, 41.4500072 ], [ 2.196587, 41.4500942 ], [ 2.196478, 41.4501615 ], [ 2.1963399, 41.4502603 ], [ 2.196227, 41.450347 ], [ 2.1961306, 41.4504312 ], [ 2.1960435, 41.4505162 ], [ 2.1959573, 41.4506075 ], [ 2.1958823, 41.4506961 ], [ 2.1958146, 41.4507858 ], [ 2.1957469, 41.4508845 ], [ 2.195686, 41.4509849 ], [ 2.1956148, 41.451119 ], [ 2.1955409, 41.4512938 ], [ 2.1954714, 41.4514973 ], [ 2.1954418, 41.4516035 ], [ 2.195415, 41.4517163 ], [ 2.1953694, 41.4519246 ], [ 2.19533, 41.4521405 ], [ 2.1952934, 41.452348 ], [ 2.195239, 41.4526638 ], [ 2.1952026, 41.4528725 ], [ 2.1951865, 41.4531326 ] ] } },
{ "type": "Feature", "properties": { "u": 1141503226, "v": 6815991619, "key": 0, "osmid": "464736762", "oneway": true, "lanes": null, "name": "Passeig de Guayaquil", "highway": "trunk_link", "maxspeed": null, "reversed": "False", "length": 17.462, "access": null, "junction": null, "ref": null, "width": null, "est_width": null, "tunnel": null, "bridge": null, "service": null }, "geometry": { "type": "LineString", "coordinates": [ [ 2.2057603, 41.4435732 ], [ 2.2058813, 41.443445 ] ] } },
{ "type": "Feature", "properties": { "u": 1142860648, "v": 317926444, "key": 0, "osmid": [ 1047603801, 27078738, 1047603802, 29379613 ], "oneway": true, "lanes": "2", "name": "Ronda Litoral", "highway": "trunk_link", "maxspeed": "60", "reversed": "False", "length": 309.232, "access": null, "junction": null, "ref": null, "width": null, "est_width": null, "tunnel": null, "bridge": "yes", "service": null }, "geometry": { "type": "LineString", "coordinates": [ [ 2.1966041, 41.4476471 ], [ 2.1967846, 41.4476968 ], [ 2.1969271, 41.4477404 ], [ 2.1970528, 41.4477817 ], [ 2.1971742, 41.4478247 ], [ 2.1972568, 41.4478604 ], [ 2.1973929, 41.4479265 ], [ 2.1975188, 41.4479891 ], [ 2.1976231, 41.448045 ], [ 2.1977588, 41.4481252 ], [ 2.1978627, 41.448193 ], [ 2.1979585, 41.4482545 ], [ 2.1980675, 41.4483243 ], [ 2.1981806, 41.4483921 ], [ 2.1982939, 41.4484541 ], [ 2.1984184, 41.4485151 ], [ 2.1985489, 41.4485713 ], [ 2.1986795, 41.4486212 ], [ 2.1988068, 41.4486642 ], [ 2.1989569, 41.4487095 ], [ 2.19914, 41.4487554 ], [ 2.1993122, 41.4487916 ], [ 2.1995472, 41.4488205 ], [ 2.1997101, 41.4488318 ], [ 2.199879, 41.4488429 ] ] } },
{ "type": "Feature", "properties": { "u": 1142860648, "v": 323160206, "key": 0, "osmid": "98789822", "oneway": true, "lanes": "1", "name": null, "highway": "trunk_link", "maxspeed": "60", "reversed": "False", "length": 93.146, "access": null, "junction": null, "ref": null, "width": null, "est_width": null, "tunnel": null, "bridge": null, "service": null }, "geometry": { "type": "LineString", "coordinates": [ [ 2.1966041, 41.4476471 ], [ 2.1968943, 41.4477663 ], [ 2.196985, 41.447806 ], [ 2.1970757, 41.4478488 ], [ 2.1972854, 41.4479736 ], [ 2.1973779, 41.4480416 ], [ 2.1974927, 41.4481427 ] ] } },
{ "type": "Feature", "properties": { "u": 1147391517, "v": 30243342, "key": 0, "osmid": "579970665", "oneway": true, "lanes": "3", "name": "Carrer de València", "highway": "primary_link", "maxspeed": "50", "reversed": "False", "length": 29.55, "access": null, "junction": null, "ref": null, "width": null, "est_width": null, "tunnel": null, "bridge": null, "service": null }, "geometry": { "type": "LineString", "coordinates": [ [ 2.1867653, 41.4102744 ], [ 2.1868844, 41.4103837 ], [ 2.1869951, 41.4104766 ] ] } },
{ "type": "Feature", "properties": { "u": 1147391517, "v": 7507211481, "key": 0, "osmid": [ 1393749273, 1393749274 ], "oneway": true, "lanes": "3", "name": "Avinguda Meridiana", "highway": "primary", "maxspeed": "50", "reversed": "False", "length": 189.884, "access": "yes", "junction": null, "ref": null, "width": "12", "est_width": null, "tunnel": null, "bridge": null, "service": null }, "geometry": { "type": "LineString", "coordinates": [ [ 2.1867653, 41.4102744 ], [ 2.1867668, 41.41013 ], [ 2.1867684, 41.4100541 ], [ 2.1867568, 41.4093425 ], [ 2.1867522, 41.4090614 ], [ 2.1867514, 41.4090116 ], [ 2.1867523, 41.4089456 ], [ 2.186747, 41.4086251 ], [ 2.1867346, 41.4085676 ] ] } },
{ "type": "Feature", "properties": { "u": 1147391519, "v": 1603753674, "key": 0, "osmid": "450581315", "oneway": true, "lanes": "2", "name": "Avinguda Meridiana", "highway": "primary", "maxspeed": "50", "reversed": "False", "length": 30.707, "access": null, "junction": null, "ref": null, "width": null, "est_width": null, "tunnel": null, "bridge": null, "service": null }, "geometry": { "type": "LineString", "coordinates": [ [ 2.1870233, 41.4086187 ], [ 2.1870228, 41.4086609 ], [ 2.187018, 41.4087641 ], [ 2.1870104, 41.4088485 ], [ 2.1870111, 41.4088946 ] ] } },
{ "type": "Feature", "properties": { "u": 1162558777, "v": 316877756, "key": 0, "osmid": "100553198", "oneway": true, "lanes": "1", "name": null, "highway": "primary_link", "maxspeed": "50", "reversed": "False", "length": 273.033, "access": null, "junction": null, "ref": null, "width": null, "est_width": null, "tunnel": null, "bridge": null, "service": null }, "geometry": { "type": "LineString", "coordinates": [ [ 2.1874425, 41.4464866 ], [ 2.1872509, 41.4460965 ], [ 2.1871643, 41.4459217 ], [ 2.1871011, 41.4457825 ], [ 2.1870515, 41.4457374 ], [ 2.1869931, 41.4457065 ], [ 2.1869282, 41.4456839 ], [ 2.1868437, 41.4456726 ], [ 2.1867621, 41.4456828 ], [ 2.1866957, 41.4457065 ], [ 2.1866383, 41.4457529 ], [ 2.1866079, 41.4458153 ], [ 2.1866065, 41.4458951 ], [ 2.1866226, 41.4459815 ], [ 2.186636, 41.4460157 ], [ 2.1866697, 41.4461021 ], [ 2.186852, 41.4465692 ], [ 2.1868748, 41.4466134 ], [ 2.1869164, 41.4466778 ], [ 2.1869378, 41.4466999 ], [ 2.1870142, 41.4467435 ], [ 2.1870893, 41.4467757 ], [ 2.1871779, 41.4468059 ], [ 2.1873, 41.4468273 ] ] } },
{ "type": "Feature", "properties": { "u": 1162558777, "v": 3934957720, "key": 0, "osmid": [ 450076625, 450076623 ], "oneway": true, "lanes": "5", "name": "Avinguda Meridiana", "highway": "primary", "maxspeed": "50", "reversed": "False", "length": 134.337, "access": null, "junction": null, "ref": null, "width": [ "20", "15" ], "est_width": null, "tunnel": null, "bridge": null, "service": null }, "geometry": { "type": "LineString", "coordinates": [ [ 2.1874425, 41.4464866 ], [ 2.1872162, 41.4457659 ], [ 2.1871444, 41.4455452 ], [ 2.1870683, 41.4453115 ] ] } },
{ "type": "Feature", "properties": { "u": 1162558788, "v": 815063056, "key": 0, "osmid": [ 34211148, 1393379569, 98789811, 34211191, 30014201 ], "oneway": true, "lanes": "3", "name": "Ronda de Dalt", "highway": "trunk", "maxspeed": "60", "reversed": "False", "length": 895.044, "access": "yes", "junction": null, "ref": "B-20", "width": null, "est_width": null, "tunnel": "yes", "bridge": "yes", "service": null }, "geometry": { "type": "LineString", "coordinates": [ [ 2.1826815, 41.4464606 ], [ 2.1830083, 41.4464963 ], [ 2.1837998, 41.4465849 ], [ 2.1846099, 41.4466542 ], [ 2.1850177, 41.4466865 ], [ 2.1856506, 41.446752 ], [ 2.1867862, 41.4468598 ], [ 2.1870657, 41.4468903 ], [ 2.1872249, 41.4468988 ], [ 2.1876453, 41.4469114 ], [ 2.1879502, 41.4469031 ], [ 2.1894096, 41.4468905 ], [ 2.1897827, 41.4468874 ], [ 2.1902689, 41.4468841 ], [ 2.1905763, 41.446888 ], [ 2.1910036, 41.4468953 ], [ 2.1915401, 41.4469088 ], [ 2.192017, 41.44692 ], [ 2.1921874, 41.4469256 ], [ 2.1923081, 41.4469343 ], [ 2.1923383, 41.4469365 ], [ 2.1924947, 41.4469493 ], [ 2.1926488, 41.4469702 ], [ 2.1927847, 41.4469958 ], [ 2.1929334, 41.4470328 ], [ 2.193082, 41.4470815 ], [ 2.1933189, 41.4471761 ] ] } },
{ "type": "Feature", "properties": { "u": 1162558801, "v": 4600193562, "key": 0, "osmid": [ 100553192, 100553197 ], "oneway": true, "lanes": "1", "name": null, "highway": "trunk_link", "maxspeed": "60", "reversed": "False", "length": 236.071, "access": null, "junction": null, "ref": "2", "width": null, "est_width": null, "tunnel": "yes", "bridge": null, "service": null }, "geometry": { "type": "LineString", "coordinates": [ [ 2.1826574, 41.4465592 ], [ 2.1822744, 41.4465481 ], [ 2.1820318, 41.4465458 ], [ 2.1817698, 41.4465334 ], [ 2.1816925, 41.4465266 ], [ 2.1800152, 41.4462989 ], [ 2.1799344, 41.4462868 ], [ 2.1798574, 41.4462733 ] ] } },
{ "type": "Feature", "properties": { "u": 1162558801, "v": 604001411, "key": 0, "osmid": [ 29379300, 29379303, 29380488, 1393379562, 1393379570, 1393379571, 34211126, 1027602586 ], "oneway": true, "lanes": "3", "name": "Ronda de Dalt", "highway": "trunk", "maxspeed": "80", "reversed": "False", "length": 726.675, "access": "yes", "junction": null, "ref": "B-20", "width": null, "est_width": null, "tunnel": "yes", "bridge": null, "service": null }, "geometry": { "type": "LineString", "coordinates": [ [ 2.1826574, 41.4465592 ], [ 2.1820448, 41.4464952 ], [ 2.1816108, 41.4464361 ], [ 2.1805335, 41.4462893 ], [ 2.1799919, 41.4462146 ], [ 2.179769, 41.4461784 ], [ 2.1793445, 41.4460938 ], [ 2.1781427, 41.4458247 ], [ 2.1769197, 41.4454779 ], [ 2.1763661, 41.445303 ], [ 2.1756116, 41.4450275 ], [ 2.1749382, 41.4447816 ], [ 2.1748195, 41.4447383 ], [ 2.1744047, 41.4445844 ] ] } },
{ "type": "Feature", "properties": { "u": 1193548761, "v": 1193548816, "key": 0, "osmid": "245672925", "oneway": true, "lanes": "7", "name": "Plaça d'Espanya", "highway": "primary", "maxspeed": "50", "reversed": "False", "length": 49.247, "access": null, "junction": "circular", "ref": null, "width": "28", "est_width": null, "tunnel": null, "bridge": null, "service": null }, "geometry": { "type": "LineString", "coordinates": [ [ 2.1487509, 41.3753586 ], [ 2.1486822, 41.3753104 ], [ 2.1486206, 41.3752489 ], [ 2.1485757, 41.3751838 ], [ 2.1485451, 41.3751106 ], [ 2.148532, 41.3750344 ], [ 2.1485339, 41.3749659 ] ] } },
{ "type": "Feature", "properties": { "u": 1193548784, "v": 2686522116, "key": 0, "osmid": "532303308", "oneway": true, "lanes": "3", "name": "Gran Via de les Corts Catalanes (lateral mar)", "highway": "primary_link", "maxspeed": "50", "reversed": "False", "length": 36.888, "access": "yes", "junction": null, "ref": null, "width": "12", "est_width": null, "tunnel": null, "bridge": null, "service": null }, "geometry": { "type": "LineString", "coordinates": [ [ 2.1497372, 41.374823 ], [ 2.1497822, 41.3749177 ], [ 2.1498171, 41.3749804 ], [ 2.149839, 41.3750303 ], [ 2.1498811, 41.3751364 ] ] } },
{ "type": "Feature", "properties": { "u": 1193548816, "v": 26057050, "key": 0, "osmid": "1245524404", "oneway": true, "lanes": "7", "name": "Plaça d'Espanya", "highway": "primary", "maxspeed": "50", "reversed": "False", "length": 10.026, "access": null, "junction": "circular", "ref": null, "width": "28", "est_width": null, "tunnel": null, "bridge": null, "service": null }, "geometry": { "type": "LineString", "coordinates": [ [ 2.1485339, 41.3749659 ], [ 2.1485618, 41.3748782 ] ] } },
{ "type": "Feature", "properties": { "u": 1225083291, "v": 408908795, "key": 0, "osmid": [ 1395714801, 1388329083, 1388329087 ], "oneway": true, "lanes": "2", "name": "Ronda del General Mitre", "highway": "primary", "maxspeed": "50", "reversed": "False", "length": 55.517, "access": null, "junction": null, "ref": null, "width": null, "est_width": null, "tunnel": null, "bridge": null, "service": null }, "geometry": { "type": "LineString", "coordinates": [ [ 2.1435688, 41.4052493 ], [ 2.1436995, 41.4052751 ], [ 2.1437277, 41.4052804 ], [ 2.1438698, 41.4053072 ], [ 2.1440101, 41.4053353 ], [ 2.1440515, 41.4053455 ], [ 2.1440941, 41.4053559 ], [ 2.1442112, 41.4053797 ] ] } },
{ "type": "Feature", "properties": { "u": 1230701452, "v": 12644016427, "key": 0, "osmid": "107041762", "oneway": true, "lanes": "1", "name": null, "highway": "trunk_link", "maxspeed": "50", "reversed": "False", "length": 266.129, "access": null, "junction": null, "ref": null, "width": null, "est_width": null, "tunnel": null, "bridge": null, "service": null }, "geometry": { "type": "LineString", "coordinates": [ [ 2.1603598, 41.4397973 ], [ 2.1597014, 41.4397673 ], [ 2.1586728, 41.4396641 ], [ 2.1581382, 41.4395996 ], [ 2.1576696, 41.4395373 ], [ 2.15744, 41.439509 ], [ 2.1571966, 41.4394871 ] ] } },
{ "type": "Feature", "properties": { "u": 1230701452, "v": 1291715885, "key": 0, "osmid": [ 34210905, 1393379545, 1393379542, 1393379543 ], "oneway": true, "lanes": "3", "name": "Ronda de Dalt", "highway": "trunk", "maxspeed": "80", "reversed": "False", "length": 963.282, "access": "yes", "junction": null, "ref": "B-20", "width": null, "est_width": null, "tunnel": null, "bridge": null, "service": null }, "geometry": { "type": "LineString", "coordinates": [ [ 2.1603598, 41.4397973 ], [ 2.1588539, 41.4395796 ], [ 2.1584462, 41.4395206 ], [ 2.1577332, 41.4394175 ], [ 2.1565669, 41.439194 ], [ 2.1559904, 41.4390663 ], [ 2.1554663, 41.4389329 ], [ 2.1545918, 41.4386975 ], [ 2.1541784, 41.438572 ], [ 2.153729, 41.4384513 ], [ 2.1522859, 41.4379753 ], [ 2.1519817, 41.4378723 ], [ 2.1513748, 41.4376487 ], [ 2.1512312, 41.4375958 ], [ 2.150432, 41.4372742 ], [ 2.1496337, 41.4368686 ], [ 2.149592, 41.4368456 ] ] } },
{ "type": "Feature", "properties": { "u": 1230701490, "v": 392352555, "key": 0, "osmid": [ 1393379552, 34210922, 1393379548, 1393379549, 1393379551 ], "oneway": true, "lanes": "3", "name": "Ronda de Dalt", "highway": "trunk", "maxspeed": [ "60", "70" ], "reversed": "False", "length": 279.016, "access": null, "junction": null, "ref": "B-20", "width": null, "est_width": null, "tunnel": "yes", "bridge": null, "service": null }, "geometry": { "type": "LineString", "coordinates": [ [ 2.1602689, 41.4396741 ], [ 2.1608559, 41.4397612 ], [ 2.1609806, 41.4397797 ], [ 2.1612908, 41.4398368 ], [ 2.1616971, 41.439914 ], [ 2.1624233, 41.44008 ], [ 2.1625458, 41.4401113 ], [ 2.1631496, 41.4402656 ], [ 2.1634862, 41.4403539 ] ] } },
{ "type": "Feature", "properties": { "u": 1261306780, "v": 402875749, "key": 0, "osmid": "324507705", "oneway": true, "lanes": "3", "name": "Plaça de Botticelli", "highway": "primary", "maxspeed": "50", "reversed": "False", "length": 8.601, "access": null, "junction": "circular", "ref": null, "width": null, "est_width": null, "tunnel": null, "bridge": null, "service": null }, "geometry": { "type": "LineString", "coordinates": [ [ 2.1521892, 41.433524 ], [ 2.1521976, 41.4334901 ], [ 2.1522195, 41.4334505 ] ] } },
{ "type": "Feature", "properties": { "u": 1279276755, "v": 981747029, "key": 0, "osmid": [ 34211460, 35140940, 1393379505, 1393379506, 34211451 ], "oneway": true, "lanes": "3", "name": "Ronda de Dalt", "highway": "trunk", "maxspeed": "80", "reversed": "False", "length": 543.622, "access": null, "junction": null, "ref": "B-20", "width": null, "est_width": null, "tunnel": "yes", "bridge": null, "service": null }, "geometry": { "type": "LineString", "coordinates": [ [ 2.1232087, 41.4084303 ], [ 2.1230109, 41.4082243 ], [ 2.1229694, 41.408181 ], [ 2.1225411, 41.4077348 ], [ 2.1222631, 41.4074833 ], [ 2.1217043, 41.4070508 ], [ 2.1210778, 41.4065762 ], [ 2.1203114, 41.4060557 ], [ 2.1199665, 41.4058822 ], [ 2.118814, 41.4053215 ], [ 2.1184642, 41.4051422 ] ] } },
{ "type": "Feature", "properties": { "u": 1279276759, "v": 1279276755, "key": 0, "osmid": "112581690", "oneway": true, "lanes": null, "name": null, "highway": "trunk_link", "maxspeed": "50", "reversed": "False", "length": 293.506, "access": "yes", "junction": null, "ref": "7", "width": null, "est_width": null, "tunnel": null, "bridge": null, "service": null }, "geometry": { "type": "LineString", "coordinates": [ [ 2.1254709, 41.410428 ], [ 2.1253262, 41.4103572 ], [ 2.1249157, 41.4100715 ], [ 2.124492, 41.4097336 ], [ 2.1242747, 41.4095465 ], [ 2.1241084, 41.4094137 ], [ 2.1238531, 41.40918 ], [ 2.1236095, 41.408943 ], [ 2.1234915, 41.4088022 ], [ 2.1234631, 41.4087648 ], [ 2.1232087, 41.4084303 ] ] } },
{ "type": "Feature", "properties": { "u": 1291715885, "v": 376751686, "key": 0, "osmid": [ 1393379544, 1393379540, 1393379541, 34210903 ], "oneway": true, "lanes": "3", "name": "Ronda de Dalt", "highway": "trunk", "maxspeed": "80", "reversed": "False", "length": 477.574, "access": "yes", "junction": null, "ref": "B-20", "width": null, "est_width": null, "tunnel": null, "bridge": null, "service": null }, "geometry": { "type": "LineString", "coordinates": [ [ 2.149592, 41.4368456 ], [ 2.1491126, 41.4365692 ], [ 2.1486834, 41.4362876 ], [ 2.1481855, 41.4358977 ], [ 2.1479043, 41.435653 ], [ 2.1477338, 41.4355046 ], [ 2.1470166, 41.4346718 ], [ 2.1468181, 41.4343699 ], [ 2.1466459, 41.4341078 ], [ 2.1464218, 41.4337224 ], [ 2.146254, 41.4334338 ] ] } },
{ "type": "Feature", "properties": { "u": 1295278485, "v": 615815431, "key": 0, "osmid": [ 693991400, 1393379531, 48465221 ], "oneway": true, "lanes": [ "1", "2" ], "name": null, "highway": "trunk_link", "maxspeed": "50", "reversed": "False", "length": 245.565, "access": null, "junction": null, "ref": "5", "width": null, "est_width": null, "tunnel": "yes", "bridge": null, "service": null }, "geometry": { "type": "LineString", "coordinates": [ [ 2.1423199, 41.4246036 ], [ 2.1425112, 41.4248406 ], [ 2.1426613, 41.4250831 ], [ 2.1427521, 41.4252321 ], [ 2.1428078, 41.4253421 ], [ 2.1429821, 41.4257175 ], [ 2.143083, 41.4259352 ], [ 2.1431763, 41.4261404 ], [ 2.1432696, 41.426313 ], [ 2.1432984, 41.4263708 ], [ 2.1433883, 41.4265509 ], [ 2.1434618, 41.4266314 ] ] } },
{ "type": "Feature", "properties": { "u": 1295278485, "v": 2450895952, "key": 0, "osmid": [ 34211526, 114320422, 1393379527, 1393379533, 1393379534, 34211567, 34211568 ], "oneway": true, "lanes": "3", "name": "Ronda de Dalt", "highway": "trunk", "maxspeed": "80", "reversed": "False", "length": 812.666, "access": null, "junction": null, "ref": "B-20", "width": null, "est_width": null, "tunnel": "yes", "bridge": null, "service": null }, "geometry": { "type": "LineString", "coordinates": [ [ 2.1423199, 41.4246036 ], [ 2.1424527, 41.424856 ], [ 2.1426557, 41.4252893 ], [ 2.1435707, 41.4272422 ], [ 2.1436487, 41.4274047 ], [ 2.1436929, 41.4274967 ], [ 2.1445787, 41.4294266 ], [ 2.1446461, 41.429572 ], [ 2.1450374, 41.4304086 ], [ 2.1454078, 41.4312005 ], [ 2.1455476, 41.4314995 ] ] } },
{ "type": "Feature", "properties": { "u": 1295283770, "v": 323158443, "key": 0, "osmid": [ 114320572, 114320743 ], "oneway": true, "lanes": "1", "name": null, "highway": "trunk_link", "maxspeed": "80", "reversed": "False", "length": 240.241, "access": "yes", "junction": null, "ref": null, "width": null, "est_width": null, "tunnel": "yes", "bridge": null, "service": null }, "geometry": { "type": "LineString", "coordinates": [ [ 2.1428932, 41.4265219 ], [ 2.1428838, 41.4263639 ], [ 2.1427055, 41.4259665 ], [ 2.1424653, 41.4254247 ], [ 2.1423983, 41.4252879 ], [ 2.1422309, 41.4249146 ], [ 2.1421947, 41.4248095 ], [ 2.1420735, 41.424457 ] ] } },
{ "type": "Feature", "properties": { "u": 1297744704, "v": 1382873567, "key": 0, "osmid": "124184228", "oneway": true, "lanes": "5", "name": "Avinguda de Sarrià", "highway": "primary", "maxspeed": "30", "reversed": "False", "length": 48.24, "access": "yes", "junction": null, "ref": null, "width": "16", "est_width": null, "tunnel": null, "bridge": null, "service": null }, "geometry": { "type": "LineString", "coordinates": [ [ 2.1444043, 41.3903918 ], [ 2.1439782, 41.3904565 ], [ 2.1439504, 41.3904607 ], [ 2.1438377, 41.3904785 ] ] } },
{ "type": "Feature", "properties": { "u": 1297818714, "v": 358505154, "key": 0, "osmid": [ 114608760, 114608778 ], "oneway": true, "lanes": "1", "name": "Sarrià", "highway": "trunk_link", "maxspeed": null, "reversed": "False", "length": 200.745, "access": null, "junction": null, "ref": "9", "width": null, "est_width": null, "tunnel": "yes", "bridge": null, "service": null }, "geometry": { "type": "LineString", "coordinates": [ [ 2.1134229, 41.3990124 ], [ 2.1135648, 41.3993219 ], [ 2.1136453, 41.3997659 ], [ 2.113749, 41.4002276 ], [ 2.113828, 41.4004696 ], [ 2.1140087, 41.4007513 ] ] } },
{ "type": "Feature", "properties": { "u": 1297818714, "v": 9029647979, "key": 0, "osmid": [ 30014888, 29418848, 550453990 ], "oneway": true, "lanes": "3", "name": "Ronda de Dalt", "highway": "trunk", "maxspeed": "80", "reversed": "False", "length": 519.633, "access": null, "junction": null, "ref": "B-20", "width": null, "est_width": null, "tunnel": "yes", "bridge": null, "service": null }, "geometry": { "type": "LineString", "coordinates": [ [ 2.1134229, 41.3990124 ], [ 2.1135376, 41.399762 ], [ 2.1135635, 41.3999111 ], [ 2.1136017, 41.4001238 ], [ 2.1136434, 41.4002795 ], [ 2.1136961, 41.4004264 ], [ 2.1138087, 41.4006676 ], [ 2.1139364, 41.4008859 ], [ 2.1144112, 41.4014325 ], [ 2.11446, 41.4014887 ], [ 2.1147119, 41.4017192 ], [ 2.1157426, 41.4026788 ], [ 2.1158511, 41.4027798 ], [ 2.1161677, 41.4030626 ] ] } },
{ "type": "Feature", "properties": { "u": 1298758085, "v": 1349534663, "key": 0, "osmid": [ 247072749, 450219495 ], "oneway": false, "lanes": "2", "name": [ "Carretera de Sarrià a Vallvidrera", "Avinguda de Vallvidrera" ], "highway": [ "secondary", "primary" ], "maxspeed": "30", "reversed": "True", "length": 134.58, "access": null, "junction": null, "ref": "BV-1462", "width": "5", "est_width": null, "tunnel": null, "bridge": null, "service": null }, "geometry": { "type": "LineString", "coordinates": [ [ 2.1100403, 41.4087805 ], [ 2.1100683, 41.4088078 ], [ 2.1101078, 41.408835 ], [ 2.1101409, 41.4088505 ], [ 2.1101768, 41.4088597 ], [ 2.1102419, 41.4088615 ], [ 2.1102563, 41.4088609 ], [ 2.110327, 41.408858 ], [ 2.1103987, 41.4088547 ], [ 2.110471, 41.4088539 ], [ 2.1107923, 41.4089118 ], [ 2.110918, 41.4089298 ], [ 2.1111665, 41.4089718 ], [ 2.1112231, 41.408973 ], [ 2.1112313, 41.4089729 ], [ 2.1112573, 41.4089724 ], [ 2.1113075, 41.4089679 ], [ 2.1113975, 41.4089375 ], [ 2.1115617, 41.4088666 ] ] } },
{ "type": "Feature", "properties": { "u": 1303457162, "v": 30253733, "key": 0, "osmid": "1408524828", "oneway": true, "lanes": "3", "name": "Carrer d'Aragó", "highway": "primary", "maxspeed": "50", "reversed": "False", "length": 64.816, "access": "yes", "junction": null, "ref": null, "width": null, "est_width": null, "tunnel": null, "bridge": null, "service": null }, "geometry": { "type": "LineString", "coordinates": [ [ 2.1850961, 41.4073154 ], [ 2.1849474, 41.4072096 ], [ 2.1847729, 41.4070854 ], [ 2.1847395, 41.4070615 ], [ 2.1845323, 41.4069142 ] ] } },
{ "type": "Feature", "properties": { "u": 1303457186, "v": 1100295145, "key": 0, "osmid": "1408555559", "oneway": true, "lanes": "2", "name": "Carrer del Consell de Cent", "highway": "primary", "maxspeed": "30", "reversed": "False", "length": 62.197, "access": null, "junction": null, "ref": null, "width": "5", "est_width": null, "tunnel": null, "bridge": null, "service": null }, "geometry": { "type": "LineString", "coordinates": [ [ 2.1861903, 41.4064453 ], [ 2.1864321, 41.4066351 ], [ 2.1865124, 41.4066989 ], [ 2.1865422, 41.4067226 ], [ 2.1865504, 41.4067291 ], [ 2.1865863, 41.4067563 ], [ 2.1867149, 41.4068424 ] ] } },
{ "type": "Feature", "properties": { "u": 1303457305, "v": 30253863, "key": 0, "osmid": "1408555555", "oneway": true, "lanes": "2", "name": "Carrer del Consell de Cent", "highway": "primary", "maxspeed": "30", "reversed": "False", "length": 54.123, "access": null, "junction": null, "ref": null, "width": "6", "est_width": null, "tunnel": null, "bridge": null, "service": null }, "geometry": { "type": "LineString", "coordinates": [ [ 2.1817874, 41.4031371 ], [ 2.1819838, 41.4032831 ], [ 2.1820229, 41.4033121 ], [ 2.1820496, 41.4033317 ], [ 2.1820761, 41.4033514 ], [ 2.1822486, 41.4034795 ] ] } },
{ "type": "Feature", "properties": { "u": 1309411132, "v": 3299255720, "key": 0, "osmid": [ 902053800, 539012771 ], "oneway": true, "lanes": [ "3", "2" ], "name": "Gran Via de les Corts Catalanes (lateral muntanya)", "highway": "primary_link", "maxspeed": "50", "reversed": "False", "length": 109.925, "access": null, "junction": null, "ref": null, "width": "6", "est_width": null, "tunnel": null, "bridge": null, "service": null }, "geometry": { "type": "LineString", "coordinates": [ [ 2.138501, 41.3671711 ], [ 2.1381554, 41.3669153 ], [ 2.13764, 41.366532 ], [ 2.13762, 41.3665181 ], [ 2.1376058, 41.3665083 ], [ 2.1375616, 41.3664782 ] ] } },
{ "type": "Feature", "properties": { "u": 1309411137, "v": 390227104, "key": 0, "osmid": "360830951", "oneway": true, "lanes": "5", "name": "Plaça d'Ildefons Cerdà", "highway": "primary", "maxspeed": "50", "reversed": "False", "length": 27.662, "access": null, "junction": "circular", "ref": null, "width": "18", "est_width": null, "tunnel": null, "bridge": null, "service": null }, "geometry": { "type": "LineString", "coordinates": [ [ 2.1358441, 41.3647988 ], [ 2.1358101, 41.364863 ], [ 2.1357628, 41.3649197 ], [ 2.1357076, 41.3649744 ], [ 2.1356707, 41.3650088 ] ] } },
{ "type": "Feature", "properties": { "u": 1309411137, "v": 11305988004, "key": 0, "osmid": [ 1220132169, 116025922, 1220157462, 545021322 ], "oneway": true, "lanes": "2", "name": "Gran Via de les Corts Catalanes (lateral mar)", "highway": "primary", "maxspeed": "50", "reversed": "False", "length": 86.752, "access": null, "junction": null, "ref": null, "width": "5", "est_width": null, "tunnel": null, "bridge": null, "service": null }, "geometry": { "type": "LineString", "coordinates": [ [ 2.1358441, 41.3647988 ], [ 2.1359034, 41.3648813 ], [ 2.1359304, 41.3649092 ], [ 2.1359808, 41.3649458 ], [ 2.1363415, 41.3652155 ], [ 2.1365465, 41.3653688 ] ] } },
{ "type": "Feature", "properties": { "u": 1311619294, "v": 390057407, "key": 0, "osmid": [ 543754801, 122307619, 910000958 ], "oneway": false, "lanes": "7", "name": [ "Avinguda Diagonal", "Avinguda Diagonal (central)" ], "highway": "primary", "maxspeed": "50", "reversed": "False", "length": 173.732, "access": null, "junction": null, "ref": null, "width": "23", "est_width": null, "tunnel": null, "bridge": null, "service": null }, "geometry": { "type": "LineString", "coordinates": [ [ 2.1068877, 41.3831367 ], [ 2.1070358, 41.3831743 ], [ 2.1070822, 41.3831861 ], [ 2.1073188, 41.3832461 ], [ 2.1077399, 41.3833531 ], [ 2.1078127, 41.3833716 ], [ 2.1079166, 41.3833979 ], [ 2.1084308, 41.3835285 ], [ 2.1086796, 41.3835916 ], [ 2.1087167, 41.3836011 ], [ 2.1088602, 41.3836375 ] ] } },
{ "type": "Feature", "properties": { "u": 1311619294, "v": 126769419, "key": 0, "osmid": [ 116315042, 1391841490, 449606872 ], "oneway": true, "lanes": "4", "name": "Avinguda Diagonal", "highway": "primary", "maxspeed": "50", "reversed": "False", "length": 127.488, "access": null, "junction": null, "ref": "B-23", "width": null, "est_width": null, "tunnel": null, "bridge": null, "service": null }, "geometry": { "type": "LineString", "coordinates": [ [ 2.1068877, 41.3831367 ], [ 2.1066247, 41.3831179 ], [ 2.1063997, 41.3830621 ], [ 2.1063304, 41.3830454 ], [ 2.1057794, 41.382913 ], [ 2.1054211, 41.3828286 ] ] } },
{ "type": "Feature", "properties": { "u": 1311619305, "v": 687897127, "key": 0, "osmid": "54648010", "oneway": true, "lanes": "1", "name": "Avinguda Diagonal", "highway": "primary_link", "maxspeed": "50", "reversed": "False", "length": 68.825, "access": null, "junction": null, "ref": null, "width": "4", "est_width": null, "tunnel": null, "bridge": null, "service": null }, "geometry": { "type": "LineString", "coordinates": [ [ 2.1127884, 41.3846348 ], [ 2.1130553, 41.3846097 ], [ 2.1133161, 41.3845943 ], [ 2.1134517, 41.3845894 ], [ 2.1136103, 41.3845907 ] ] } },
{ "type": "Feature", "properties": { "u": 1311619305, "v": 430537449, "key": 0, "osmid": "116315037", "oneway": false, "lanes": "7", "name": "Avinguda Diagonal", "highway": "primary", "maxspeed": "50", "reversed": "True", "length": 21.817, "access": null, "junction": null, "ref": null, "width": "18", "est_width": null, "tunnel": null, "bridge": null, "service": null }, "geometry": { "type": "LineString", "coordinates": [ [ 2.1127884, 41.3846348 ], [ 2.1126949, 41.3846111 ], [ 2.1125407, 41.3845719 ] ] } },
{ "type": "Feature", "properties": { "u": 1311619305, "v": 823781718, "key": 0, "osmid": [ 543400545, 1391886568, 543748715, 1391886574, 396767222 ], "oneway": false, "lanes": "7", "name": "Avinguda Diagonal", "highway": "primary", "maxspeed": "50", "reversed": "False", "length": 354.35, "access": null, "junction": null, "ref": null, "width": "18", "est_width": null, "tunnel": null, "bridge": null, "service": null }, "geometry": { "type": "LineString", "coordinates": [ [ 2.1127884, 41.3846348 ], [ 2.1131451, 41.3847254 ], [ 2.1132284, 41.3847465 ], [ 2.1134652, 41.3848066 ], [ 2.113971, 41.384935 ], [ 2.1162117, 41.3855039 ], [ 2.116577, 41.3855966 ], [ 2.1166307, 41.3856103 ], [ 2.1168117, 41.3856562 ] ] } },
{ "type": "Feature", "properties": { "u": 1311619485, "v": 390227138, "key": 0, "osmid": "54648013", "oneway": true, "lanes": "2", "name": "Avinguda del Doctor Marañón", "highway": "primary_link", "maxspeed": "50", "reversed": "False", "length": 32.265, "access": null, "junction": null, "ref": null, "width": null, "est_width": null, "tunnel": null, "bridge": null, "service": null }, "geometry": { "type": "LineString", "coordinates": [ [ 2.1117845, 41.3843799 ], [ 2.1118647, 41.3843577 ], [ 2.1119397, 41.3843311 ], [ 2.1120221, 41.3842912 ], [ 2.1120513, 41.3842606 ], [ 2.112077, 41.3842117 ] ] } },
{ "type": "Feature", "properties": { "u": 1311619485, "v": 687897110, "key": 0, "osmid": "122307616", "oneway": false, "lanes": "7", "name": "Avinguda Diagonal", "highway": "primary", "maxspeed": "50", "reversed": "False", "length": 29.418, "access": null, "junction": null, "ref": null, "width": "22", "est_width": null, "tunnel": null, "bridge": null, "service": null }, "geometry": { "type": "LineString", "coordinates": [ [ 2.1117845, 41.3843799 ], [ 2.1119322, 41.3844174 ], [ 2.1121185, 41.3844647 ] ] } },
{ "type": "Feature", "properties": { "u": 1311619485, "v": 254399269, "key": 0, "osmid": [ 122307617, 567940189, 129216265 ], "oneway": false, "lanes": "7", "name": "Avinguda Diagonal", "highway": "primary", "maxspeed": "50", "reversed": "True", "length": 77.702, "access": null, "junction": null, "ref": null, "width": "22", "est_width": null, "tunnel": null, "bridge": null, "service": null }, "geometry": { "type": "LineString", "coordinates": [ [ 2.1117845, 41.3843799 ], [ 2.1116123, 41.3843362 ], [ 2.1115372, 41.3843171 ], [ 2.1110729, 41.3841993 ], [ 2.1109023, 41.3841559 ] ] } },
{ "type": "Feature", "properties": { "u": 1311833055, "v": 250794418, "key": 0, "osmid": "549749262", "oneway": true, "lanes": "4", "name": "Gran Via de les Corts Catalanes", "highway": "primary", "maxspeed": "50", "reversed": "False", "length": 25.289, "access": null, "junction": null, "ref": "C-31", "width": "12", "est_width": null, "tunnel": null, "bridge": null, "service": null }, "geometry": { "type": "LineString", "coordinates": [ [ 2.1765228, 41.3955476 ], [ 2.1766463, 41.3956894 ], [ 2.1766935, 41.3957354 ] ] } },
{ "type": "Feature", "properties": { "u": 1312339722, "v": 1017920131, "key": 0, "osmid": "1395726194", "oneway": true, "lanes": "3", "name": "Carrer de Piferrer", "highway": "primary", "maxspeed": "50", "reversed": "False", "length": 4.854, "access": null, "junction": null, "ref": null, "width": "12", "est_width": null, "tunnel": null, "bridge": null, "service": null }, "geometry": { "type": "LineString", "coordinates": [ [ 2.178317, 41.4329973 ], [ 2.1783505, 41.433033 ] ] } },
{ "type": "Feature", "properties": { "u": 1312339728, "v": 1139082290, "key": 0, "osmid": [ 295288865, 251746319 ], "oneway": true, "lanes": "3", "name": "Avinguda Meridiana", "highway": "primary", "maxspeed": "50", "reversed": "False", "length": 196.251, "access": "yes", "junction": null, "ref": null, "width": [ "13", "12" ], "est_width": null, "tunnel": null, "bridge": null, "service": null }, "geometry": { "type": "LineString", "coordinates": [ [ 2.1842638, 41.4286494 ], [ 2.1842097, 41.4287427 ], [ 2.1841706, 41.4287912 ], [ 2.1837929, 41.4293491 ], [ 2.183299, 41.4300416 ], [ 2.1832754, 41.4300679 ], [ 2.1831601, 41.4302071 ] ] } },
{ "type": "Feature", "properties": { "u": 1314438188, "v": 2676886268, "key": 0, "osmid": [ 560625704, 543198862, 543198863, 543198864, 521051957, 1395170967 ], "oneway": true, "lanes": [ "3", "2" ], "name": "Autovia de l'Ametlla", "highway": "trunk", "maxspeed": "80", "reversed": "False", "length": 532.199, "access": null, "junction": null, "ref": "C-17", "width": null, "est_width": null, "tunnel": null, "bridge": null, "service": null }, "geometry": { "type": "LineString", "coordinates": [ [ 2.1836362, 41.4603906 ], [ 2.1835356, 41.4604806 ], [ 2.1833448, 41.4606569 ], [ 2.1831193, 41.4608724 ], [ 2.1831113, 41.4608813 ], [ 2.1831043, 41.460889 ], [ 2.1830959, 41.4608982 ], [ 2.1830768, 41.4609194 ], [ 2.1829125, 41.4610979 ], [ 2.1824914, 41.4615553 ], [ 2.1809176, 41.4634422 ], [ 2.1808398, 41.4635353 ], [ 2.1807981, 41.4635852 ], [ 2.1805595, 41.4638808 ], [ 2.1801561, 41.4643982 ] ] } },
{ "type": "Feature", "properties": { "u": 1314438188, "v": 1297790702, "key": 0, "osmid": [ 114604128, 806400514, 1426129373 ], "oneway": true, "lanes": "1", "name": "Avinguda de l'Alzinar", "highway": [ "residential", "trunk_link" ], "maxspeed": [ "30", "60" ], "reversed": "False", "length": 114.643, "access": null, "junction": null, "ref": null, "width": null, "est_width": null, "tunnel": null, "bridge": null, "service": null }, "geometry": { "type": "LineString", "coordinates": [ [ 2.1836362, 41.4603906 ], [ 2.183397, 41.4607132 ], [ 2.1832131, 41.4609299 ], [ 2.1831704, 41.4609908 ], [ 2.1831445, 41.4610276 ], [ 2.1829618, 41.4612886 ] ] } },
{ "type": "Feature", "properties": { "u": 1329812662, "v": 1261306780, "key": 0, "osmid": "324507705", "oneway": true, "lanes": "3", "name": "Plaça de Botticelli", "highway": "primary", "maxspeed": "50", "reversed": "False", "length": 39.613, "access": null, "junction": "circular", "ref": null, "width": null, "est_width": null, "tunnel": null, "bridge": null, "service": null }, "geometry": { "type": "LineString", "coordinates": [ [ 2.1524132, 41.433817 ], [ 2.1523502, 41.4337842 ], [ 2.1523182, 41.4337666 ], [ 2.1522797, 41.4337362 ], [ 2.1522588, 41.4337143 ], [ 2.1522439, 41.4336974 ], [ 2.1522261, 41.4336663 ], [ 2.1522084, 41.4336353 ], [ 2.1521948, 41.4335736 ], [ 2.1521892, 41.433524 ] ] } },
{ "type": "Feature", "properties": { "u": 1349534663, "v": 1375291089, "key": 0, "osmid": "450219494", "oneway": false, "lanes": "2", "name": "Carretera de Sarrià a Vallvidrera", "highway": "primary", "maxspeed": "30", "reversed": "True", "length": 307.226, "access": null, "junction": null, "ref": "BV-1462", "width": "5", "est_width": null, "tunnel": null, "bridge": null, "service": null }, "geometry": { "type": "LineString", "coordinates": [ [ 2.1115617, 41.4088666 ], [ 2.1116243, 41.4088411 ], [ 2.111724, 41.4087981 ], [ 2.1120211, 41.4086713 ], [ 2.1121325, 41.4086217 ], [ 2.1122392, 41.4085697 ], [ 2.1123568, 41.4084921 ], [ 2.1124674, 41.4084018 ], [ 2.1125685, 41.4083056 ], [ 2.1130094, 41.4077858 ], [ 2.1132692, 41.4074973 ], [ 2.1133866, 41.4073681 ], [ 2.1134945, 41.4072306 ], [ 2.1135982, 41.407089 ], [ 2.1136631, 41.4070223 ], [ 2.1137361, 41.4069579 ], [ 2.1138685, 41.4068615 ], [ 2.1139335, 41.4068192 ] ] } },
{ "type": "Feature", "properties": { "u": 1349534663, "v": 1298758085, "key": 0, "osmid": [ 247072749, 450219495 ], "oneway": false, "lanes": "2", "name": [ "Carretera de Sarrià a Vallvidrera", "Avinguda de Vallvidrera" ], "highway": [ "secondary", "primary" ], "maxspeed": "30", "reversed": "False", "length": 134.58, "access": null, "junction": null, "ref": "BV-1462", "width": "5", "est_width": null, "tunnel": null, "bridge": null, "service": null }, "geometry": { "type": "LineString", "coordinates": [ [ 2.1115617, 41.4088666 ], [ 2.1113975, 41.4089375 ], [ 2.1113075, 41.4089679 ], [ 2.1112573, 41.4089724 ], [ 2.1112313, 41.4089729 ], [ 2.1112231, 41.408973 ], [ 2.1111665, 41.4089718 ], [ 2.110918, 41.4089298 ], [ 2.1107923, 41.4089118 ], [ 2.110471, 41.4088539 ], [ 2.1103987, 41.4088547 ], [ 2.110327, 41.408858 ], [ 2.1102563, 41.4088609 ], [ 2.1102419, 41.4088615 ], [ 2.1101768, 41.4088597 ], [ 2.1101409, 41.4088505 ], [ 2.1101078, 41.408835 ], [ 2.1100683, 41.4088078 ], [ 2.1100403, 41.4087805 ] ] } },
{ "type": "Feature", "properties": { "u": 1350812728, "v": 30254057, "key": 0, "osmid": [ 263405139, 1408524830 ], "oneway": true, "lanes": "5", "name": "Carrer d'Aragó", "highway": "primary", "maxspeed": "50", "reversed": "False", "length": 130.201, "access": "yes", "junction": null, "ref": null, "width": "14", "est_width": null, "tunnel": null, "bridge": null, "service": null }, "geometry": { "type": "LineString", "coordinates": [ [ 2.1811111, 41.4043562 ], [ 2.1809279, 41.40422 ], [ 2.1806631, 41.4040244 ], [ 2.1802362, 41.4037092 ], [ 2.18019, 41.4036751 ], [ 2.179997, 41.403536 ] ] } },
{ "type": "Feature", "properties": { "u": 1357271811, "v": 412371000, "key": 0, "osmid": "23432710", "oneway": true, "lanes": "2", "name": "Ronda del General Mitre", "highway": "primary", "maxspeed": "50", "reversed": "False", "length": 77.364, "access": null, "junction": null, "ref": null, "width": null, "est_width": null, "tunnel": null, "bridge": null, "service": null }, "geometry": { "type": "LineString", "coordinates": [ [ 2.1476525, 41.4058668 ], [ 2.1474756, 41.4058432 ], [ 2.1472561, 41.4058221 ], [ 2.1469938, 41.4058121 ], [ 2.1469105, 41.4058112 ], [ 2.1467301, 41.4058034 ] ] } },
{ "type": "Feature", "properties": { "u": 1357271844, "v": 1357271796, "key": 0, "osmid": "121189294", "oneway": true, "lanes": "1", "name": "Avinguda de Vallcarca", "highway": "primary_link", "maxspeed": "30", "reversed": "False", "length": 39.703, "access": null, "junction": null, "ref": null, "width": null, "est_width": null, "tunnel": null, "bridge": null, "service": null }, "geometry": { "type": "LineString", "coordinates": [ [ 2.1502204, 41.4075704 ], [ 2.1501117, 41.4075064 ], [ 2.1500724, 41.4074929 ], [ 2.1500363, 41.407491 ], [ 2.1499873, 41.4074939 ], [ 2.1499507, 41.4075023 ], [ 2.1499143, 41.4075168 ], [ 2.149813, 41.4075777 ] ] } },
{ "type": "Feature", "properties": { "u": 1357271844, "v": 331355854, "key": 0, "osmid": [ 237655881, 823791455 ], "oneway": true, "lanes": "1", "name": "Travessera de Dalt", "highway": "primary_link", "maxspeed": "50", "reversed": "False", "length": 35.481, "access": null, "junction": null, "ref": null, "width": null, "est_width": null, "tunnel": null, "bridge": null, "service": null }, "geometry": { "type": "LineString", "coordinates": [ [ 2.1502204, 41.4075704 ], [ 2.1500738, 41.4074266 ], [ 2.150036, 41.4073937 ], [ 2.1499966, 41.4073576 ], [ 2.1499783, 41.4073379 ], [ 2.1499607, 41.4073179 ] ] } },
{ "type": "Feature", "properties": { "u": 1375265147, "v": 1000063825, "key": 0, "osmid": [ 1395701666, 542495910 ], "oneway": true, "lanes": "2", "name": "Ronda del Mig", "highway": "primary", "maxspeed": "60", "reversed": "False", "length": 502.957, "access": null, "junction": null, "ref": null, "width": null, "est_width": null, "tunnel": "yes", "bridge": null, "service": null }, "geometry": { "type": "LineString", "coordinates": [ [ 2.1272947, 41.384709 ], [ 2.1274149, 41.3841659 ], [ 2.1284987, 41.3810481 ], [ 2.1286462, 41.3806293 ], [ 2.128654, 41.3806071 ], [ 2.128754, 41.3803224 ] ] } },
{ "type": "Feature", "properties": { "u": 1375265160, "v": 1375265188, "key": 0, "osmid": [ 123268588, 123268591 ], "oneway": true, "lanes": null, "name": null, "highway": "primary_link", "maxspeed": "50", "reversed": "False", "length": 100.223, "access": null, "junction": null, "ref": null, "width": null, "est_width": null, "tunnel": "yes", "bridge": null, "service": null }, "geometry": { "type": "LineString", "coordinates": [ [ 2.1325586, 41.3938773 ], [ 2.1327234, 41.393935 ], [ 2.1327746, 41.3939583 ], [ 2.1328282, 41.393996 ], [ 2.1329033, 41.3940503 ], [ 2.132977, 41.3941022 ], [ 2.1330619, 41.3941594 ], [ 2.1331154, 41.3942007 ], [ 2.1331597, 41.3942387 ], [ 2.1332098, 41.3942887 ], [ 2.1332282, 41.3943052 ], [ 2.1332668, 41.3943299 ], [ 2.1332949, 41.3943446 ], [ 2.1333306, 41.394349 ], [ 2.133362, 41.3943486 ], [ 2.1333737, 41.3943446 ], [ 2.1333887, 41.3943394 ], [ 2.1334066, 41.3943332 ], [ 2.1334317, 41.3943245 ], [ 2.1335061, 41.3942999 ] ] } },
{ "type": "Feature", "properties": { "u": 1375265160, "v": 1002675881, "key": 0, "osmid": [ 86331334, 1395710350 ], "oneway": true, "lanes": "2", "name": [ "Ronda del General Mitre", "Ronda del Mig" ], "highway": "primary", "maxspeed": "50", "reversed": "False", "length": 451.02, "access": "yes", "junction": null, "ref": null, "width": null, "est_width": null, "tunnel": "yes", "bridge": null, "service": null }, "geometry": { "type": "LineString", "coordinates": [ [ 2.1325586, 41.3938773 ], [ 2.1326776, 41.3939724 ], [ 2.1330247, 41.3942351 ], [ 2.1332205, 41.3944242 ], [ 2.1339169, 41.3951622 ], [ 2.1339647, 41.3952276 ], [ 2.1340251, 41.3953255 ], [ 2.1340554, 41.3953838 ], [ 2.1340729, 41.3954388 ], [ 2.1340797, 41.395488 ], [ 2.1340669, 41.3955974 ], [ 2.1340489, 41.3956954 ], [ 2.1340198, 41.3957635 ], [ 2.1339455, 41.3959212 ], [ 2.1338833, 41.3960047 ], [ 2.1331183, 41.3967993 ], [ 2.1329806, 41.3969803 ], [ 2.1329293, 41.3970547 ], [ 2.1328954, 41.3971318 ], [ 2.1328759, 41.3971967 ], [ 2.1328761, 41.3972946 ] ] } },
{ "type": "Feature", "properties": { "u": 1375265216, "v": 1856466769, "key": 0, "osmid": "526120227", "oneway": true, "lanes": "3", "name": "Gran Via de Carles III", "highway": "primary_link", "maxspeed": "50", "reversed": "False", "length": 132.922, "access": null, "junction": null, "ref": null, "width": null, "est_width": null, "tunnel": null, "bridge": null, "service": null }, "geometry": { "type": "LineString", "coordinates": [ [ 2.1279349, 41.3903451 ], [ 2.1277486, 41.3898985 ], [ 2.1274964, 41.3891961 ] ] } },
{ "type": "Feature", "properties": { "u": 1375291089, "v": 1349534663, "key": 0, "osmid": "450219494", "oneway": false, "lanes": "2", "name": "Carretera de Sarrià a Vallvidrera", "highway": "primary", "maxspeed": "30", "reversed": "False", "length": 307.226, "access": null, "junction": null, "ref": "BV-1462", "width": "5", "est_width": null, "tunnel": null, "bridge": null, "service": null }, "geometry": { "type": "LineString", "coordinates": [ [ 2.1139335, 41.4068192 ], [ 2.1138685, 41.4068615 ], [ 2.1137361, 41.4069579 ], [ 2.1136631, 41.4070223 ], [ 2.1135982, 41.407089 ], [ 2.1134945, 41.4072306 ], [ 2.1133866, 41.4073681 ], [ 2.1132692, 41.4074973 ], [ 2.1130094, 41.4077858 ], [ 2.1125685, 41.4083056 ], [ 2.1124674, 41.4084018 ], [ 2.1123568, 41.4084921 ], [ 2.1122392, 41.4085697 ], [ 2.1121325, 41.4086217 ], [ 2.1120211, 41.4086713 ], [ 2.111724, 41.4087981 ], [ 2.1116243, 41.4088411 ], [ 2.1115617, 41.4088666 ] ] } },
{ "type": "Feature", "properties": { "u": 1375291089, "v": 2466611020, "key": 0, "osmid": "450219496", "oneway": false, "lanes": "2", "name": "Avinguda de Vallvidrera", "highway": "primary", "maxspeed": "30", "reversed": "True", "length": 121.033, "access": null, "junction": null, "ref": "BV-1462", "width": "5", "est_width": null, "tunnel": null, "bridge": null, "service": null }, "geometry": { "type": "LineString", "coordinates": [ [ 2.1139335, 41.4068192 ], [ 2.114033, 41.4067687 ], [ 2.1140609, 41.4067532 ], [ 2.1141326, 41.4067188 ], [ 2.1141916, 41.4066808 ], [ 2.1142738, 41.4066042 ], [ 2.1143607, 41.4065024 ], [ 2.1145476, 41.4062977 ], [ 2.1146855, 41.4061632 ], [ 2.1147812, 41.4060722 ], [ 2.1148029, 41.4060528 ], [ 2.114821, 41.4060366 ], [ 2.1148655, 41.4059983 ] ] } },
{ "type": "Feature", "properties": { "u": 1375310919, "v": 559032149, "key": 0, "osmid": "140001530", "oneway": true, "lanes": "3", "name": "Gran Via de les Corts Catalanes", "highway": "primary", "maxspeed": "50", "reversed": "False", "length": 28.597, "access": null, "junction": null, "ref": "C-31", "width": "8", "est_width": null, "tunnel": null, "bridge": null, "service": null }, "geometry": { "type": "LineString", "coordinates": [ [ 2.1682932, 41.3892418 ], [ 2.1684564, 41.389363 ], [ 2.1685306, 41.3894271 ] ] } },
{ "type": "Feature", "properties": { "u": 1377806846, "v": 1378950924, "key": 0, "osmid": "123616967", "oneway": true, "lanes": "2", "name": "Gran Via de Carles III", "highway": "primary_link", "maxspeed": "50", "reversed": "False", "length": 17.534, "access": "yes", "junction": null, "ref": null, "width": null, "est_width": null, "tunnel": null, "bridge": null, "service": null }, "geometry": { "type": "LineString", "coordinates": [ [ 2.1293157, 41.39237 ], [ 2.1292677, 41.3923299 ], [ 2.1291802, 41.3922495 ] ] } },
{ "type": "Feature", "properties": { "u": 1377806900, "v": 1375265160, "key": 0, "osmid": [ 86330633, 123269338, 1395710351 ], "oneway": true, "lanes": "2", "name": "Ronda del Mig", "highway": "primary", "maxspeed": "50", "reversed": "False", "length": 552.586, "access": "yes", "junction": null, "ref": null, "width": null, "est_width": null, "tunnel": "yes", "bridge": null, "service": null }, "geometry": { "type": "LineString", "coordinates": [ [ 2.1282136, 41.390337 ], [ 2.1282636, 41.3904838 ], [ 2.1283171, 41.3905913 ], [ 2.1283813, 41.3907062 ], [ 2.1284191, 41.3907785 ], [ 2.1284723, 41.3908624 ], [ 2.1285597, 41.3910104 ], [ 2.1288901, 41.3915741 ], [ 2.1289806, 41.3917135 ], [ 2.1290456, 41.3917929 ], [ 2.1291276, 41.3918936 ], [ 2.1292002, 41.3919744 ], [ 2.1292957, 41.3920644 ], [ 2.1293813, 41.3921353 ], [ 2.1294753, 41.3922031 ], [ 2.1295722, 41.3922642 ], [ 2.1297389, 41.392342 ], [ 2.1303955, 41.3926933 ], [ 2.1313642, 41.3931903 ], [ 2.1317566, 41.3933992 ], [ 2.1321928, 41.3936326 ], [ 2.1324273, 41.3937894 ], [ 2.1324668, 41.3938159 ], [ 2.1325586, 41.3938773 ] ] } },
{ "type": "Feature", "properties": { "u": 1377806900, "v": 1126035505, "key": 0, "osmid": [ 1395710348, 123616974 ], "oneway": true, "lanes": [ "1", "2" ], "name": null, "highway": "primary_link", "maxspeed": "50", "reversed": "False", "length": 208.008, "access": null, "junction": null, "ref": null, "width": null, "est_width": null, "tunnel": null, "bridge": null, "service": null }, "geometry": { "type": "LineString", "coordinates": [ [ 2.1282136, 41.390337 ], [ 2.1283472, 41.3905168 ], [ 2.128395, 41.3905924 ], [ 2.1284599, 41.3906921 ], [ 2.1286136, 41.3909457 ], [ 2.128998, 41.3915799 ], [ 2.1290999, 41.3917388 ], [ 2.1291356, 41.3917858 ], [ 2.1291838, 41.3918464 ], [ 2.129237, 41.3918998 ], [ 2.1293471, 41.3919966 ] ] } },
{ "type": "Feature", "properties": { "u": 1378060299, "v": 31285281, "key": 0, "osmid": "24793420", "oneway": true, "lanes": "2", "name": "Ronda del General Mitre", "highway": "primary_link", "maxspeed": "50", "reversed": "False", "length": 51.287, "access": null, "junction": null, "ref": null, "width": null, "est_width": null, "tunnel": null, "bridge": null, "service": null }, "geometry": { "type": "LineString", "coordinates": [ [ 2.1342471, 41.3957373 ], [ 2.1338578, 41.3960943 ] ] } },
{ "type": "Feature", "properties": { "u": 1378950924, "v": 126781129, "key": 0, "osmid": [ 123269336, 123269337, 123269343 ], "oneway": true, "lanes": null, "name": null, "highway": "primary_link", "maxspeed": "60", "reversed": "False", "length": 216.864, "access": null, "junction": null, "ref": null, "width": null, "est_width": null, "tunnel": null, "bridge": null, "service": null }, "geometry": { "type": "LineString", "coordinates": [ [ 2.1291802, 41.3922495 ], [ 2.1291207, 41.3921455 ], [ 2.1290779, 41.3920937 ], [ 2.1289772, 41.3919765 ], [ 2.1288218, 41.3917755 ], [ 2.1287754, 41.3917006 ], [ 2.128711, 41.391598 ], [ 2.1286064, 41.3914189 ], [ 2.1284133, 41.391097 ], [ 2.1282899, 41.3908877 ], [ 2.1281799, 41.3906663 ], [ 2.1281558, 41.3905939 ], [ 2.1281307, 41.3904753 ] ] } },
{ "type": "Feature", "properties": { "u": 1378950924, "v": 364820418, "key": 0, "osmid": [ 1395710345, 32449991 ], "oneway": true, "lanes": null, "name": "Gran Via de Carles III", "highway": "primary_link", "maxspeed": "50", "reversed": "False", "length": 225.672, "access": "yes", "junction": null, "ref": null, "width": null, "est_width": null, "tunnel": null, "bridge": null, "service": null }, "geometry": { "type": "LineString", "coordinates": [ [ 2.1291802, 41.3922495 ], [ 2.1290632, 41.392186 ], [ 2.1289492, 41.3920819 ], [ 2.1288438, 41.3919612 ], [ 2.1287807, 41.3918875 ], [ 2.1286584, 41.3917003 ], [ 2.1285853, 41.3915969 ], [ 2.1284789, 41.3914267 ], [ 2.1283592, 41.3912255 ], [ 2.1282908, 41.3911061 ], [ 2.1282398, 41.3910186 ], [ 2.1281899, 41.3909228 ], [ 2.1281386, 41.3908253 ], [ 2.1279826, 41.3904558 ] ] } },
{ "type": "Feature", "properties": { "u": 1378950933, "v": 126781129, "key": 0, "osmid": "86330628", "oneway": true, "lanes": "2", "name": "Ronda del Mig", "highway": "primary", "maxspeed": "50", "reversed": "False", "length": 220.726, "access": null, "junction": null, "ref": null, "width": null, "est_width": null, "tunnel": null, "bridge": null, "service": null }, "geometry": { "type": "LineString", "coordinates": [ [ 2.129347, 41.3922256 ], [ 2.1292489, 41.3921483 ], [ 2.1291371, 41.392043 ], [ 2.1290734, 41.3919771 ], [ 2.1289989, 41.3918935 ], [ 2.1289257, 41.3917974 ], [ 2.128883, 41.391741 ], [ 2.1287649, 41.3915515 ], [ 2.1285272, 41.3911477 ], [ 2.1282649, 41.3907282 ], [ 2.1282641, 41.3907266 ], [ 2.1281307, 41.3904753 ] ] } },
{ "type": "Feature", "properties": { "u": 1378950933, "v": 364820418, "key": 0, "osmid": [ 123269339, 123269340, 123269341 ], "oneway": true, "lanes": null, "name": null, "highway": "primary_link", "maxspeed": "50", "reversed": "False", "length": 233.788, "access": null, "junction": null, "ref": null, "width": null, "est_width": null, "tunnel": "yes", "bridge": null, "service": null }, "geometry": { "type": "LineString", "coordinates": [ [ 2.129347, 41.3922256 ], [ 2.1292873, 41.3922087 ], [ 2.1292477, 41.3921961 ], [ 2.129219, 41.3921895 ], [ 2.1291668, 41.3921773 ], [ 2.1291085, 41.3921584 ], [ 2.1290666, 41.3921368 ], [ 2.1290169, 41.3920975 ], [ 2.1289762, 41.3920494 ], [ 2.1289256, 41.3919864 ], [ 2.1288604, 41.3919055 ], [ 2.1287915, 41.3918203 ], [ 2.1287604, 41.391776 ], [ 2.128633, 41.3915873 ], [ 2.1284428, 41.391276 ], [ 2.1283229, 41.3910684 ], [ 2.128263, 41.3909585 ], [ 2.1282006, 41.3908397 ], [ 2.1280968, 41.390642 ], [ 2.1279826, 41.3904558 ] ] } },
{ "type": "Feature", "properties": { "u": 1378987659, "v": 1126035505, "key": 0, "osmid": [ 237695642, 1395710347 ], "oneway": true, "lanes": "2", "name": "Gran Via de Carles III", "highway": "primary_link", "maxspeed": "50", "reversed": "False", "length": 143.498, "access": null, "junction": null, "ref": null, "width": null, "est_width": null, "tunnel": null, "bridge": null, "service": null }, "geometry": { "type": "LineString", "coordinates": [ [ 2.128641, 41.3908207 ], [ 2.1286913, 41.3909035 ], [ 2.1287328, 41.3909745 ], [ 2.1288189, 41.3911105 ], [ 2.1288935, 41.3912425 ], [ 2.1289489, 41.3913225 ], [ 2.1289715, 41.3913572 ], [ 2.1290539, 41.3914836 ], [ 2.1291831, 41.3916835 ], [ 2.1292154, 41.3917439 ], [ 2.1293471, 41.3919966 ] ] } },
{ "type": "Feature", "properties": { "u": 1379023475, "v": 5720769812, "key": 0, "osmid": [ 1393167360, 1393167356, 208708606, 245676679 ], "oneway": true, "lanes": [ "6", "7" ], "name": "Plaça d'Espanya", "highway": "primary", "maxspeed": "50", "reversed": "False", "length": 51.01, "access": null, "junction": "circular", "ref": null, "width": "28", "est_width": null, "tunnel": null, "bridge": null, "service": null }, "geometry": { "type": "LineString", "coordinates": [ [ 2.1496463, 41.3752377 ], [ 2.1496064, 41.3752764 ], [ 2.1495683, 41.3753089 ], [ 2.1495358, 41.3753327 ], [ 2.1495085, 41.3753492 ], [ 2.149443, 41.3753847 ], [ 2.1493626, 41.3754157 ], [ 2.1493023, 41.3754326 ], [ 2.1492443, 41.3754462 ], [ 2.1491428, 41.3754561 ], [ 2.1491335, 41.3754564 ] ] } },
{ "type": "Feature", "properties": { "u": 1381852561, "v": 1116318736, "key": 0, "osmid": [ 237725953, 33800462, 124074929, 124074930, 1408689620, 320966457 ], "oneway": true, "lanes": [ "3", "2" ], "name": [ "Carrer de les Ciències", "Túnel de la Rovira" ], "highway": "primary", "maxspeed": [ "60", "50" ], "reversed": "False", "length": 1560.107, "access": null, "junction": null, "ref": null, "width": null, "est_width": null, "tunnel": "yes", "bridge": null, "service": null }, "geometry": { "type": "LineString", "coordinates": [ [ 2.1676202, 41.4127748 ], [ 2.1675227, 41.4128454 ], [ 2.1674497, 41.4129039 ], [ 2.1674204, 41.412928 ], [ 2.1673864, 41.4129603 ], [ 2.1673682, 41.4129776 ], [ 2.1672713, 41.4130695 ], [ 2.167108, 41.4132573 ], [ 2.166972, 41.4134119 ], [ 2.1668518, 41.4135447 ], [ 2.1667353, 41.413664 ], [ 2.1665974, 41.4137974 ], [ 2.1663173, 41.4141446 ], [ 2.1660715, 41.4144575 ], [ 2.1653498, 41.4153936 ], [ 2.1647045, 41.4162579 ], [ 2.1644736, 41.4165472 ], [ 2.1641533, 41.4169584 ], [ 2.1638144, 41.4173396 ], [ 2.1634798, 41.4176721 ], [ 2.1629216, 41.4181705 ], [ 2.1623276, 41.4186501 ], [ 2.1616967, 41.4191527 ], [ 2.1611788, 41.4196081 ], [ 2.1607511, 41.4200288 ], [ 2.1603721, 41.4204082 ], [ 2.1600073, 41.4208195 ], [ 2.1596425, 41.4212467 ], [ 2.1593131, 41.4216739 ], [ 2.1591129, 41.421961 ], [ 2.1589446, 41.422256 ], [ 2.1587681, 41.4226547 ], [ 2.1585456, 41.4232274 ], [ 2.1584573, 41.4235244 ], [ 2.1583958, 41.4237265 ], [ 2.1583921, 41.4237388 ], [ 2.1583785, 41.4237941 ], [ 2.1583711, 41.4238643 ], [ 2.1583675, 41.4239653 ], [ 2.1584093, 41.4241801 ], [ 2.1584923, 41.4244697 ], [ 2.1585099, 41.4245707 ], [ 2.1585143, 41.4246704 ] ] } },
{ "type": "Feature", "properties": { "u": 1381852561, "v": 402875797, "key": 0, "osmid": "134575587", "oneway": true, "lanes": "4", "name": "Ronda del Guinardó", "highway": "primary", "maxspeed": "50", "reversed": "False", "length": 65.667, "access": null, "junction": null, "ref": null, "width": null, "est_width": null, "tunnel": null, "bridge": null, "service": null }, "geometry": { "type": "LineString", "coordinates": [ [ 2.1676202, 41.4127748 ], [ 2.1675351, 41.4127925 ], [ 2.167461, 41.4128008 ], [ 2.1674008, 41.4128022 ], [ 2.1673294, 41.4127984 ], [ 2.1672617, 41.4127849 ], [ 2.1672535, 41.4127833 ], [ 2.1671593, 41.4127552 ], [ 2.1671166, 41.412738 ], [ 2.1670617, 41.4127105 ], [ 2.1670009, 41.4126758 ], [ 2.1669481, 41.4126399 ], [ 2.1669132, 41.4126127 ] ] } },
{ "type": "Feature", "properties": { "u": 1381852565, "v": 1381852561, "key": 0, "osmid": "295288876", "oneway": true, "lanes": "5", "name": "Ronda del Guinardó", "highway": "primary", "maxspeed": "50", "reversed": "False", "length": 21.404, "access": null, "junction": null, "ref": null, "width": null, "est_width": null, "tunnel": null, "bridge": null, "service": null }, "geometry": { "type": "LineString", "coordinates": [ [ 2.1678464, 41.4126841 ], [ 2.1677581, 41.4127158 ], [ 2.1676202, 41.4127748 ] ] } },
{ "type": "Feature", "properties": { "u": 1382873567, "v": 364991353, "key": 0, "osmid": "237549912", "oneway": true, "lanes": "5", "name": "Avinguda de Sarrià", "highway": "primary", "maxspeed": "30", "reversed": "False", "length": 31.122, "access": "yes", "junction": null, "ref": null, "width": "16", "est_width": null, "tunnel": null, "bridge": null, "service": null }, "geometry": { "type": "LineString", "coordinates": [ [ 2.1438377, 41.3904785 ], [ 2.1437791, 41.3904842 ], [ 2.1437373, 41.3904888 ], [ 2.1436518, 41.3904981 ], [ 2.1435771, 41.3905063 ], [ 2.1435231, 41.3905122 ], [ 2.1434684, 41.3905182 ] ] } },
{ "type": "Feature", "properties": { "u": 1400448338, "v": 1400448339, "key": 0, "osmid": "126302004", "oneway": true, "lanes": "3", "name": "Gran Via de les Corts Catalanes", "highway": "primary", "maxspeed": "50", "reversed": "False", "length": 24.162, "access": null, "junction": null, "ref": "C-31", "width": null, "est_width": null, "tunnel": null, "bridge": null, "service": null }, "geometry": { "type": "LineString", "coordinates": [ [ 2.1667365, 41.3882883 ], [ 2.1670115, 41.3883565 ] ] } },
{ "type": "Feature", "properties": { "u": 1400448338, "v": 301573130, "key": 0, "osmid": "126302005", "oneway": true, "lanes": "2", "name": "Gran Via de les Corts Catalanes", "highway": "primary", "maxspeed": "50", "reversed": "False", "length": 22.295, "access": null, "junction": null, "ref": "C-31", "width": null, "est_width": null, "tunnel": null, "bridge": null, "service": null }, "geometry": { "type": "LineString", "coordinates": [ [ 2.1667365, 41.3882883 ], [ 2.1667931, 41.3883707 ], [ 2.166859, 41.3884665 ] ] } },
{ "type": "Feature", "properties": { "u": 1400448339, "v": 559765964, "key": 0, "osmid": "1235264094", "oneway": true, "lanes": "3", "name": "Gran Via de les Corts Catalanes", "highway": "primary", "maxspeed": "50", "reversed": "False", "length": 18.269, "access": null, "junction": null, "ref": "C-31", "width": null, "est_width": null, "tunnel": null, "bridge": null, "service": null }, "geometry": { "type": "LineString", "coordinates": [ [ 2.1670115, 41.3883565 ], [ 2.167143, 41.3884367 ], [ 2.1671832, 41.3884584 ] ] } },
{ "type": "Feature", "properties": { "u": 1401568849, "v": 629756642, "key": 0, "osmid": [ 309189474, 1394468612, 18508805, 1408621609, 18508827 ], "oneway": true, "lanes": [ "1", "2" ], "name": null, "highway": "trunk_link", "maxspeed": "50", "reversed": "False", "length": 374.307, "access": null, "junction": null, "ref": "B-10", "width": null, "est_width": null, "tunnel": "yes", "bridge": null, "service": null }, "geometry": { "type": "LineString", "coordinates": [ [ 2.1744713, 41.3706645 ], [ 2.174319, 41.3705291 ], [ 2.1741972, 41.3703913 ], [ 2.1740781, 41.370222 ], [ 2.1740107, 41.3701131 ], [ 2.1739664, 41.3700318 ], [ 2.1738239, 41.3697689 ], [ 2.1736966, 41.3694487 ], [ 2.1736566, 41.3693194 ], [ 2.1736368, 41.3692263 ], [ 2.1736313, 41.3691669 ], [ 2.1736293, 41.3691118 ], [ 2.1736383, 41.3689773 ], [ 2.1736805, 41.3688098 ], [ 2.1737195, 41.3686271 ], [ 2.1737179, 41.3685195 ], [ 2.173702, 41.3684147 ], [ 2.1736661, 41.3683112 ], [ 2.1735323, 41.3680867 ], [ 2.1733869, 41.3678866 ], [ 2.1733056, 41.3677475 ], [ 2.1732887, 41.3676893 ], [ 2.1732934, 41.3676257 ], [ 2.1733352, 41.3675854 ], [ 2.1733857, 41.3675464 ] ] } },
{ "type": "Feature", "properties": { "u": 1401840772, "v": 190985756, "key": 0, "osmid": [ 126462835, 126462836, 126462837 ], "oneway": true, "lanes": "1", "name": null, "highway": "trunk_link", "maxspeed": null, "reversed": "False", "length": 342.308, "access": null, "junction": null, "ref": null, "width": null, "est_width": null, "tunnel": null, "bridge": "yes", "service": null }, "geometry": { "type": "LineString", "coordinates": [ [ 2.1895261, 41.3836531 ], [ 2.190061, 41.3838347 ], [ 2.1905842, 41.3840408 ], [ 2.190972, 41.384194 ], [ 2.1913209, 41.3842991 ], [ 2.191621, 41.3843753 ], [ 2.1919254, 41.3844641 ], [ 2.1920945, 41.3845328 ], [ 2.1922382, 41.3846153 ], [ 2.1923946, 41.3847326 ], [ 2.192675, 41.3849578 ], [ 2.192816, 41.3850656 ], [ 2.1930227, 41.385185 ] ] } },
{ "type": "Feature", "properties": { "u": 1401840772, "v": 1401840803, "key": 0, "osmid": [ 1394468620, 182069876, 1394468621 ], "oneway": true, "lanes": "2", "name": "Ronda Litoral", "highway": "trunk", "maxspeed": "80", "reversed": "False", "length": 403.768, "access": null, "junction": null, "ref": "B-10", "width": null, "est_width": null, "tunnel": null, "bridge": null, "service": null }, "geometry": { "type": "LineString", "coordinates": [ [ 2.1895261, 41.3836531 ], [ 2.1906751, 41.3841797 ], [ 2.1915422, 41.3845783 ], [ 2.1919842, 41.3848017 ], [ 2.1919965, 41.3848079 ], [ 2.1923597, 41.384992 ], [ 2.192762, 41.3852207 ], [ 2.1930374, 41.3853987 ], [ 2.1931603, 41.3854854 ], [ 2.1932833, 41.3855722 ], [ 2.1934864, 41.3857217 ] ] } },
{ "type": "Feature", "properties": { "u": 1401840803, "v": 347712613, "key": 0, "osmid": [ 1394468619, 1394468620, 18520976, 1394468626, 1394468627 ], "oneway": true, "lanes": "2", "name": "Ronda Litoral", "highway": "trunk", "maxspeed": "80", "reversed": "False", "length": 1003.184, "access": null, "junction": null, "ref": "B-10", "width": null, "est_width": null, "tunnel": "yes", "bridge": null, "service": null }, "geometry": { "type": "LineString", "coordinates": [ [ 2.1934864, 41.3857217 ], [ 2.1938829, 41.386009 ], [ 2.194022, 41.3861128 ], [ 2.1951093, 41.3869248 ], [ 2.2007906, 41.3911672 ], [ 2.2014997, 41.3917059 ], [ 2.2020047, 41.3920896 ] ] } },
{ "type": "Feature", "properties": { "u": 1401840805, "v": 1401857361, "key": 0, "osmid": "126464279", "oneway": true, "lanes": null, "name": null, "highway": "trunk_link", "maxspeed": "80", "reversed": "False", "length": 357.47, "access": null, "junction": null, "ref": null, "width": null, "est_width": null, "tunnel": null, "bridge": null, "service": null }, "geometry": { "type": "LineString", "coordinates": [ [ 2.1942285, 41.3867284 ], [ 2.1941459, 41.3866186 ], [ 2.1940627, 41.386508 ], [ 2.1939361, 41.3863552 ], [ 2.1937875, 41.3862251 ], [ 2.193515, 41.3860062 ], [ 2.1927751, 41.3854808 ], [ 2.192565, 41.3853372 ], [ 2.1923642, 41.385197 ], [ 2.1920595, 41.3850165 ], [ 2.191632, 41.3847956 ], [ 2.1915839, 41.3847707 ], [ 2.1911475, 41.3845358 ] ] } },
{ "type": "Feature", "properties": { "u": 1401857361, "v": 255861698, "key": 0, "osmid": [ 1394468618, 293858832, 18524314, 1338649084, 1408620381, 1300196926 ], "oneway": true, "lanes": "2", "name": "Ronda Litoral", "highway": "trunk", "maxspeed": [ "80", "60" ], "reversed": "False", "length": 1619.88, "access": null, "junction": null, "ref": "B-10", "width": null, "est_width": null, "tunnel": "yes", "bridge": null, "service": null }, "geometry": { "type": "LineString", "coordinates": [ [ 2.1911475, 41.3845358 ], [ 2.1903802, 41.3841686 ], [ 2.1899558, 41.3839655 ], [ 2.189226, 41.383636 ], [ 2.1889193, 41.3834926 ], [ 2.1884352, 41.3832717 ], [ 2.187368, 41.3827732 ], [ 2.1871524, 41.3826738 ], [ 2.1871314, 41.3826644 ], [ 2.1856883, 41.3820176 ], [ 2.1852304, 41.3818132 ], [ 2.1849058, 41.3816884 ], [ 2.1846196, 41.3815733 ], [ 2.1843614, 41.3814519 ], [ 2.1838201, 41.3812215 ], [ 2.1834542, 41.3810998 ], [ 2.1831402, 41.3810187 ], [ 2.1829471, 41.3809664 ], [ 2.1827715, 41.3809027 ], [ 2.1824989, 41.3807726 ], [ 2.1822476, 41.3806418 ], [ 2.1820855, 41.3805193 ], [ 2.181925, 41.3803601 ], [ 2.1814103, 41.3797108 ], [ 2.1792744, 41.3770965 ], [ 2.1790248, 41.3767821 ], [ 2.1787824, 41.3765219 ], [ 2.1785719, 41.3763122 ], [ 2.1784247, 41.376156 ], [ 2.17838, 41.376078 ], [ 2.1783211, 41.3759377 ], [ 2.1782591, 41.3757154 ], [ 2.178216, 41.3755161 ], [ 2.1781664, 41.3752348 ], [ 2.1781498, 41.3751287 ], [ 2.1781056, 41.3749608 ], [ 2.1780842, 41.3748861 ], [ 2.1780537, 41.3748114 ], [ 2.1779989, 41.3747027 ] ] } },
{ "type": "Feature", "properties": { "u": 1401857392, "v": 1401857363, "key": 0, "osmid": [ 126464280, 126464284 ], "oneway": true, "lanes": "1", "name": null, "highway": "trunk_link", "maxspeed": null, "reversed": "False", "length": 381.481, "access": null, "junction": null, "ref": null, "width": null, "est_width": null, "tunnel": "yes", "bridge": null, "service": null }, "geometry": { "type": "LineString", "coordinates": [ [ 2.194794, 41.3868484 ], [ 2.1942221, 41.3865411 ], [ 2.1936417, 41.3861953 ], [ 2.193127, 41.3858133 ], [ 2.1925883, 41.3854528 ], [ 2.1921774, 41.385211 ], [ 2.1917536, 41.3850059 ], [ 2.1911796, 41.3847681 ] ] } },
{ "type": "Feature", "properties": { "u": 1401857392, "v": 1401857361, "key": 0, "osmid": [ 1394468616, 18524489, 1394468617, 1394468622, 1394468624 ], "oneway": true, "lanes": "2", "name": "Ronda Litoral", "highway": "trunk", "maxspeed": "80", "reversed": "False", "length": 400.101, "access": null, "junction": null, "ref": "B-10", "width": null, "est_width": null, "tunnel": "yes", "bridge": null, "service": null }, "geometry": { "type": "LineString", "coordinates": [ [ 2.194794, 41.3868484 ], [ 2.1945264, 41.386648 ], [ 2.1937788, 41.3860879 ], [ 2.1928895, 41.385455 ], [ 2.1928767, 41.3854459 ], [ 2.1928438, 41.3854225 ], [ 2.19244, 41.3851635 ], [ 2.1922428, 41.3850464 ], [ 2.1919815, 41.3849144 ], [ 2.1916487, 41.384763 ], [ 2.1915555, 41.3847206 ], [ 2.1914094, 41.3846541 ], [ 2.1911475, 41.3845358 ] ] } },
{ "type": "Feature", "properties": { "u": 1479422496, "v": 412442631, "key": 0, "osmid": "35164211", "oneway": true, "lanes": "2", "name": "Ronda del Guinardó", "highway": "primary_link", "maxspeed": "50", "reversed": "False", "length": 39.199, "access": null, "junction": null, "ref": null, "width": null, "est_width": null, "tunnel": null, "bridge": null, "service": null }, "geometry": { "type": "LineString", "coordinates": [ [ 2.1650598, 41.4118676 ], [ 2.1650137, 41.4118764 ], [ 2.1647818, 41.4118724 ], [ 2.164644, 41.411882 ], [ 2.1645929, 41.4118897 ] ] } },
{ "type": "Feature", "properties": { "u": 1479422496, "v": 1479422555, "key": 0, "osmid": "910432399", "oneway": true, "lanes": "2", "name": "Ronda del Guinardó", "highway": "primary", "maxspeed": "50", "reversed": "False", "length": 34.197, "access": null, "junction": null, "ref": null, "width": null, "est_width": null, "tunnel": null, "bridge": null, "service": null }, "geometry": { "type": "LineString", "coordinates": [ [ 2.1650598, 41.4118676 ], [ 2.1650323, 41.4118628 ], [ 2.1649129, 41.4118494 ], [ 2.1648304, 41.4118408 ], [ 2.1647186, 41.4118366 ], [ 2.1646528, 41.4118388 ] ] } },
{ "type": "Feature", "properties": { "u": 1479422538, "v": 1381852561, "key": 0, "osmid": "177883863", "oneway": true, "lanes": "4", "name": "Ronda del Guinardó", "highway": "primary", "maxspeed": "50", "reversed": "False", "length": 71.961, "access": null, "junction": null, "ref": null, "width": null, "est_width": null, "tunnel": null, "bridge": null, "service": null }, "geometry": { "type": "LineString", "coordinates": [ [ 2.1672671, 41.4122153 ], [ 2.1673268, 41.4122546 ], [ 2.1673766, 41.4122906 ], [ 2.1674621, 41.4123715 ], [ 2.1675339, 41.4124609 ], [ 2.1675816, 41.4125361 ], [ 2.1676153, 41.4126136 ], [ 2.1676326, 41.4126805 ], [ 2.1676326, 41.4127261 ], [ 2.1676202, 41.4127748 ] ] } },
{ "type": "Feature", "properties": { "u": 1479422538, "v": 690803431, "key": 0, "osmid": [ 680989912, 543574886 ], "oneway": true, "lanes": "3", "name": "Ronda del Guinardó", "highway": "primary", "maxspeed": "50", "reversed": "False", "length": 84.459, "access": null, "junction": null, "ref": null, "width": null, "est_width": null, "tunnel": null, "bridge": null, "service": null }, "geometry": { "type": "LineString", "coordinates": [ [ 2.1672671, 41.4122153 ], [ 2.1674746, 41.4122734 ], [ 2.1677133, 41.4123566 ], [ 2.1679567, 41.4124394 ], [ 2.1680127, 41.4124594 ], [ 2.168191, 41.4125253 ] ] } },
{ "type": "Feature", "properties": { "u": 1479422555, "v": 3191418787, "key": 0, "osmid": [ 284412609, 35163890, 123326469 ], "oneway": true, "lanes": "2", "name": [ "Ronda del Guinardó", "Travessera de Dalt" ], "highway": "primary", "maxspeed": "50", "reversed": "False", "length": 650.703, "access": null, "junction": null, "ref": null, "width": null, "est_width": null, "tunnel": "yes", "bridge": null, "service": null }, "geometry": { "type": "LineString", "coordinates": [ [ 2.1646528, 41.4118388 ], [ 2.1645054, 41.4118528 ], [ 2.1644172, 41.4118648 ], [ 2.1643636, 41.4118724 ], [ 2.1643262, 41.4118778 ], [ 2.1642101, 41.4118961 ], [ 2.1641027, 41.4119217 ], [ 2.1640048, 41.4119473 ], [ 2.1635214, 41.4120988 ], [ 2.1625762, 41.4124106 ], [ 2.1623126, 41.4125081 ], [ 2.1620443, 41.4125729 ], [ 2.161767, 41.4125819 ], [ 2.1615542, 41.4125754 ], [ 2.1612553, 41.4125592 ], [ 2.1608237, 41.4125204 ], [ 2.1601588, 41.4124441 ], [ 2.1596823, 41.4123567 ], [ 2.1593568, 41.4122665 ], [ 2.1590344, 41.4121523 ], [ 2.1587261, 41.4119936 ], [ 2.1584529, 41.4118326 ], [ 2.158192, 41.4116658 ], [ 2.157629, 41.4113074 ], [ 2.1575449, 41.4112538 ] ] } },
{ "type": "Feature", "properties": { "u": 1479422584, "v": 1230701490, "key": 0, "osmid": "140001532", "oneway": true, "lanes": "1", "name": null, "highway": "trunk_link", "maxspeed": "80", "reversed": "False", "length": 275.819, "access": null, "junction": null, "ref": null, "width": null, "est_width": null, "tunnel": null, "bridge": null, "service": null }, "geometry": { "type": "LineString", "coordinates": [ [ 2.1570782, 41.4390256 ], [ 2.1577576, 41.4391843 ], [ 2.1584391, 41.4393044 ], [ 2.1596694, 41.4395206 ], [ 2.1602689, 41.4396741 ] ] } },
{ "type": "Feature", "properties": { "u": 1482182667, "v": 243586498, "key": 0, "osmid": [ 550454005, 512759845 ], "oneway": true, "lanes": "3", "name": "Ronda de Dalt", "highway": "trunk", "maxspeed": "80", "reversed": "False", "length": 797.381, "access": null, "junction": null, "ref": "B-20", "width": null, "est_width": null, "tunnel": "yes", "bridge": null, "service": null }, "geometry": { "type": "LineString", "coordinates": [ [ 2.1132507, 41.3989668 ], [ 2.1131212, 41.3985255 ], [ 2.1128479, 41.3980456 ], [ 2.1126065, 41.3977488 ], [ 2.1124675, 41.3975711 ], [ 2.1121099, 41.3970711 ], [ 2.1117789, 41.3966614 ], [ 2.1113242, 41.3962035 ], [ 2.1111134, 41.3959777 ], [ 2.1108546, 41.39568 ], [ 2.1107021, 41.3955049 ], [ 2.1102323, 41.3948172 ], [ 2.1099424, 41.3942568 ], [ 2.1095171, 41.3934319 ], [ 2.109465, 41.3933331 ], [ 2.1092322, 41.3928922 ], [ 2.1090684, 41.3925676 ] ] } },
{ "type": "Feature", "properties": { "u": 1496396360, "v": 1002675910, "key": 0, "osmid": "450020891", "oneway": true, "lanes": null, "name": "carrer de Vico", "highway": "primary_link", "maxspeed": "50", "reversed": "False", "length": 15.073, "access": null, "junction": null, "ref": null, "width": null, "est_width": null, "tunnel": null, "bridge": null, "service": null }, "geometry": { "type": "LineString", "coordinates": [ [ 2.1359116, 41.4010294 ], [ 2.1359755, 41.4009026 ] ] } },
{ "type": "Feature", "properties": { "u": 1496396360, "v": 126763513, "key": 0, "osmid": [ 237515358, 543586119 ], "oneway": true, "lanes": "3", "name": "Ronda del General Mitre", "highway": "primary", "maxspeed": "50", "reversed": "False", "length": 100.7, "access": null, "junction": null, "ref": null, "width": "7", "est_width": null, "tunnel": null, "bridge": null, "service": null }, "geometry": { "type": "LineString", "coordinates": [ [ 2.1359116, 41.4010294 ], [ 2.1357631, 41.4009063 ], [ 2.1357286, 41.4008777 ], [ 2.135201, 41.400423 ], [ 2.1351678, 41.4003944 ], [ 2.1351146, 41.4003492 ] ] } },
{ "type": "Feature", "properties": { "u": 1500032696, "v": 2510477873, "key": 0, "osmid": [ 1395746250, 905524540 ], "oneway": true, "lanes": "3", "name": "Carrer de Tarragona", "highway": "primary", "maxspeed": "50", "reversed": "False", "length": 108.424, "access": null, "junction": null, "ref": null, "width": "14", "est_width": null, "tunnel": null, "bridge": null, "service": null }, "geometry": { "type": "LineString", "coordinates": [ [ 2.1460663, 41.3779553 ], [ 2.1465372, 41.3776051 ], [ 2.1468644, 41.3773626 ], [ 2.1468927, 41.3773417 ], [ 2.1469894, 41.377269 ] ] } },
{ "type": "Feature", "properties": { "u": 1532752077, "v": 30248535, "key": 0, "osmid": "238380511", "oneway": true, "lanes": "3", "name": "Carrer d'Aragó", "highway": "primary", "maxspeed": "50", "reversed": "False", "length": 130.914, "access": "yes", "junction": null, "ref": null, "width": "11", "est_width": null, "tunnel": null, "bridge": null, "service": null }, "geometry": { "type": "LineString", "coordinates": [ [ 2.1482621, 41.3796744 ], [ 2.14808, 41.3795352 ], [ 2.1473709, 41.3789935 ], [ 2.1471627, 41.3788344 ] ] } },
{ "type": "Feature", "properties": { "u": 1532752078, "v": 1532752077, "key": 0, "osmid": "1112886312", "oneway": true, "lanes": "3", "name": "Carrer d'Aragó", "highway": "primary", "maxspeed": "50", "reversed": "False", "length": 134.079, "access": "yes", "junction": null, "ref": null, "width": "11", "est_width": null, "tunnel": null, "bridge": null, "service": null }, "geometry": { "type": "LineString", "coordinates": [ [ 2.1494024, 41.380524 ], [ 2.1491861, 41.3803667 ], [ 2.1485309, 41.3798758 ], [ 2.1485052, 41.3798566 ], [ 2.148308, 41.3797088 ], [ 2.1482621, 41.3796744 ] ] } },
{ "type": "Feature", "properties": { "u": 1532752080, "v": 10182331327, "key": 0, "osmid": "1408548654", "oneway": true, "lanes": "3", "name": "Carrer d'Aragó", "highway": "primary", "maxspeed": "50", "reversed": "False", "length": 120.561, "access": "yes", "junction": null, "ref": null, "width": "11", "est_width": null, "tunnel": null, "bridge": null, "service": null }, "geometry": { "type": "LineString", "coordinates": [ [ 2.1516973, 41.3822345 ], [ 2.1516487, 41.3821988 ], [ 2.1514661, 41.3820586 ], [ 2.1507903, 41.3815692 ], [ 2.1507618, 41.3815484 ], [ 2.1506638, 41.3814768 ] ] } },
{ "type": "Feature", "properties": { "u": 1532752081, "v": 1532752080, "key": 0, "osmid": [ 1408548656, 295124091 ], "oneway": true, "lanes": "3", "name": "Carrer d'Aragó", "highway": "primary", "maxspeed": "50", "reversed": "False", "length": 133.104, "access": "yes", "junction": null, "ref": null, "width": "11", "est_width": null, "tunnel": null, "bridge": null, "service": null }, "geometry": { "type": "LineString", "coordinates": [ [ 2.1528151, 41.3830884 ], [ 2.152613, 41.3829248 ], [ 2.1522054, 41.3826159 ], [ 2.1522007, 41.3826123 ], [ 2.1519193, 41.382399 ], [ 2.1519026, 41.3823861 ], [ 2.1516973, 41.3822345 ] ] } },
{ "type": "Feature", "properties": { "u": 1532752084, "v": 10182310913, "key": 0, "osmid": "1369695508", "oneway": true, "lanes": "3", "name": "Carrer d'Aragó", "highway": "primary", "maxspeed": "50", "reversed": "False", "length": 118.649, "access": "yes", "junction": null, "ref": null, "width": "11", "est_width": null, "tunnel": null, "bridge": null, "service": null }, "geometry": { "type": "LineString", "coordinates": [ [ 2.1550811, 41.3847914 ], [ 2.1550013, 41.3847288 ], [ 2.1548238, 41.3845966 ], [ 2.1541923, 41.3841221 ], [ 2.1541633, 41.3841024 ], [ 2.1540764, 41.3840363 ] ] } },
{ "type": "Feature", "properties": { "u": 1532752086, "v": 1532752084, "key": 0, "osmid": [ 1112886298, 1408548653 ], "oneway": true, "lanes": "3", "name": "Carrer d'Aragó", "highway": "primary", "maxspeed": "50", "reversed": "False", "length": 131.897, "access": "yes", "junction": null, "ref": null, "width": "11", "est_width": null, "tunnel": null, "bridge": null, "service": null }, "geometry": { "type": "LineString", "coordinates": [ [ 2.1561914, 41.3856358 ], [ 2.1560651, 41.3855402 ], [ 2.1555495, 41.385151 ], [ 2.155332, 41.3849867 ], [ 2.1553009, 41.3849618 ], [ 2.1550811, 41.3847914 ] ] } },
{ "type": "Feature", "properties": { "u": 1584415334, "v": 323191074, "key": 0, "osmid": "1395147160", "oneway": true, "lanes": "3", "name": "Via Augusta", "highway": "primary", "maxspeed": "50", "reversed": "False", "length": 21.114, "access": null, "junction": null, "ref": null, "width": "9", "est_width": null, "tunnel": null, "bridge": null, "service": null }, "geometry": { "type": "LineString", "coordinates": [ [ 2.1256354, 41.398553 ], [ 2.1254663, 41.3986943 ] ] } },
{ "type": "Feature", "properties": { "u": 1584415339, "v": 818710818, "key": 0, "osmid": "918357403", "oneway": true, "lanes": "1", "name": "Via Augusta", "highway": "primary_link", "maxspeed": "50", "reversed": "False", "length": 127.267, "access": null, "junction": null, "ref": null, "width": "6", "est_width": null, "tunnel": null, "bridge": null, "service": null }, "geometry": { "type": "LineString", "coordinates": [ [ 2.125365, 41.3987707 ], [ 2.1247781, 41.3992006 ], [ 2.1245386, 41.3994353 ], [ 2.1244616, 41.3994999 ], [ 2.1243381, 41.399614 ] ] } },
{ "type": "Feature", "properties": { "u": 1589583429, "v": 6842012554, "key": 0, "osmid": "145565048", "oneway": true, "lanes": "4", "name": "Carrer del Comte d'Urgell", "highway": "primary", "maxspeed": "50", "reversed": "False", "length": 134.965, "access": "yes", "junction": null, "ref": null, "width": "13", "est_width": null, "tunnel": null, "bridge": null, "service": null }, "geometry": { "type": "LineString", "coordinates": [ [ 2.1528111, 41.3865113 ], [ 2.1526201, 41.3866592 ], [ 2.1520813, 41.3870644 ], [ 2.1519413, 41.3871697 ], [ 2.1519144, 41.3871899 ], [ 2.1518908, 41.3872077 ], [ 2.1518344, 41.3872501 ], [ 2.1517829, 41.3872889 ], [ 2.1517351, 41.3873247 ], [ 2.1517097, 41.3873439 ], [ 2.1516843, 41.387363 ], [ 2.1516714, 41.3873727 ] ] } },
{ "type": "Feature", "properties": { "u": 1589583464, "v": 30313113, "key": 0, "osmid": "295263586", "oneway": true, "lanes": "3", "name": "Carrer del Comte d'Urgell", "highway": "primary", "maxspeed": "30", "reversed": "False", "length": 23.619, "access": "yes", "junction": null, "ref": null, "width": "13", "est_width": null, "tunnel": null, "bridge": null, "service": null }, "geometry": { "type": "LineString", "coordinates": [ [ 2.1484673, 41.3897639 ], [ 2.1481906, 41.3898089 ] ] } },
{ "type": "Feature", "properties": { "u": 1592978370, "v": 387127694, "key": 0, "osmid": "543581667", "oneway": true, "lanes": "2", "name": "Ronda del Guinardó", "highway": "primary", "maxspeed": "30", "reversed": "False", "length": 80.673, "access": null, "junction": null, "ref": null, "width": null, "est_width": null, "tunnel": null, "bridge": null, "service": null }, "geometry": { "type": "LineString", "coordinates": [ [ 2.1751815, 41.41734 ], [ 2.1750576, 41.4172324 ], [ 2.1746865, 41.4169094 ], [ 2.1746638, 41.4168897 ], [ 2.1745498, 41.4167905 ] ] } },
{ "type": "Feature", "properties": { "u": 1595524645, "v": 2188840521, "key": 0, "osmid": "209368254", "oneway": false, "lanes": "5", "name": "Via Augusta", "highway": "primary", "maxspeed": "50", "reversed": "True", "length": 9.205, "access": null, "junction": null, "ref": null, "width": "13", "est_width": null, "tunnel": null, "bridge": null, "service": null }, "geometry": { "type": "LineString", "coordinates": [ [ 2.1273869, 41.397797 ], [ 2.1274972, 41.3977943 ] ] } },
{ "type": "Feature", "properties": { "u": 1595524645, "v": 364719688, "key": 0, "osmid": "146278242", "oneway": true, "lanes": "1", "name": "Carrer dels Vergós", "highway": "primary_link", "maxspeed": "50", "reversed": "False", "length": 54.484, "access": null, "junction": null, "ref": null, "width": null, "est_width": null, "tunnel": null, "bridge": null, "service": null }, "geometry": { "type": "LineString", "coordinates": [ [ 2.1273869, 41.397797 ], [ 2.1275493, 41.3977138 ], [ 2.1275802, 41.3977002 ], [ 2.1276163, 41.3976724 ], [ 2.1276381, 41.3976544 ], [ 2.1276565, 41.3976343 ], [ 2.1276729, 41.3976003 ], [ 2.1276765, 41.3975678 ], [ 2.1276703, 41.3975286 ], [ 2.12766, 41.3974961 ], [ 2.1276434, 41.3974624 ], [ 2.1276118, 41.3974178 ] ] } },
{ "type": "Feature", "properties": { "u": 1595524645, "v": 1771982085, "key": 0, "osmid": [ 450200073, 450200074, 450200075, 208616309 ], "oneway": false, "lanes": "6", "name": "Via Augusta", "highway": "primary", "maxspeed": "50", "reversed": [ false, true ], "length": 99.251, "access": null, "junction": null, "ref": null, "width": [ "13", "15" ], "est_width": null, "tunnel": null, "bridge": null, "service": null }, "geometry": { "type": "LineString", "coordinates": [ [ 2.1273869, 41.397797 ], [ 2.1271909, 41.3978062 ], [ 2.1271149, 41.3978115 ], [ 2.127009, 41.3978278 ], [ 2.126883, 41.3978512 ], [ 2.1267425, 41.397888 ], [ 2.1266396, 41.3979162 ], [ 2.126518, 41.3979579 ], [ 2.1264253, 41.397991 ], [ 2.1262677, 41.398063 ] ] } },
{ "type": "Feature", "properties": { "u": 1603753674, "v": 30243342, "key": 0, "osmid": [ 956553452, 450131953, 450131954, 1393749275, 310529724 ], "oneway": true, "lanes": "3", "name": "Avinguda Meridiana", "highway": "primary", "maxspeed": "50", "reversed": "False", "length": 175.984, "access": null, "junction": null, "ref": null, "width": [ "9", "11" ], "est_width": null, "tunnel": null, "bridge": null, "service": null }, "geometry": { "type": "LineString", "coordinates": [ [ 2.1870111, 41.4088946 ], [ 2.187003, 41.4089871 ], [ 2.1869979, 41.4090396 ], [ 2.1869904, 41.4091112 ], [ 2.1869875, 41.4092487 ], [ 2.1869871, 41.4093952 ], [ 2.1869898, 41.4098938 ], [ 2.1869905, 41.4100336 ], [ 2.1869907, 41.4100677 ], [ 2.186993, 41.4101331 ], [ 2.1869914, 41.4101751 ], [ 2.1869925, 41.4102089 ], [ 2.1869952, 41.4102791 ], [ 2.1869955, 41.4103497 ], [ 2.1869951, 41.4104766 ] ] } },
{ "type": "Feature", "properties": { "u": 1613677369, "v": 1613677358, "key": 0, "osmid": "294670097", "oneway": true, "lanes": "1", "name": null, "highway": "trunk_link", "maxspeed": null, "reversed": "False", "length": 297.525, "access": null, "junction": null, "ref": null, "width": null, "est_width": null, "tunnel": null, "bridge": null, "service": null }, "geometry": { "type": "LineString", "coordinates": [ [ 2.115613, 41.3394361 ], [ 2.1158726, 41.3393156 ], [ 2.1160495, 41.3392078 ], [ 2.1161454, 41.3391055 ], [ 2.1162269, 41.3390067 ], [ 2.1163057, 41.338899 ], [ 2.1163581, 41.3387747 ], [ 2.1163985, 41.3386491 ], [ 2.1164057, 41.3385921 ], [ 2.1164076, 41.3385244 ], [ 2.1163997, 41.3384476 ], [ 2.1163661, 41.3383142 ], [ 2.1163458, 41.3382577 ], [ 2.1163209, 41.3382113 ], [ 2.116281, 41.338149 ], [ 2.1162362, 41.3380976 ], [ 2.1161784, 41.3380454 ], [ 2.1161096, 41.3379932 ], [ 2.1160171, 41.3379353 ], [ 2.1159108, 41.3378794 ], [ 2.1157611, 41.3378083 ], [ 2.1154342, 41.3376777 ], [ 2.1150526, 41.3375048 ] ] } },
{ "type": "Feature", "properties": { "u": 1613677369, "v": 1770738357, "key": 0, "osmid": [ 1394465000, 148268963, 554608805 ], "oneway": true, "lanes": [ "1", "2" ], "name": null, "highway": "trunk_link", "maxspeed": null, "reversed": "False", "length": 139.407, "access": null, "junction": null, "ref": null, "width": null, "est_width": null, "tunnel": null, "bridge": null, "service": null }, "geometry": { "type": "LineString", "coordinates": [ [ 2.115613, 41.3394361 ], [ 2.115783, 41.3393911 ], [ 2.1159516, 41.339346 ], [ 2.1161723, 41.3392548 ], [ 2.1163574, 41.3391239 ], [ 2.116499, 41.3389854 ], [ 2.1165782, 41.3388515 ], [ 2.1165813, 41.3388417 ], [ 2.1166168, 41.3387298 ], [ 2.1166206, 41.3385721 ] ] } },
{ "type": "Feature", "properties": { "u": 1613682425, "v": 4005942352, "key": 0, "osmid": [ 901719163, 148269444 ], "oneway": true, "lanes": null, "name": null, "highway": "trunk_link", "maxspeed": null, "reversed": "False", "length": 124.746, "access": null, "junction": null, "ref": null, "width": null, "est_width": null, "tunnel": null, "bridge": null, "service": null }, "geometry": { "type": "LineString", "coordinates": [ [ 2.1207391, 41.3401982 ], [ 2.1204581, 41.3401554 ], [ 2.1203589, 41.3401489 ], [ 2.1202468, 41.3401497 ], [ 2.120169, 41.3401598 ], [ 2.1200805, 41.3401799 ], [ 2.1200134, 41.3402021 ], [ 2.1199115, 41.3402423 ], [ 2.119879, 41.3402586 ], [ 2.1198037, 41.3403013 ], [ 2.1197396, 41.3403464 ], [ 2.1196936, 41.3404027 ], [ 2.1196547, 41.3404631 ], [ 2.1196212, 41.3405245 ], [ 2.1195957, 41.3405756 ], [ 2.119581, 41.3406318 ] ] } },
{ "type": "Feature", "properties": { "u": 1695282547, "v": 3889234274, "key": 0, "osmid": [ 1395730800, 542149426 ], "oneway": true, "lanes": "3", "name": "Avinguda dels Quinze", "highway": "primary", "maxspeed": "50", "reversed": "False", "length": 83.677, "access": null, "junction": null, "ref": null, "width": "9", "est_width": null, "tunnel": null, "bridge": null, "service": null }, "geometry": { "type": "LineString", "coordinates": [ [ 2.1757711, 41.4268369 ], [ 2.1757826, 41.4268126 ], [ 2.175931, 41.4264309 ], [ 2.1760552, 41.4261152 ] ] } },
{ "type": "Feature", "properties": { "u": 1695282575, "v": 6853738185, "key": 0, "osmid": [ 1395730803, 1395730804 ], "oneway": true, "lanes": "3", "name": "Avinguda dels Quinze", "highway": "primary", "maxspeed": "50", "reversed": "False", "length": 115.407, "access": null, "junction": null, "ref": null, "width": "9", "est_width": null, "tunnel": null, "bridge": null, "service": null }, "geometry": { "type": "LineString", "coordinates": [ [ 2.1749136, 41.4279427 ], [ 2.1749997, 41.4278538 ], [ 2.1752729, 41.4275598 ], [ 2.175472, 41.4273455 ], [ 2.1755682, 41.4272178 ], [ 2.1755863, 41.4271938 ], [ 2.1756229, 41.4271428 ], [ 2.1756604, 41.4270718 ] ] } },
{ "type": "Feature", "properties": { "u": 1695282664, "v": 494973581, "key": 0, "osmid": [ 157321752, 542968993 ], "oneway": true, "lanes": "3", "name": "Avinguda dels Quinze", "highway": "primary", "maxspeed": "50", "reversed": "False", "length": 87.701, "access": null, "junction": null, "ref": null, "width": "9", "est_width": null, "tunnel": null, "bridge": null, "service": null }, "geometry": { "type": "LineString", "coordinates": [ [ 2.1743665, 41.4297067 ], [ 2.1743648, 41.42948 ], [ 2.1743659, 41.4291571 ], [ 2.1743793, 41.4289182 ] ] } },
{ "type": "Feature", "properties": { "u": 1700930631, "v": 478875473, "key": 0, "osmid": "301808253", "oneway": true, "lanes": "3", "name": "Avinguda de Rio de Janeiro", "highway": "primary", "maxspeed": "50", "reversed": "False", "length": 99.929, "access": null, "junction": null, "ref": null, "width": null, "est_width": null, "tunnel": null, "bridge": null, "service": null }, "geometry": { "type": "LineString", "coordinates": [ [ 2.1793283, 41.4339946 ], [ 2.1794307, 41.4341317 ], [ 2.1794937, 41.4342324 ], [ 2.1795413, 41.4343098 ], [ 2.1795907, 41.4344325 ], [ 2.1796721, 41.4346346 ], [ 2.1796879, 41.4346738 ], [ 2.1797258, 41.4347991 ], [ 2.1797364, 41.4348346 ] ] } },
{ "type": "Feature", "properties": { "u": 1765565679, "v": 1002675944, "key": 0, "osmid": "287522314", "oneway": true, "lanes": null, "name": "Carrer de Bertran", "highway": "primary_link", "maxspeed": "50", "reversed": "False", "length": 17.806, "access": null, "junction": null, "ref": null, "width": null, "est_width": null, "tunnel": null, "bridge": null, "service": null }, "geometry": { "type": "LineString", "coordinates": [ [ 2.1415398, 41.4047873 ], [ 2.1417367, 41.4047254 ] ] } },
{ "type": "Feature", "properties": { "u": 1765565679, "v": 432467107, "key": 0, "osmid": [ 543586122, 287522315 ], "oneway": true, "lanes": "3", "name": "Ronda del General Mitre", "highway": "primary", "maxspeed": "50", "reversed": "False", "length": 83.22, "access": null, "junction": null, "ref": null, "width": null, "est_width": null, "tunnel": null, "bridge": null, "service": null }, "geometry": { "type": "LineString", "coordinates": [ [ 2.1415398, 41.4047873 ], [ 2.1414194, 41.4047447 ], [ 2.141109, 41.4046288 ], [ 2.1410312, 41.4046014 ], [ 2.1409779, 41.4045826 ], [ 2.1407527, 41.4044903 ], [ 2.1406505, 41.4044484 ] ] } },
{ "type": "Feature", "properties": { "u": 1771982085, "v": 12914037676, "key": 0, "osmid": "144967402", "oneway": true, "lanes": "3", "name": "Via Augusta", "highway": "primary", "maxspeed": "50", "reversed": "False", "length": 16.143, "access": null, "junction": null, "ref": null, "width": "9", "est_width": null, "tunnel": null, "bridge": null, "service": null }, "geometry": { "type": "LineString", "coordinates": [ [ 2.1262677, 41.398063 ], [ 2.1261626, 41.3981849 ] ] } },
{ "type": "Feature", "properties": { "u": 1771982085, "v": 1595524645, "key": 0, "osmid": [ 450200073, 450200074, 450200075, 208616309 ], "oneway": false, "lanes": "6", "name": "Via Augusta", "highway": "primary", "maxspeed": "50", "reversed": [ false, true ], "length": 99.251, "access": null, "junction": null, "ref": null, "width": [ "13", "15" ], "est_width": null, "tunnel": null, "bridge": null, "service": null }, "geometry": { "type": "LineString", "coordinates": [ [ 2.1262677, 41.398063 ], [ 2.1264253, 41.397991 ], [ 2.126518, 41.3979579 ], [ 2.1266396, 41.3979162 ], [ 2.1267425, 41.397888 ], [ 2.126883, 41.3978512 ], [ 2.127009, 41.3978278 ], [ 2.1271149, 41.3978115 ], [ 2.1271909, 41.3978062 ], [ 2.1273869, 41.397797 ] ] } },
{ "type": "Feature", "properties": { "u": 1771982095, "v": 568847323, "key": 0, "osmid": "537778389", "oneway": false, "lanes": "2", "name": "Carretera de Sarrià a Vallvidrera", "highway": "primary", "maxspeed": "30", "reversed": "False", "length": 11.37, "access": null, "junction": null, "ref": "BV-1462", "width": "7", "est_width": null, "tunnel": null, "bridge": null, "service": null }, "geometry": { "type": "LineString", "coordinates": [ [ 2.1172878, 41.404144 ], [ 2.1171797, 41.4042063 ] ] } },
{ "type": "Feature", "properties": { "u": 1771982095, "v": 324230925, "key": 0, "osmid": "417905758", "oneway": true, "lanes": "2", "name": "Carrer del General Vives", "highway": "primary", "maxspeed": "50", "reversed": "False", "length": 48.006, "access": null, "junction": null, "ref": null, "width": null, "est_width": null, "tunnel": null, "bridge": null, "service": null }, "geometry": { "type": "LineString", "coordinates": [ [ 2.1172878, 41.404144 ], [ 2.1173867, 41.4042334 ], [ 2.1174842, 41.4043149 ], [ 2.1175054, 41.4043326 ], [ 2.1175519, 41.4043535 ], [ 2.1176338, 41.4043854 ], [ 2.1177253, 41.4044084 ] ] } },
{ "type": "Feature", "properties": { "u": 1771982098, "v": 8127333287, "key": 0, "osmid": "208616307", "oneway": false, "lanes": "4", "name": "Via Augusta", "highway": "primary", "maxspeed": "50", "reversed": "False", "length": 21.095, "access": null, "junction": null, "ref": null, "width": "12", "est_width": null, "tunnel": null, "bridge": null, "service": null }, "geometry": { "type": "LineString", "coordinates": [ [ 2.1243163, 41.3994262 ], [ 2.1243007, 41.3994395 ], [ 2.1241498, 41.399569 ] ] } },
{ "type": "Feature", "properties": { "u": 1771982098, "v": 323191073, "key": 0, "osmid": [ 872779932, 67808853, 872779933 ], "oneway": false, "lanes": "5", "name": "Via Augusta", "highway": "primary", "maxspeed": "50", "reversed": "True", "length": 95.514, "access": null, "junction": null, "ref": null, "width": "15", "est_width": null, "tunnel": null, "bridge": null, "service": null }, "geometry": { "type": "LineString", "coordinates": [ [ 2.1243163, 41.3994262 ], [ 2.1243968, 41.3993684 ], [ 2.1246022, 41.3992202 ], [ 2.1250019, 41.3989319 ], [ 2.1251436, 41.3988323 ] ] } },
{ "type": "Feature", "properties": { "u": 1772026981, "v": 2955004628, "key": 0, "osmid": [ 210550075, 553609934 ], "oneway": true, "lanes": "2", "name": null, "highway": "trunk", "maxspeed": "50", "reversed": "False", "length": 165.867, "access": null, "junction": null, "ref": null, "width": null, "est_width": null, "tunnel": null, "bridge": null, "service": null }, "geometry": { "type": "LineString", "coordinates": [ [ 2.1890653, 41.4514529 ], [ 2.1890889, 41.4519496 ], [ 2.189094, 41.4527827 ], [ 2.1890887, 41.4529442 ] ] } },
{ "type": "Feature", "properties": { "u": 1840720973, "v": 364819031, "key": 0, "osmid": "862748474", "oneway": true, "lanes": "2", "name": "Avinguda Diagonal", "highway": "primary_link", "maxspeed": "50", "reversed": "False", "length": 118.055, "access": null, "junction": null, "ref": null, "width": null, "est_width": null, "tunnel": null, "bridge": null, "service": null }, "geometry": { "type": "LineString", "coordinates": [ [ 2.1307327, 41.3895598 ], [ 2.1305078, 41.3895019 ], [ 2.1298402, 41.3893344 ], [ 2.1293912, 41.3892218 ] ] } },
{ "type": "Feature", "properties": { "u": 1840721007, "v": 364829704, "key": 0, "osmid": "449751441", "oneway": true, "lanes": "4", "name": "Carrer de Numància", "highway": "primary_link", "maxspeed": "50", "reversed": "False", "length": 40.833, "access": null, "junction": null, "ref": null, "width": null, "est_width": null, "tunnel": null, "bridge": null, "service": null }, "geometry": { "type": "LineString", "coordinates": [ [ 2.132223, 41.3899369 ], [ 2.1323116, 41.3898482 ], [ 2.1323464, 41.3898134 ], [ 2.1323886, 41.3897711 ], [ 2.1324083, 41.3897511 ], [ 2.132517, 41.3896433 ] ] } },
{ "type": "Feature", "properties": { "u": 1840721007, "v": 1840720973, "key": 0, "osmid": "862748474", "oneway": true, "lanes": "2", "name": "Avinguda Diagonal", "highway": "primary_link", "maxspeed": "50", "reversed": "False", "length": 131.204, "access": null, "junction": null, "ref": null, "width": null, "est_width": null, "tunnel": null, "bridge": null, "service": null }, "geometry": { "type": "LineString", "coordinates": [ [ 2.132223, 41.3899369 ], [ 2.1320844, 41.3899018 ], [ 2.1307327, 41.3895598 ] ] } },
{ "type": "Feature", "properties": { "u": 1840721011, "v": 1378987659, "key": 0, "osmid": "237695642", "oneway": true, "lanes": "2", "name": "Gran Via de Carles III", "highway": "primary_link", "maxspeed": "50", "reversed": "False", "length": 104.337, "access": null, "junction": null, "ref": null, "width": null, "est_width": null, "tunnel": null, "bridge": null, "service": null }, "geometry": { "type": "LineString", "coordinates": [ [ 2.1282118, 41.3899408 ], [ 2.1282527, 41.3900448 ], [ 2.1282791, 41.3901257 ], [ 2.1283096, 41.3902035 ], [ 2.1283543, 41.3902965 ], [ 2.1284411, 41.3904587 ], [ 2.1285353, 41.390629 ], [ 2.1286004, 41.3907419 ], [ 2.128641, 41.3908207 ] ] } },
{ "type": "Feature", "properties": { "u": 1855128396, "v": 630602346, "key": 0, "osmid": [ 1395710343, 550280511 ], "oneway": true, "lanes": "3", "name": "Gran Via de Carles III", "highway": "primary_link", "maxspeed": "50", "reversed": "False", "length": 59.898, "access": "yes", "junction": null, "ref": null, "width": null, "est_width": null, "tunnel": null, "bridge": null, "service": null }, "geometry": { "type": "LineString", "coordinates": [ [ 2.1275558, 41.3848271 ], [ 2.1275426, 41.3848813 ], [ 2.1274578, 41.385231 ], [ 2.1274332, 41.3853578 ] ] } },
{ "type": "Feature", "properties": { "u": 1856466395, "v": 30314629, "key": 0, "osmid": [ 1395710338, 889299602, 34054324, 550280508, 550280509 ], "oneway": true, "lanes": [ "3", "2" ], "name": "Gran Via de Carles III", "highway": "primary_link", "maxspeed": "50", "reversed": "False", "length": 232.477, "access": null, "junction": null, "ref": null, "width": null, "est_width": null, "tunnel": null, "bridge": null, "service": null }, "geometry": { "type": "LineString", "coordinates": [ [ 2.1270875, 41.3877651 ], [ 2.1270689, 41.3876592 ], [ 2.1270566, 41.3875896 ], [ 2.1270518, 41.3875578 ], [ 2.1270357, 41.3874512 ], [ 2.1270263, 41.3873886 ], [ 2.1269919, 41.3871643 ], [ 2.1269742, 41.3870057 ], [ 2.1269646, 41.3868958 ], [ 2.1269517, 41.3867087 ], [ 2.126949, 41.3863927 ], [ 2.12695, 41.3863748 ], [ 2.1269639, 41.3859989 ], [ 2.1269905, 41.3856805 ] ] } },
{ "type": "Feature", "properties": { "u": 1856466545, "v": 2087204995, "key": 0, "osmid": [ 664147081, 243693829 ], "oneway": true, "lanes": "5", "name": "Plaça de la Reina Maria Cristina", "highway": "primary_link", "maxspeed": "50", "reversed": "False", "length": 20.385, "access": null, "junction": null, "ref": null, "width": null, "est_width": null, "tunnel": null, "bridge": null, "service": null }, "geometry": { "type": "LineString", "coordinates": [ [ 2.1282308, 41.3881412 ], [ 2.128251, 41.38817 ], [ 2.1282557, 41.3882204 ], [ 2.128251, 41.3882479 ], [ 2.128242, 41.3882723 ], [ 2.1282252, 41.3883178 ] ] } },
{ "type": "Feature", "properties": { "u": 1856466576, "v": 2509871324, "key": 0, "osmid": [ 1435643658, 294056749 ], "oneway": false, "lanes": "7", "name": "Avinguda Diagonal", "highway": "primary", "maxspeed": "50", "reversed": "True", "length": 98.649, "access": null, "junction": null, "ref": null, "width": "18", "est_width": null, "tunnel": null, "bridge": null, "service": null }, "geometry": { "type": "LineString", "coordinates": [ [ 2.12814, 41.3885322 ], [ 2.1279889, 41.3884938 ], [ 2.1274929, 41.3883679 ], [ 2.1272044, 41.3882946 ], [ 2.1270199, 41.3882478 ] ] } },
{ "type": "Feature", "properties": { "u": 1856466576, "v": 1856466592, "key": 0, "osmid": "542503078", "oneway": true, "lanes": "5", "name": "Plaça de la Reina Maria Cristina", "highway": "primary_link", "maxspeed": "50", "reversed": "False", "length": 39.286, "access": null, "junction": null, "ref": null, "width": null, "est_width": null, "tunnel": null, "bridge": null, "service": null }, "geometry": { "type": "LineString", "coordinates": [ [ 2.12814, 41.3885322 ], [ 2.1281168, 41.3885797 ], [ 2.1280763, 41.3886628 ], [ 2.1280638, 41.3886885 ], [ 2.1280391, 41.3887394 ], [ 2.1279869, 41.3888662 ] ] } },
{ "type": "Feature", "properties": { "u": 1856466576, "v": 364829704, "key": 0, "osmid": [ 544243184, 1391890993, 129169441, 544243183 ], "oneway": false, "lanes": "7", "name": "Avinguda Diagonal", "highway": "primary", "maxspeed": "50", "reversed": "False", "length": 385.476, "access": null, "junction": null, "ref": null, "width": "18", "est_width": null, "tunnel": null, "bridge": null, "service": null }, "geometry": { "type": "LineString", "coordinates": [ [ 2.12814, 41.3885322 ], [ 2.128276, 41.3885667 ], [ 2.1283688, 41.3885903 ], [ 2.1284285, 41.3886054 ], [ 2.1287272, 41.3886812 ], [ 2.1302799, 41.3890754 ], [ 2.1316822, 41.3894314 ], [ 2.1321633, 41.3895535 ], [ 2.1322161, 41.3895669 ], [ 2.1322731, 41.3895814 ], [ 2.132517, 41.3896433 ] ] } },
{ "type": "Feature", "properties": { "u": 1856466592, "v": 1856466645, "key": 0, "osmid": [ 560340488, 237695645, 237695646 ], "oneway": true, "lanes": "4", "name": "Plaça de la Reina Maria Cristina", "highway": "primary_link", "maxspeed": "50", "reversed": "False", "length": 55.972, "access": null, "junction": null, "ref": null, "width": null, "est_width": null, "tunnel": null, "bridge": null, "service": null }, "geometry": { "type": "LineString", "coordinates": [ [ 2.1279869, 41.3888662 ], [ 2.1278168, 41.3888933 ], [ 2.1277301, 41.3889 ], [ 2.1276718, 41.3889015 ], [ 2.1275959, 41.3888928 ], [ 2.1275746, 41.38889 ], [ 2.1275533, 41.3888871 ], [ 2.1274968, 41.3888796 ], [ 2.1273746, 41.3888582 ], [ 2.1273273, 41.3888497 ] ] } },
{ "type": "Feature", "properties": { "u": 1856466592, "v": 1856466753, "key": 0, "osmid": "526120223", "oneway": true, "lanes": "2", "name": "Gran Via de Carles III", "highway": "primary_link", "maxspeed": "50", "reversed": "False", "length": 26.201, "access": null, "junction": null, "ref": null, "width": null, "est_width": null, "tunnel": null, "bridge": null, "service": null }, "geometry": { "type": "LineString", "coordinates": [ [ 2.1279869, 41.3888662 ], [ 2.1279277, 41.3889953 ], [ 2.1279109, 41.3890936 ] ] } },
{ "type": "Feature", "properties": { "u": 1856466645, "v": 269386319, "key": 0, "osmid": "309254652", "oneway": true, "lanes": "4", "name": "Plaça de la Reina Maria Cristina", "highway": "primary_link", "maxspeed": "50", "reversed": "False", "length": 49.294, "access": null, "junction": null, "ref": null, "width": null, "est_width": null, "tunnel": null, "bridge": null, "service": null }, "geometry": { "type": "LineString", "coordinates": [ [ 2.1273273, 41.3888497 ], [ 2.1272092, 41.3888113 ], [ 2.127109, 41.3887705 ], [ 2.1270431, 41.3887298 ], [ 2.1269841, 41.3886896 ], [ 2.1269222, 41.388636 ], [ 2.1268727, 41.3885809 ] ] } },
{ "type": "Feature", "properties": { "u": 1856466753, "v": 1840721011, "key": 0, "osmid": [ 903087592, 903087593, 1395710346, 558302444, 543400541 ], "oneway": true, "lanes": [ "3", "2" ], "name": "Gran Via de Carles III", "highway": "primary_link", "maxspeed": "50", "reversed": "False", "length": 97.635, "access": null, "junction": null, "ref": null, "width": null, "est_width": null, "tunnel": null, "bridge": null, "service": null }, "geometry": { "type": "LineString", "coordinates": [ [ 2.1279109, 41.3890936 ], [ 2.1279171, 41.3891546 ], [ 2.1279564, 41.3892694 ], [ 2.127983, 41.3893439 ], [ 2.1280168, 41.3894437 ], [ 2.1280721, 41.3895877 ], [ 2.1281324, 41.3897531 ], [ 2.1282118, 41.3899408 ] ] } },
{ "type": "Feature", "properties": { "u": 1856466769, "v": 1856466753, "key": 0, "osmid": "175002103", "oneway": true, "lanes": null, "name": null, "highway": "primary_link", "maxspeed": "50", "reversed": "False", "length": 45.435, "access": null, "junction": null, "ref": null, "width": null, "est_width": null, "tunnel": null, "bridge": null, "service": null }, "geometry": { "type": "LineString", "coordinates": [ [ 2.1274964, 41.3891961 ], [ 2.1275051, 41.3891385 ], [ 2.1275142, 41.3891156 ], [ 2.1275267, 41.3890998 ], [ 2.1275443, 41.389089 ], [ 2.1275682, 41.3890806 ], [ 2.1276258, 41.3890626 ], [ 2.1276673, 41.3890554 ], [ 2.1277088, 41.3890507 ], [ 2.1277328, 41.3890507 ], [ 2.1277807, 41.3890507 ], [ 2.1278271, 41.3890602 ], [ 2.1278606, 41.3890722 ], [ 2.1279109, 41.3890936 ] ] } },
{ "type": "Feature", "properties": { "u": 1856466769, "v": 1856466645, "key": 0, "osmid": "237521110", "oneway": true, "lanes": "2", "name": "Gran Via de Carles III", "highway": "primary_link", "maxspeed": "50", "reversed": "False", "length": 41.511, "access": null, "junction": null, "ref": null, "width": null, "est_width": null, "tunnel": null, "bridge": null, "service": null }, "geometry": { "type": "LineString", "coordinates": [ [ 2.1274964, 41.3891961 ], [ 2.1274646, 41.3891378 ], [ 2.1274367, 41.389049 ], [ 2.1274275, 41.3890198 ], [ 2.1274198, 41.3889962 ], [ 2.1274022, 41.388946 ], [ 2.1273882, 41.388918 ], [ 2.127377, 41.3888976 ], [ 2.1273594, 41.3888772 ], [ 2.1273455, 41.3888637 ], [ 2.1273273, 41.3888497 ] ] } },
{ "type": "Feature", "properties": { "u": 2017294208, "v": 629306492, "key": 0, "osmid": "551983407", "oneway": true, "lanes": "3", "name": "Plaça de Botticelli", "highway": "primary", "maxspeed": "50", "reversed": "False", "length": 42.956, "access": null, "junction": "circular", "ref": null, "width": null, "est_width": null, "tunnel": null, "bridge": null, "service": null }, "geometry": { "type": "LineString", "coordinates": [ [ 2.152965, 41.4334076 ], [ 2.1529949, 41.4334582 ], [ 2.1530138, 41.433512 ], [ 2.1530183, 41.4335712 ], [ 2.1530021, 41.4336266 ], [ 2.1529718, 41.4336735 ], [ 2.1529436, 41.4337097 ], [ 2.1528889, 41.4337605 ] ] } },
{ "type": "Feature", "properties": { "u": 2059776287, "v": 4470467226, "key": 0, "osmid": [ 1393749283, 238179147, 920932688, 286881073, 450125619, 450125627 ], "oneway": true, "lanes": [ "4", "3" ], "name": "Avinguda Meridiana", "highway": "primary", "maxspeed": "50", "reversed": "False", "length": 233.645, "access": null, "junction": null, "ref": null, "width": [ "13", "10" ], "est_width": null, "tunnel": null, "bridge": null, "service": null }, "geometry": { "type": "LineString", "coordinates": [ [ 2.1829217, 41.431991 ], [ 2.1829789, 41.4321848 ], [ 2.1830326, 41.4323531 ], [ 2.183212, 41.4328996 ], [ 2.1833137, 41.4331916 ], [ 2.1833577, 41.4333179 ], [ 2.1835098, 41.4337494 ], [ 2.1835834, 41.4339583 ], [ 2.1835918, 41.4339828 ], [ 2.1836073, 41.4340282 ] ] } },
{ "type": "Feature", "properties": { "u": 2087204995, "v": 269384759, "key": 0, "osmid": "34054326", "oneway": true, "lanes": "3", "name": "Avinguda Diagonal", "highway": "primary_link", "maxspeed": "50", "reversed": "False", "length": 149.757, "access": null, "junction": null, "ref": null, "width": null, "est_width": null, "tunnel": null, "bridge": null, "service": null }, "geometry": { "type": "LineString", "coordinates": [ [ 2.1282252, 41.3883178 ], [ 2.128368, 41.3883534 ], [ 2.1284545, 41.388375 ], [ 2.1288838, 41.3884823 ], [ 2.1299258, 41.3887491 ] ] } },
{ "type": "Feature", "properties": { "u": 2087204995, "v": 1856466576, "key": 0, "osmid": "662031115", "oneway": true, "lanes": "5", "name": "Plaça de la Reina Maria Cristina", "highway": "primary_link", "maxspeed": "50", "reversed": "False", "length": 24.878, "access": null, "junction": null, "ref": null, "width": null, "est_width": null, "tunnel": null, "bridge": null, "service": null }, "geometry": { "type": "LineString", "coordinates": [ [ 2.1282252, 41.3883178 ], [ 2.1281989, 41.3883816 ], [ 2.128193, 41.3883958 ], [ 2.1281879, 41.388409 ], [ 2.12814, 41.3885322 ] ] } },
{ "type": "Feature", "properties": { "u": 2087205005, "v": 2087205007, "key": 0, "osmid": "450020881", "oneway": true, "lanes": "4", "name": "Carrer de Ganduxer", "highway": "primary_link", "maxspeed": "50", "reversed": "False", "length": 13.071, "access": null, "junction": null, "ref": null, "width": null, "est_width": null, "tunnel": null, "bridge": null, "service": null }, "geometry": { "type": "LineString", "coordinates": [ [ 2.1342038, 41.3993037 ], [ 2.1341252, 41.3994054 ] ] } },
{ "type": "Feature", "properties": { "u": 2087205005, "v": 3191418779, "key": 0, "osmid": "237506959", "oneway": true, "lanes": "3", "name": "Ronda del General Mitre", "highway": "primary", "maxspeed": "50", "reversed": "False", "length": 90.197, "access": null, "junction": null, "ref": null, "width": "7", "est_width": null, "tunnel": null, "bridge": null, "service": null }, "geometry": { "type": "LineString", "coordinates": [ [ 2.1342038, 41.3993037 ], [ 2.134368, 41.3994542 ], [ 2.1347955, 41.3998799 ], [ 2.134865, 41.3999454 ] ] } },
{ "type": "Feature", "properties": { "u": 2087205007, "v": 330414541, "key": 0, "osmid": [ 543748721, 294056755 ], "oneway": true, "lanes": "3", "name": "Ronda del General Mitre", "highway": "primary", "maxspeed": "50", "reversed": "False", "length": 147.111, "access": null, "junction": null, "ref": null, "width": null, "est_width": null, "tunnel": null, "bridge": null, "service": null }, "geometry": { "type": "LineString", "coordinates": [ [ 2.1341252, 41.3994054 ], [ 2.1340828, 41.399364 ], [ 2.1339497, 41.399227 ], [ 2.1336565, 41.3988919 ], [ 2.1335103, 41.39873 ], [ 2.133284, 41.3984795 ], [ 2.1332572, 41.3984498 ], [ 2.1332337, 41.3984238 ], [ 2.1331328, 41.398312 ] ] } },
{ "type": "Feature", "properties": { "u": 2087900206, "v": 9632863111, "key": 0, "osmid": "198687818", "oneway": false, "lanes": "2", "name": "Carril BUS-VAO", "highway": "trunk", "maxspeed": "80", "reversed": "True", "length": 484.053, "access": "designated", "junction": null, "ref": "C-58cc", "width": null, "est_width": null, "tunnel": null, "bridge": null, "service": null }, "geometry": { "type": "LineString", "coordinates": [ [ 2.1882029, 41.4561739 ], [ 2.188139, 41.4562893 ], [ 2.1880478, 41.4564315 ], [ 2.1879455, 41.4565776 ], [ 2.1878204, 41.4567358 ], [ 2.1876623, 41.4569094 ], [ 2.1874842, 41.4570864 ], [ 2.1872941, 41.4572548 ], [ 2.1870822, 41.4574251 ], [ 2.1868855, 41.4575733 ], [ 2.1866754, 41.457719 ], [ 2.1864714, 41.4578582 ], [ 2.1861535, 41.4580581 ], [ 2.1857439, 41.4583123 ], [ 2.1854169, 41.4585179 ], [ 2.1850292, 41.4587639 ], [ 2.1845823, 41.4590536 ], [ 2.1842297, 41.4592876 ] ] } },
{ "type": "Feature", "properties": { "u": 2087900206, "v": 316877744, "key": 0, "osmid": [ 920420096, 313874333, 364431271 ], "oneway": true, "lanes": [ "1", "2" ], "name": "Carril BUS-VAO", "highway": [ "trunk", "trunk_link" ], "maxspeed": [ "80", "50" ], "reversed": "False", "length": 767.72, "access": [ "designated", "no" ], "junction": null, "ref": "C-58cc", "width": null, "est_width": null, "tunnel": null, "bridge": null, "service": null }, "geometry": { "type": "LineString", "coordinates": [ [ 2.1882029, 41.4561739 ], [ 2.1884259, 41.4556007 ], [ 2.188507, 41.4553832 ], [ 2.1885488, 41.4552596 ], [ 2.1886031, 41.4550933 ], [ 2.1886694, 41.4548579 ], [ 2.1887168, 41.4546645 ], [ 2.188761, 41.4544587 ], [ 2.1888157, 41.4541513 ], [ 2.1888498, 41.4538429 ], [ 2.1888941, 41.4535066 ], [ 2.1889055, 41.4533971 ], [ 2.1889118, 41.4531731 ], [ 2.1889072, 41.45262 ], [ 2.1888865, 41.4520365 ], [ 2.1888455, 41.4514688 ], [ 2.1887821, 41.4506875 ], [ 2.1887022, 41.4502487 ], [ 2.1885662, 41.4497496 ], [ 2.1885225, 41.4496044 ], [ 2.1885157, 41.4495879 ], [ 2.1884825, 41.4495475 ], [ 2.1883493, 41.4493839 ] ] } },
{ "type": "Feature", "properties": { "u": 2119991183, "v": 317926487, "key": 0, "osmid": "29379563", "oneway": true, "lanes": "2", "name": null, "highway": "trunk_link", "maxspeed": "60", "reversed": "False", "length": 306.096, "access": null, "junction": null, "ref": null, "width": null, "est_width": null, "tunnel": null, "bridge": null, "service": null }, "geometry": { "type": "LineString", "coordinates": [ [ 2.1948563, 41.4525633 ], [ 2.194858, 41.4523272 ], [ 2.1948685, 41.4521812 ], [ 2.194908, 41.4518805 ], [ 2.1949387, 41.4516537 ], [ 2.194943, 41.4515474 ], [ 2.1949403, 41.4514382 ], [ 2.1949202, 41.4513324 ], [ 2.1948818, 41.4512186 ], [ 2.1948388, 41.4511323 ], [ 2.1947722, 41.4510306 ], [ 2.1946989, 41.4509424 ], [ 2.194621, 41.4508624 ], [ 2.1945257, 41.4507774 ], [ 2.1943365, 41.4506231 ], [ 2.1941409, 41.4504555 ], [ 2.1940529, 41.4503739 ], [ 2.1939688, 41.4502901 ], [ 2.193838, 41.450072 ] ] } },
{ "type": "Feature", "properties": { "u": 2119991192, "v": 2119991183, "key": 0, "osmid": "202014192", "oneway": true, "lanes": null, "name": null, "highway": "trunk_link", "maxspeed": null, "reversed": "False", "length": 176.43, "access": null, "junction": null, "ref": null, "width": null, "est_width": null, "tunnel": null, "bridge": null, "service": null }, "geometry": { "type": "LineString", "coordinates": [ [ 2.1941277, 41.4540186 ], [ 2.1943148, 41.4538449 ], [ 2.1944212, 41.4537285 ], [ 2.1944956, 41.4536185 ], [ 2.1945914, 41.4534782 ], [ 2.1946637, 41.4533538 ], [ 2.1947071, 41.4532628 ], [ 2.1947363, 41.4531833 ], [ 2.1947601, 41.453087 ], [ 2.1947756, 41.4530185 ], [ 2.1948563, 41.4525633 ] ] } },
{ "type": "Feature", "properties": { "u": 2126571874, "v": 1856466395, "key": 0, "osmid": [ 175002097, 542503070 ], "oneway": true, "lanes": "3", "name": "Gran Via de Carles III", "highway": "primary_link", "maxspeed": "50", "reversed": "False", "length": 29.693, "access": null, "junction": null, "ref": null, "width": null, "est_width": null, "tunnel": null, "bridge": null, "service": null }, "geometry": { "type": "LineString", "coordinates": [ [ 2.1271071, 41.3880315 ], [ 2.1271088, 41.3879884 ], [ 2.1271062, 41.3879338 ], [ 2.1271009, 41.3878876 ], [ 2.1270875, 41.3877651 ] ] } },
{ "type": "Feature", "properties": { "u": 2126571874, "v": 390227126, "key": 0, "osmid": [ 295288873, 175002110 ], "oneway": true, "lanes": "3", "name": "Plaça de la Reina Maria Cristina", "highway": "primary_link", "maxspeed": "50", "reversed": "False", "length": 41.866, "access": null, "junction": null, "ref": null, "width": null, "est_width": null, "tunnel": null, "bridge": null, "service": null }, "geometry": { "type": "LineString", "coordinates": [ [ 2.1271071, 41.3880315 ], [ 2.1271901, 41.3879782 ], [ 2.1272236, 41.3879662 ], [ 2.1273019, 41.3879554 ], [ 2.1273466, 41.3879507 ], [ 2.1273882, 41.3879471 ], [ 2.1274377, 41.3879483 ], [ 2.1274872, 41.3879507 ], [ 2.1275754, 41.387963 ] ] } },
{ "type": "Feature", "properties": { "u": 2126571874, "v": 2087204995, "key": 0, "osmid": "237521122", "oneway": true, "lanes": "3", "name": "Avinguda Diagonal (lateral mar)", "highway": "primary_link", "maxspeed": "50", "reversed": "False", "length": 98.559, "access": null, "junction": null, "ref": null, "width": null, "est_width": null, "tunnel": null, "bridge": null, "service": null }, "geometry": { "type": "LineString", "coordinates": [ [ 2.1271071, 41.3880315 ], [ 2.1280719, 41.3882786 ], [ 2.1282252, 41.3883178 ] ] } },
{ "type": "Feature", "properties": { "u": 2188840521, "v": 1595524645, "key": 0, "osmid": "209368254", "oneway": false, "lanes": "5", "name": "Via Augusta", "highway": "primary", "maxspeed": "50", "reversed": "False", "length": 9.205, "access": null, "junction": null, "ref": null, "width": "13", "est_width": null, "tunnel": null, "bridge": null, "service": null }, "geometry": { "type": "LineString", "coordinates": [ [ 2.1274972, 41.3977943 ], [ 2.1273869, 41.397797 ] ] } },
{ "type": "Feature", "properties": { "u": 2188840521, "v": 7223673629, "key": 0, "osmid": "1355505720", "oneway": false, "lanes": "5", "name": "Via Augusta", "highway": "primary", "maxspeed": "50", "reversed": "True", "length": 34.585, "access": null, "junction": null, "ref": null, "width": "13", "est_width": null, "tunnel": null, "bridge": null, "service": null }, "geometry": { "type": "LineString", "coordinates": [ [ 2.1274972, 41.3977943 ], [ 2.1277023, 41.3977895 ], [ 2.1278349, 41.3977828 ], [ 2.1278673, 41.3977812 ], [ 2.1279113, 41.3977793 ] ] } },
{ "type": "Feature", "properties": { "u": 2269130838, "v": 250794418, "key": 0, "osmid": "217617443", "oneway": true, "lanes": "1", "name": "Gran Via de les Corts Catalanes", "highway": "primary", "maxspeed": "50", "reversed": "False", "length": 92.043, "access": null, "junction": null, "ref": "C-31", "width": null, "est_width": null, "tunnel": null, "bridge": null, "service": null }, "geometry": { "type": "LineString", "coordinates": [ [ 2.1757333, 41.3953631 ], [ 2.1759218, 41.3953937 ], [ 2.1760581, 41.395428 ], [ 2.1761834, 41.3954686 ], [ 2.1761997, 41.3954749 ], [ 2.1762194, 41.3954817 ], [ 2.1763437, 41.3955354 ], [ 2.1764116, 41.3955721 ], [ 2.1764638, 41.3956152 ], [ 2.1765399, 41.3956745 ], [ 2.1766072, 41.3957126 ], [ 2.1766935, 41.3957354 ] ] } },
{ "type": "Feature", "properties": { "u": 2283215312, "v": 603995037, "key": 0, "osmid": [ 81524923, 1408689615 ], "oneway": true, "lanes": "2", "name": "Avinguda de l'Estatut de Catalunya", "highway": "primary", "maxspeed": "30", "reversed": "False", "length": 106.911, "access": "yes", "junction": null, "ref": null, "width": null, "est_width": null, "tunnel": null, "bridge": null, "service": null }, "geometry": { "type": "LineString", "coordinates": [ [ 2.1533023, 41.4368165 ], [ 2.1532456, 41.436858 ], [ 2.153152, 41.4369234 ], [ 2.1531427, 41.436929 ], [ 2.1526937, 41.4371968 ], [ 2.1525589, 41.4372953 ], [ 2.152448, 41.437401 ], [ 2.152383, 41.4374784 ] ] } },
{ "type": "Feature", "properties": { "u": 2292981087, "v": 1350812728, "key": 0, "osmid": "263405136", "oneway": true, "lanes": "5", "name": "Carrer d'Aragó", "highway": "primary", "maxspeed": "50", "reversed": "False", "length": 131.713, "access": "yes", "junction": null, "ref": null, "width": "14", "est_width": null, "tunnel": null, "bridge": null, "service": null }, "geometry": { "type": "LineString", "coordinates": [ [ 2.1822277, 41.4051937 ], [ 2.1821823, 41.4051595 ], [ 2.1820294, 41.4050437 ], [ 2.1818534, 41.4049072 ], [ 2.181353, 41.404543 ], [ 2.1813166, 41.4045153 ], [ 2.1811611, 41.4043946 ], [ 2.1811111, 41.4043562 ] ] } },
{ "type": "Feature", "properties": { "u": 2293731592, "v": 2293736615, "key": 0, "osmid": "723488716", "oneway": true, "lanes": "3", "name": "Avinguda Meridiana", "highway": "primary", "maxspeed": "50", "reversed": "False", "length": 32.571, "access": "yes", "junction": null, "ref": null, "width": "12", "est_width": null, "tunnel": null, "bridge": null, "service": null }, "geometry": { "type": "LineString", "coordinates": [ [ 2.1869953, 41.4118692 ], [ 2.1869956, 41.4118864 ], [ 2.1869963, 41.4119377 ], [ 2.1869974, 41.4120415 ], [ 2.1869962, 41.4121188 ], [ 2.1869962, 41.4121621 ] ] } },
{ "type": "Feature", "properties": { "u": 2293731594, "v": 1147391517, "key": 0, "osmid": [ 493133630, 220245631 ], "oneway": true, "lanes": "3", "name": "Avinguda Meridiana", "highway": "primary", "maxspeed": "50", "reversed": "False", "length": 192.036, "access": "yes", "junction": null, "ref": null, "width": "12", "est_width": null, "tunnel": null, "bridge": null, "service": null }, "geometry": { "type": "LineString", "coordinates": [ [ 2.1867903, 41.4120011 ], [ 2.1867888, 41.4119625 ], [ 2.1867836, 41.4118436 ], [ 2.1867823, 41.4118114 ], [ 2.1867708, 41.411227 ], [ 2.1867706, 41.4112193 ], [ 2.1867692, 41.4111483 ], [ 2.1867613, 41.4108389 ], [ 2.1867668, 41.4106071 ], [ 2.1867631, 41.4105327 ], [ 2.1867656, 41.4103671 ], [ 2.1867653, 41.4102744 ] ] } },
{ "type": "Feature", "properties": { "u": 2293731604, "v": 4922624387, "key": 0, "osmid": [ 723488713, 1393749277 ], "oneway": true, "lanes": "3", "name": "Avinguda Meridiana", "highway": "primary", "maxspeed": "50", "reversed": "False", "length": 56.966, "access": "yes", "junction": null, "ref": null, "width": "12", "est_width": null, "tunnel": null, "bridge": null, "service": null }, "geometry": { "type": "LineString", "coordinates": [ [ 2.1870025, 41.4133713 ], [ 2.1870036, 41.4135065 ], [ 2.1870057, 41.413783 ], [ 2.1870061, 41.4138836 ] ] } },
{ "type": "Feature", "properties": { "u": 2293731616, "v": 2760236004, "key": 0, "osmid": "649071820", "oneway": true, "lanes": "3", "name": "Avinguda Meridiana", "highway": "primary", "maxspeed": "50", "reversed": "False", "length": 105.772, "access": "yes", "junction": null, "ref": null, "width": "12", "est_width": null, "tunnel": null, "bridge": null, "service": null }, "geometry": { "type": "LineString", "coordinates": [ [ 2.1867971, 41.4153554 ], [ 2.1867949, 41.4151278 ], [ 2.1867948, 41.4150688 ], [ 2.186789, 41.4144042 ] ] } },
{ "type": "Feature", "properties": { "u": 2293731618, "v": 6993867323, "key": 0, "osmid": [ 544407195, 251749484 ], "oneway": true, "lanes": "3", "name": "Avinguda Meridiana", "highway": "primary", "maxspeed": "50", "reversed": "False", "length": 196.728, "access": "yes", "junction": null, "ref": null, "width": "12", "est_width": null, "tunnel": null, "bridge": null, "service": null }, "geometry": { "type": "LineString", "coordinates": [ [ 2.1870149, 41.4157394 ], [ 2.1870123, 41.416257 ], [ 2.1870123, 41.4162822 ], [ 2.1870176, 41.4168083 ], [ 2.187029, 41.4169944 ], [ 2.1870324, 41.4170452 ], [ 2.1870352, 41.417088 ], [ 2.1870452, 41.4171483 ], [ 2.1870775, 41.417507 ] ] } },
{ "type": "Feature", "properties": { "u": 2293731643, "v": 2293731616, "key": 0, "osmid": "251749483", "oneway": true, "lanes": "3", "name": "Avinguda Meridiana", "highway": "primary", "maxspeed": "50", "reversed": "False", "length": 181.961, "access": "yes", "junction": null, "ref": null, "width": "12", "est_width": null, "tunnel": null, "bridge": null, "service": null }, "geometry": { "type": "LineString", "coordinates": [ [ 2.1867951, 41.4169917 ], [ 2.1868019, 41.4168591 ], [ 2.1868018, 41.4162575 ], [ 2.1867975, 41.4156806 ], [ 2.1867974, 41.4156671 ], [ 2.186797, 41.4156159 ], [ 2.1867988, 41.4155156 ], [ 2.1867971, 41.4153554 ] ] } },
{ "type": "Feature", "properties": { "u": 2293731650, "v": 11725085710, "key": 0, "osmid": "1123650301", "oneway": true, "lanes": "3", "name": "Avinguda Meridiana", "highway": "primary", "maxspeed": "50", "reversed": "False", "length": 69.311, "access": "yes", "junction": null, "ref": null, "width": "12", "est_width": null, "tunnel": null, "bridge": null, "service": null }, "geometry": { "type": "LineString", "coordinates": [ [ 2.1870389, 41.4185677 ], [ 2.1870248, 41.4188539 ], [ 2.1870226, 41.4188984 ], [ 2.1870282, 41.4190711 ], [ 2.187024, 41.4191907 ] ] } },
{ "type": "Feature", "properties": { "u": 2293731652, "v": 2293731643, "key": 0, "osmid": "251749483", "oneway": true, "lanes": "3", "name": "Avinguda Meridiana", "highway": "primary", "maxspeed": "50", "reversed": "False", "length": 195.392, "access": "yes", "junction": null, "ref": null, "width": "12", "est_width": null, "tunnel": null, "bridge": null, "service": null }, "geometry": { "type": "LineString", "coordinates": [ [ 2.1868117, 41.4187474 ], [ 2.1867971, 41.4185549 ], [ 2.1867952, 41.4185398 ], [ 2.1867689, 41.41808 ], [ 2.1867645, 41.4178775 ], [ 2.1867614, 41.4177379 ], [ 2.1867646, 41.4175323 ], [ 2.1867648, 41.4174323 ], [ 2.186766, 41.4174065 ], [ 2.1867702, 41.4172994 ], [ 2.1867831, 41.417145 ], [ 2.186788, 41.4170869 ], [ 2.1867951, 41.4169917 ] ] } },
{ "type": "Feature", "properties": { "u": 2293731652, "v": 2293731650, "key": 0, "osmid": "450130966", "oneway": true, "lanes": null, "name": "Carrer d'Espronceda", "highway": "primary_link", "maxspeed": "50", "reversed": "False", "length": 27.539, "access": null, "junction": null, "ref": null, "width": null, "est_width": null, "tunnel": null, "bridge": null, "service": null }, "geometry": { "type": "LineString", "coordinates": [ [ 2.1868117, 41.4187474 ], [ 2.1868845, 41.4186923 ], [ 2.1869607, 41.4186302 ], [ 2.1870389, 41.4185677 ] ] } },
{ "type": "Feature", "properties": { "u": 2293731658, "v": 2293731665, "key": 0, "osmid": "392128444", "oneway": true, "lanes": "3", "name": "Avinguda Meridiana", "highway": "primary", "maxspeed": "50", "reversed": "False", "length": 30.394, "access": "yes", "junction": null, "ref": null, "width": "12", "est_width": null, "tunnel": null, "bridge": null, "service": null }, "geometry": { "type": "LineString", "coordinates": [ [ 2.187027, 41.4203127 ], [ 2.1870154, 41.4205859 ] ] } },
{ "type": "Feature", "properties": { "u": 2293731658, "v": 4436952954, "key": 0, "osmid": "392128445", "oneway": true, "lanes": "3", "name": "Carrer de Felip II", "highway": "primary_link", "maxspeed": "50", "reversed": "False", "length": 22.15, "access": null, "junction": null, "ref": null, "width": null, "est_width": null, "tunnel": null, "bridge": null, "service": null }, "geometry": { "type": "LineString", "coordinates": [ [ 2.187027, 41.4203127 ], [ 2.1869225, 41.4203962 ], [ 2.1868411, 41.4204549 ] ] } },
{ "type": "Feature", "properties": { "u": 2293731665, "v": 2293731677, "key": 0, "osmid": [ 1393749281, 286852316, 392128444, 1347120983 ], "oneway": true, "lanes": "3", "name": "Avinguda Meridiana", "highway": "primary", "maxspeed": "50", "reversed": "False", "length": 257.265, "access": "yes", "junction": null, "ref": null, "width": "12", "est_width": null, "tunnel": null, "bridge": null, "service": null }, "geometry": { "type": "LineString", "coordinates": [ [ 2.1870154, 41.4205859 ], [ 2.187012, 41.4207664 ], [ 2.1870095, 41.420903 ], [ 2.1870097, 41.4209524 ], [ 2.18701, 41.4209995 ], [ 2.187012, 41.421393 ], [ 2.1870123, 41.4216473 ], [ 2.1870126, 41.4220059 ], [ 2.1870139, 41.4223525 ], [ 2.1870144, 41.4225001 ], [ 2.1870148, 41.4226121 ], [ 2.187015, 41.4226724 ], [ 2.1870148, 41.4227077 ], [ 2.1870141, 41.4228995 ] ] } },
{ "type": "Feature", "properties": { "u": 2293731677, "v": 2293731702, "key": 0, "osmid": "251749481", "oneway": true, "lanes": "3", "name": "Avinguda Meridiana", "highway": "primary", "maxspeed": "50", "reversed": "False", "length": 312.728, "access": "yes", "junction": null, "ref": null, "width": "12", "est_width": null, "tunnel": null, "bridge": null, "service": null }, "geometry": { "type": "LineString", "coordinates": [ [ 2.1870141, 41.4228995 ], [ 2.1870137, 41.4229278 ], [ 2.1870171, 41.4231211 ], [ 2.1870195, 41.4231664 ], [ 2.187009, 41.4234604 ], [ 2.1869825, 41.4237477 ], [ 2.1869618, 41.423942 ], [ 2.1869239, 41.4241363 ], [ 2.1868915, 41.4242586 ], [ 2.1867896, 41.4245782 ], [ 2.1867388, 41.4247316 ], [ 2.1867149, 41.4248038 ], [ 2.1866487, 41.4250027 ], [ 2.1865616, 41.4252015 ], [ 2.1863195, 41.4256373 ] ] } },
{ "type": "Feature", "properties": { "u": 2293731677, "v": 2293731679, "key": 0, "osmid": "380265137", "oneway": false, "lanes": null, "name": "Carrer de Garcilaso", "highway": "primary_link", "maxspeed": "50", "reversed": "True", "length": 14.412, "access": null, "junction": null, "ref": null, "width": null, "est_width": null, "tunnel": null, "bridge": null, "service": null }, "geometry": { "type": "LineString", "coordinates": [ [ 2.1870141, 41.4228995 ], [ 2.1869284, 41.4228961 ], [ 2.1868415, 41.4228926 ] ] } },
{ "type": "Feature", "properties": { "u": 2293731679, "v": 4436952954, "key": 0, "osmid": [ 1393749280, 251749482, 544601550, 290146698 ], "oneway": true, "lanes": "3", "name": "Avinguda Meridiana", "highway": "primary", "maxspeed": "50", "reversed": "False", "length": 271.081, "access": "yes", "junction": null, "ref": null, "width": "12", "est_width": null, "tunnel": null, "bridge": null, "service": null }, "geometry": { "type": "LineString", "coordinates": [ [ 2.1868415, 41.4228926 ], [ 2.1868319, 41.4227117 ], [ 2.1868362, 41.4224317 ], [ 2.1868386, 41.4222675 ], [ 2.1868411, 41.4217787 ], [ 2.1868411, 41.4215362 ], [ 2.1868389, 41.4211828 ], [ 2.1868377, 41.4209886 ], [ 2.1868379, 41.4209542 ], [ 2.1868392, 41.4208299 ], [ 2.1868394, 41.4208039 ], [ 2.1868406, 41.4206702 ], [ 2.1868411, 41.4204549 ] ] } },
{ "type": "Feature", "properties": { "u": 2293731679, "v": 2293731677, "key": 0, "osmid": "380265137", "oneway": false, "lanes": null, "name": "Carrer de Garcilaso", "highway": "primary_link", "maxspeed": "50", "reversed": "False", "length": 14.412, "access": null, "junction": null, "ref": null, "width": null, "est_width": null, "tunnel": null, "bridge": null, "service": null }, "geometry": { "type": "LineString", "coordinates": [ [ 2.1868415, 41.4228926 ], [ 2.1869284, 41.4228961 ], [ 2.1870141, 41.4228995 ] ] } },
{ "type": "Feature", "properties": { "u": 2293731701, "v": 2293731679, "key": 0, "osmid": [ 867196155, 380265139 ], "oneway": true, "lanes": "3", "name": "Avinguda Meridiana", "highway": "primary", "maxspeed": "50", "reversed": "False", "length": 306.391, "access": "yes", "junction": null, "ref": null, "width": "12", "est_width": null, "tunnel": null, "bridge": null, "service": null }, "geometry": { "type": "LineString", "coordinates": [ [ 2.1860875, 41.4255515 ], [ 2.1862989, 41.4252024 ], [ 2.1864521, 41.4249002 ], [ 2.1865579, 41.4247449 ], [ 2.1866545, 41.4244755 ], [ 2.1867243, 41.4242697 ], [ 2.1867856, 41.4240203 ], [ 2.1868173, 41.4237848 ], [ 2.1868316, 41.4236163 ], [ 2.1868392, 41.4233865 ], [ 2.1868466, 41.4231968 ], [ 2.1868479, 41.4231631 ], [ 2.1868427, 41.4229182 ], [ 2.1868415, 41.4228926 ] ] } },
{ "type": "Feature", "properties": { "u": 2293731702, "v": 12643425260, "key": 0, "osmid": "867196153", "oneway": true, "lanes": "3", "name": "Avinguda Meridiana", "highway": "primary", "maxspeed": "50", "reversed": "False", "length": 358.638, "access": "yes", "junction": null, "ref": null, "width": "12", "est_width": null, "tunnel": null, "bridge": null, "service": null }, "geometry": { "type": "LineString", "coordinates": [ [ 2.1863195, 41.4256373 ], [ 2.1861653, 41.425812 ], [ 2.1856479, 41.4265689 ], [ 2.1853337, 41.4270511 ], [ 2.1849929, 41.4275598 ], [ 2.1848418, 41.427793 ], [ 2.1845242, 41.4282697 ], [ 2.1844693, 41.428349 ], [ 2.1844091, 41.4284425 ], [ 2.1843847, 41.4284811 ], [ 2.1843677, 41.4285097 ] ] } },
{ "type": "Feature", "properties": { "u": 2293736615, "v": 2293731604, "key": 0, "osmid": "723488713", "oneway": true, "lanes": "3", "name": "Avinguda Meridiana", "highway": "primary", "maxspeed": "50", "reversed": "False", "length": 134.463, "access": "yes", "junction": null, "ref": null, "width": "12", "est_width": null, "tunnel": null, "bridge": null, "service": null }, "geometry": { "type": "LineString", "coordinates": [ [ 2.1869962, 41.4121621 ], [ 2.1869999, 41.4124569 ], [ 2.1869974, 41.4131665 ], [ 2.1870025, 41.4133713 ] ] } },
{ "type": "Feature", "properties": { "u": 2293736615, "v": 2293731594, "key": 0, "osmid": "723488714", "oneway": true, "lanes": "3", "name": "Carrer de Mallorca", "highway": "primary_link", "maxspeed": "50", "reversed": "False", "length": 24.809, "access": null, "junction": null, "ref": null, "width": null, "est_width": null, "tunnel": null, "bridge": null, "service": null }, "geometry": { "type": "LineString", "coordinates": [ [ 2.1869962, 41.4121621 ], [ 2.1868891, 41.4120809 ], [ 2.1867903, 41.4120011 ] ] } },
{ "type": "Feature", "properties": { "u": 2331122653, "v": 1592978370, "key": 0, "osmid": [ 145985019, 543581670, 1395721719 ], "oneway": true, "lanes": "2", "name": "Ronda del Guinardó", "highway": "primary", "maxspeed": "40", "reversed": "False", "length": 188.77, "access": null, "junction": null, "ref": null, "width": null, "est_width": null, "tunnel": null, "bridge": null, "service": null }, "geometry": { "type": "LineString", "coordinates": [ [ 2.1763338, 41.4187771 ], [ 2.1762902, 41.4187258 ], [ 2.1762827, 41.418717 ], [ 2.1762373, 41.4186429 ], [ 2.1761722, 41.4184769 ], [ 2.1761374, 41.418393 ], [ 2.1760952, 41.4182997 ], [ 2.1760765, 41.4182653 ], [ 2.1760595, 41.4182362 ], [ 2.1760239, 41.4181777 ], [ 2.1759724, 41.4181048 ], [ 2.1759264, 41.4180455 ], [ 2.1758835, 41.4179929 ], [ 2.1758187, 41.4179206 ], [ 2.175755, 41.4178546 ], [ 2.1757436, 41.4178428 ], [ 2.1756996, 41.4178002 ], [ 2.1756497, 41.417752 ], [ 2.1756226, 41.4177273 ], [ 2.1755874, 41.4176952 ], [ 2.1755048, 41.4176199 ], [ 2.1753106, 41.4174496 ], [ 2.1752899, 41.4174314 ], [ 2.1752687, 41.4174129 ], [ 2.175256, 41.4174018 ], [ 2.1751815, 41.41734 ] ] } },
{ "type": "Feature", "properties": { "u": 2331122653, "v": 387130524, "key": 0, "osmid": "1246090563", "oneway": false, "lanes": "4", "name": "Ronda del Guinardó", "highway": "primary", "maxspeed": "40", "reversed": "False", "length": 74.58, "access": null, "junction": null, "ref": null, "width": null, "est_width": null, "tunnel": null, "bridge": null, "service": null }, "geometry": { "type": "LineString", "coordinates": [ [ 2.1763338, 41.4187771 ], [ 2.1763463, 41.4188081 ], [ 2.1763817, 41.4188958 ], [ 2.1765918, 41.4194193 ] ] } },
{ "type": "Feature", "properties": { "u": 2331122654, "v": 2331122653, "key": 0, "osmid": [ 543578060, 866575004 ], "oneway": true, "lanes": "2", "name": "Ronda del Guinardó", "highway": "primary", "maxspeed": "40", "reversed": "False", "length": 127.622, "access": null, "junction": null, "ref": null, "width": null, "est_width": null, "tunnel": null, "bridge": null, "service": null }, "geometry": { "type": "LineString", "coordinates": [ [ 2.175761, 41.4177228 ], [ 2.1758241, 41.4178054 ], [ 2.1759678, 41.4179937 ], [ 2.1760413, 41.4180937 ], [ 2.1761095, 41.4181996 ], [ 2.1761209, 41.4182207 ], [ 2.1761361, 41.4182492 ], [ 2.1761789, 41.418342 ], [ 2.1762044, 41.4184169 ], [ 2.1762687, 41.4185658 ], [ 2.1763234, 41.4186959 ], [ 2.1763288, 41.4187088 ], [ 2.1763338, 41.4187771 ] ] } },
{ "type": "Feature", "properties": { "u": 2450895952, "v": 626570848, "key": 0, "osmid": [ 49526019, 1393379532, 1393379534 ], "oneway": true, "lanes": "3", "name": "Ronda de Dalt", "highway": "trunk", "maxspeed": "80", "reversed": "False", "length": 196.618, "access": null, "junction": null, "ref": "B-20", "width": null, "est_width": null, "tunnel": null, "bridge": null, "service": null }, "geometry": { "type": "LineString", "coordinates": [ [ 2.1455476, 41.4314995 ], [ 2.145732, 41.4319165 ], [ 2.1461257, 41.432794 ], [ 2.1463229, 41.433169 ] ] } },
{ "type": "Feature", "properties": { "u": 2450895997, "v": 2450895952, "key": 0, "osmid": "237144801", "oneway": true, "lanes": "1", "name": null, "highway": "trunk_link", "maxspeed": null, "reversed": "False", "length": 437.737, "access": null, "junction": null, "ref": null, "width": null, "est_width": null, "tunnel": null, "bridge": null, "service": null }, "geometry": { "type": "LineString", "coordinates": [ [ 2.1439919, 41.4277441 ], [ 2.1441632, 41.4282503 ], [ 2.1442113, 41.4283783 ], [ 2.1446894, 41.4293977 ], [ 2.1447568, 41.4295431 ], [ 2.1449061, 41.4298791 ], [ 2.1452682, 41.4306333 ], [ 2.1452854, 41.4306808 ], [ 2.1454381, 41.4311576 ], [ 2.1455476, 41.4314995 ] ] } },
{ "type": "Feature", "properties": { "u": 2455470579, "v": 191031236, "key": 0, "osmid": "237667865", "oneway": true, "lanes": "1", "name": null, "highway": "trunk_link", "maxspeed": null, "reversed": "False", "length": 215.162, "access": null, "junction": null, "ref": null, "width": null, "est_width": null, "tunnel": null, "bridge": null, "service": null }, "geometry": { "type": "LineString", "coordinates": [ [ 2.1572916, 41.3523562 ], [ 2.1574321, 41.3524837 ], [ 2.1580654, 41.3530703 ], [ 2.1583493, 41.3533365 ], [ 2.1585492, 41.3535352 ], [ 2.158869, 41.3538853 ] ] } },
{ "type": "Feature", "properties": { "u": 2456870302, "v": 415716575, "key": 0, "osmid": [ 237821822, 237821831 ], "oneway": true, "lanes": "1", "name": null, "highway": "trunk_link", "maxspeed": null, "reversed": "False", "length": 261.992, "access": null, "junction": null, "ref": null, "width": null, "est_width": null, "tunnel": "yes", "bridge": null, "service": null }, "geometry": { "type": "LineString", "coordinates": [ [ 2.1695528, 41.442726 ], [ 2.1689684, 41.4426097 ], [ 2.1687757, 41.4425507 ], [ 2.168645, 41.4425247 ], [ 2.168529, 41.4424848 ], [ 2.1676356, 41.4421442 ], [ 2.1671368, 41.4419831 ], [ 2.166655, 41.4418324 ] ] } },
{ "type": "Feature", "properties": { "u": 2456870302, "v": 2456927924, "key": 0, "osmid": [ 1393379554, 1393379555, 1393379559, 1393379560, 29380471, 30014458 ], "oneway": true, "lanes": "3", "name": "Ronda de Dalt", "highway": "trunk", "maxspeed": "80", "reversed": "False", "length": 555.193, "access": null, "junction": null, "ref": "B-20", "width": null, "est_width": null, "tunnel": "yes", "bridge": null, "service": null }, "geometry": { "type": "LineString", "coordinates": [ [ 2.1695528, 41.442726 ], [ 2.1695259, 41.4427159 ], [ 2.1689483, 41.4425092 ], [ 2.1676992, 41.4420622 ], [ 2.1653853, 41.441192 ], [ 2.1646586, 41.4409291 ], [ 2.164381, 41.4408287 ], [ 2.1639422, 41.4406638 ], [ 2.1635743, 41.4405255 ] ] } },
{ "type": "Feature", "properties": { "u": 2456870303, "v": 2456874973, "key": 0, "osmid": [ 1393379563, 1393379556, 29380495 ], "oneway": true, "lanes": "3", "name": "Ronda de Dalt", "highway": "trunk", "maxspeed": "60", "reversed": "False", "length": 457.103, "access": null, "junction": null, "ref": "B-20", "width": null, "est_width": null, "tunnel": "yes", "bridge": null, "service": null }, "geometry": { "type": "LineString", "coordinates": [ [ 2.1696466, 41.4426467 ], [ 2.1698028, 41.4427057 ], [ 2.1702065, 41.4428581 ], [ 2.1717988, 41.4434594 ], [ 2.1727713, 41.4438271 ], [ 2.1740797, 41.4443365 ], [ 2.1745328, 41.4445129 ] ] } },
{ "type": "Feature", "properties": { "u": 2456870326, "v": 2456870303, "key": 0, "osmid": [ 237821824, 237821821 ], "oneway": true, "lanes": "1", "name": null, "highway": "trunk_link", "maxspeed": "50", "reversed": "False", "length": 269.651, "access": null, "junction": null, "ref": null, "width": null, "est_width": null, "tunnel": "yes", "bridge": null, "service": null }, "geometry": { "type": "LineString", "coordinates": [ [ 2.1668472, 41.4414376 ], [ 2.1678413, 41.4418568 ], [ 2.168945, 41.442284 ], [ 2.1692458, 41.4424395 ], [ 2.1696466, 41.4426467 ] ] } },
{ "type": "Feature", "properties": { "u": 2456874969, "v": 604001411, "key": 0, "osmid": [ 237823368, 1027602587 ], "oneway": true, "lanes": null, "name": null, "highway": "trunk_link", "maxspeed": null, "reversed": "False", "length": 214.118, "access": null, "junction": null, "ref": null, "width": null, "est_width": null, "tunnel": "yes", "bridge": null, "service": null }, "geometry": { "type": "LineString", "coordinates": [ [ 2.1766271, 41.4455371 ], [ 2.1762465, 41.4453595 ], [ 2.1750369, 41.4449156 ], [ 2.1748242, 41.4448257 ], [ 2.1747704, 41.4448019 ], [ 2.1746377, 41.4447305 ], [ 2.1744047, 41.4445844 ] ] } },
{ "type": "Feature", "properties": { "u": 2456874973, "v": 2456874971, "key": 0, "osmid": "237823367", "oneway": true, "lanes": null, "name": null, "highway": "trunk_link", "maxspeed": null, "reversed": "False", "length": 207.467, "access": null, "junction": null, "ref": "2", "width": null, "est_width": null, "tunnel": null, "bridge": null, "service": null }, "geometry": { "type": "LineString", "coordinates": [ [ 2.1745328, 41.4445129 ], [ 2.174946, 41.4446025 ], [ 2.1750692, 41.4446381 ], [ 2.1754005, 41.4447603 ], [ 2.1764102, 41.4451122 ], [ 2.176837, 41.4452044 ] ] } },
{ "type": "Feature", "properties": { "u": 2456874973, "v": 1162558788, "key": 0, "osmid": [ 47461731, 29379305, 1393379564, 29379308, 1393379567, 1393379568, 1393379569, 34211122 ], "oneway": true, "lanes": "3", "name": "Ronda de Dalt", "highway": "trunk", "maxspeed": "60", "reversed": "False", "length": 717.015, "access": "yes", "junction": null, "ref": "B-20", "width": null, "est_width": null, "tunnel": "yes", "bridge": null, "service": null }, "geometry": { "type": "LineString", "coordinates": [ [ 2.1745328, 41.4445129 ], [ 2.1751415, 41.4447391 ], [ 2.1764166, 41.445213 ], [ 2.1770074, 41.4453699 ], [ 2.178211, 41.4456941 ], [ 2.1792604, 41.4459469 ], [ 2.1798478, 41.4460728 ], [ 2.1800238, 41.4461033 ], [ 2.1805615, 41.4461768 ], [ 2.1810359, 41.4462421 ], [ 2.1817227, 41.4463366 ], [ 2.1820721, 41.4463847 ], [ 2.1823525, 41.4464237 ], [ 2.1826815, 41.4464606 ] ] } },
{ "type": "Feature", "properties": { "u": 2456927924, "v": 1230701452, "key": 0, "osmid": [ 1393379546, 1393379553, 1393379554, 1393379547 ], "oneway": true, "lanes": "3", "name": "Ronda de Dalt", "highway": "trunk", "maxspeed": "80", "reversed": "False", "length": 280.596, "access": null, "junction": null, "ref": "B-20", "width": null, "est_width": null, "tunnel": "yes", "bridge": null, "service": null }, "geometry": { "type": "LineString", "coordinates": [ [ 2.1635743, 41.4405255 ], [ 2.1634625, 41.4404835 ], [ 2.1630942, 41.4403632 ], [ 2.1627962, 41.4402863 ], [ 2.1624982, 41.4402094 ], [ 2.1616547, 41.4400214 ], [ 2.1613791, 41.4399682 ], [ 2.1612592, 41.4399481 ], [ 2.1605953, 41.4398368 ], [ 2.1603598, 41.4397973 ] ] } },
{ "type": "Feature", "properties": { "u": 2458217791, "v": 30617355, "key": 0, "osmid": "296813929", "oneway": true, "lanes": "3", "name": "Travessera de Dalt", "highway": "primary", "maxspeed": "50", "reversed": "False", "length": 43.745, "access": null, "junction": null, "ref": null, "width": null, "est_width": null, "tunnel": null, "bridge": null, "service": null }, "geometry": { "type": "LineString", "coordinates": [ [ 2.1574212, 41.4111777 ], [ 2.1573839, 41.4111545 ], [ 2.1571032, 41.4109798 ], [ 2.1570199, 41.4109244 ] ] } },
{ "type": "Feature", "properties": { "u": 2463014352, "v": 415956313, "key": 0, "osmid": "238466748", "oneway": true, "lanes": "3", "name": "Travessera de Dalt", "highway": "primary", "maxspeed": "50", "reversed": "False", "length": 20.563, "access": null, "junction": null, "ref": null, "width": null, "est_width": null, "tunnel": null, "bridge": null, "service": null }, "geometry": { "type": "LineString", "coordinates": [ [ 2.1550718, 41.4095257 ], [ 2.155273, 41.4096326 ] ] } },
{ "type": "Feature", "properties": { "u": 2466611020, "v": 1375291089, "key": 0, "osmid": "450219496", "oneway": false, "lanes": "2", "name": "Avinguda de Vallvidrera", "highway": "primary", "maxspeed": "30", "reversed": "False", "length": 121.033, "access": null, "junction": null, "ref": "BV-1462", "width": "5", "est_width": null, "tunnel": null, "bridge": null, "service": null }, "geometry": { "type": "LineString", "coordinates": [ [ 2.1148655, 41.4059983 ], [ 2.114821, 41.4060366 ], [ 2.1148029, 41.4060528 ], [ 2.1147812, 41.4060722 ], [ 2.1146855, 41.4061632 ], [ 2.1145476, 41.4062977 ], [ 2.1143607, 41.4065024 ], [ 2.1142738, 41.4066042 ], [ 2.1141916, 41.4066808 ], [ 2.1141326, 41.4067188 ], [ 2.1140609, 41.4067532 ], [ 2.114033, 41.4067687 ], [ 2.1139335, 41.4068192 ] ] } },
{ "type": "Feature", "properties": { "u": 2466611020, "v": 568847323, "key": 0, "osmid": [ 450219496, 450219493 ], "oneway": false, "lanes": "2", "name": "Avinguda de Vallvidrera", "highway": "primary", "maxspeed": "30", "reversed": "True", "length": 278.419, "access": null, "junction": null, "ref": "BV-1462", "width": [ "7", "5" ], "est_width": null, "tunnel": null, "bridge": null, "service": null }, "geometry": { "type": "LineString", "coordinates": [ [ 2.1148655, 41.4059983 ], [ 2.1149178, 41.4059489 ], [ 2.114923, 41.405944 ], [ 2.1150302, 41.4058426 ], [ 2.1152568, 41.4056494 ], [ 2.1154442, 41.4054895 ], [ 2.1156332, 41.4053202 ], [ 2.1159443, 41.4050516 ], [ 2.1161835, 41.4048443 ], [ 2.1162384, 41.4047972 ], [ 2.1162956, 41.4047512 ], [ 2.1164213, 41.4046641 ], [ 2.1166151, 41.4045427 ], [ 2.1166807, 41.4045024 ], [ 2.1169245, 41.4043527 ], [ 2.116957, 41.4043326 ], [ 2.117084, 41.4042618 ], [ 2.1171111, 41.4042461 ], [ 2.1171797, 41.4042063 ] ] } },
{ "type": "Feature", "properties": { "u": 2468906560, "v": 387127748, "key": 0, "osmid": "239076947", "oneway": true, "lanes": "1", "name": null, "highway": "primary_link", "maxspeed": "50", "reversed": "False", "length": 30.87, "access": null, "junction": null, "ref": null, "width": null, "est_width": null, "tunnel": null, "bridge": null, "service": null }, "geometry": { "type": "LineString", "coordinates": [ [ 2.1762358, 41.4255957 ], [ 2.1762066, 41.4255629 ], [ 2.1761833, 41.4255395 ], [ 2.1761653, 41.425522 ], [ 2.1761414, 41.4255076 ], [ 2.1761044, 41.4254953 ], [ 2.176075, 41.4254916 ], [ 2.1760501, 41.4254942 ], [ 2.1760144, 41.4255026 ], [ 2.1759752, 41.4255142 ], [ 2.1759337, 41.4255242 ] ] } },
{ "type": "Feature", "properties": { "u": 2468906560, "v": 2468906564, "key": 0, "osmid": "1395730801", "oneway": true, "lanes": "3", "name": "Avinguda dels Quinze", "highway": "primary", "maxspeed": "50", "reversed": "False", "length": 9.665, "access": null, "junction": null, "ref": null, "width": "9", "est_width": null, "tunnel": null, "bridge": null, "service": null }, "geometry": { "type": "LineString", "coordinates": [ [ 2.1762358, 41.4255957 ], [ 2.1762419, 41.4255418 ], [ 2.1762403, 41.425509 ] ] } },
{ "type": "Feature", "properties": { "u": 2468906564, "v": 387127747, "key": 0, "osmid": "553565542", "oneway": true, "lanes": "3", "name": "Avinguda dels Quinze", "highway": "primary", "maxspeed": "50", "reversed": "False", "length": 19.02, "access": null, "junction": null, "ref": null, "width": "9", "est_width": null, "tunnel": null, "bridge": null, "service": null }, "geometry": { "type": "LineString", "coordinates": [ [ 2.1762403, 41.425509 ], [ 2.1762245, 41.4254416 ], [ 2.1762179, 41.4253849 ], [ 2.1762188, 41.4253392 ] ] } },
{ "type": "Feature", "properties": { "u": 2480495525, "v": 2881600611, "key": 0, "osmid": "551403039", "oneway": true, "lanes": "4", "name": "Ronda del Guinardó", "highway": "primary", "maxspeed": "50", "reversed": "False", "length": 16.023, "access": null, "junction": null, "ref": null, "width": null, "est_width": null, "tunnel": null, "bridge": null, "service": null }, "geometry": { "type": "LineString", "coordinates": [ [ 2.1646861, 41.4117464 ], [ 2.1647797, 41.4117456 ], [ 2.1648782, 41.4117475 ] ] } },
{ "type": "Feature", "properties": { "u": 2495598155, "v": 1375310919, "key": 0, "osmid": "8380822", "oneway": true, "lanes": "2", "name": "Passeig de Gràcia", "highway": "primary", "maxspeed": "50", "reversed": "False", "length": 27.797, "access": null, "junction": null, "ref": null, "width": "9", "est_width": null, "tunnel": null, "bridge": null, "service": null }, "geometry": { "type": "LineString", "coordinates": [ [ 2.1680684, 41.3894252 ], [ 2.1681216, 41.3893686 ], [ 2.1681563, 41.3893412 ], [ 2.1681798, 41.3893245 ], [ 2.1682116, 41.3893012 ], [ 2.1682932, 41.3892418 ] ] } },
{ "type": "Feature", "properties": { "u": 2495598155, "v": 26057312, "key": 0, "osmid": "293858827", "oneway": true, "lanes": "2", "name": "Gran Via de les Corts Catalanes", "highway": "primary", "maxspeed": "50", "reversed": "False", "length": 31.941, "access": null, "junction": null, "ref": "C-31", "width": null, "est_width": null, "tunnel": null, "bridge": null, "service": null }, "geometry": { "type": "LineString", "coordinates": [ [ 2.1680684, 41.3894252 ], [ 2.1681958, 41.3895299 ], [ 2.1682731, 41.3895635 ], [ 2.16837, 41.389593 ] ] } },
{ "type": "Feature", "properties": { "u": 2497218265, "v": 1855128396, "key": 0, "osmid": "238052317", "oneway": true, "lanes": null, "name": "Carrer de Dolors Masferrer i Bosch", "highway": "primary_link", "maxspeed": "30", "reversed": "False", "length": 33.861, "access": null, "junction": null, "ref": null, "width": null, "est_width": null, "tunnel": null, "bridge": null, "service": null }, "geometry": { "type": "LineString", "coordinates": [ [ 2.1272278, 41.3846486 ], [ 2.1273395, 41.3847018 ], [ 2.1273848, 41.3847233 ], [ 2.1275558, 41.3848271 ] ] } },
{ "type": "Feature", "properties": { "u": 2497218265, "v": 630583121, "key": 0, "osmid": [ 288000444, 367979558 ], "oneway": true, "lanes": [ "1", "3" ], "name": "Gran Via de Carles III", "highway": "primary_link", "maxspeed": "50", "reversed": "False", "length": 272.866, "access": null, "junction": null, "ref": null, "width": null, "est_width": null, "tunnel": null, "bridge": null, "service": null }, "geometry": { "type": "LineString", "coordinates": [ [ 2.1272278, 41.3846486 ], [ 2.1272505, 41.3845668 ], [ 2.1273173, 41.3843055 ], [ 2.1274635, 41.3837341 ], [ 2.1279016, 41.3824159 ], [ 2.1279087, 41.3823945 ], [ 2.127952, 41.3822564 ] ] } },
{ "type": "Feature", "properties": { "u": 2509167399, "v": 30960669, "key": 0, "osmid": "450020884", "oneway": true, "lanes": "2", "name": "Carrer de la Mare de Déu del Coll", "highway": "primary_link", "maxspeed": "50", "reversed": "False", "length": 6.876, "access": null, "junction": null, "ref": null, "width": null, "est_width": null, "tunnel": null, "bridge": null, "service": null }, "geometry": { "type": "LineString", "coordinates": [ [ 2.1506771, 41.4079449 ], [ 2.1507279, 41.4078962 ] ] } },
{ "type": "Feature", "properties": { "u": 2509167399, "v": 1357271844, "key": 0, "osmid": "281725689", "oneway": true, "lanes": "2", "name": "Travessera de Dalt", "highway": "primary_link", "maxspeed": "50", "reversed": "False", "length": 56.436, "access": null, "junction": null, "ref": null, "width": null, "est_width": null, "tunnel": null, "bridge": null, "service": null }, "geometry": { "type": "LineString", "coordinates": [ [ 2.1506771, 41.4079449 ], [ 2.1506067, 41.4078893 ], [ 2.1502204, 41.4075704 ] ] } },
{ "type": "Feature", "properties": { "u": 2509871324, "v": 2126571874, "key": 0, "osmid": "284616362", "oneway": true, "lanes": "4", "name": "Plaça de la Reina Maria Cristina", "highway": "primary_link", "maxspeed": "50", "reversed": "False", "length": 25.147, "access": null, "junction": null, "ref": null, "width": null, "est_width": null, "tunnel": null, "bridge": null, "service": null }, "geometry": { "type": "LineString", "coordinates": [ [ 2.1270199, 41.3882478 ], [ 2.1270735, 41.388127 ], [ 2.1270807, 41.3881107 ], [ 2.1270853, 41.3881 ], [ 2.1271071, 41.3880315 ] ] } },
{ "type": "Feature", "properties": { "u": 2509871324, "v": 681936382, "key": 0, "osmid": [ 1391890990, 543400542, 1391890991 ], "oneway": false, "lanes": "7", "name": "Avinguda Diagonal", "highway": "primary", "maxspeed": "50", "reversed": "True", "length": 149.26, "access": null, "junction": null, "ref": null, "width": "18", "est_width": null, "tunnel": null, "bridge": null, "service": null }, "geometry": { "type": "LineString", "coordinates": [ [ 2.1270199, 41.3882478 ], [ 2.1267655, 41.3881832 ], [ 2.1267229, 41.3881724 ], [ 2.1264474, 41.3881025 ], [ 2.1259877, 41.3879858 ], [ 2.1258972, 41.3879628 ], [ 2.1257743, 41.3879316 ], [ 2.1257299, 41.3879203 ], [ 2.1255497, 41.3878746 ], [ 2.1253251, 41.3878176 ] ] } },
{ "type": "Feature", "properties": { "u": 2509871324, "v": 1856466576, "key": 0, "osmid": [ 1435643658, 294056749 ], "oneway": false, "lanes": "7", "name": "Avinguda Diagonal", "highway": "primary", "maxspeed": "50", "reversed": "False", "length": 98.649, "access": null, "junction": null, "ref": null, "width": "18", "est_width": null, "tunnel": null, "bridge": null, "service": null }, "geometry": { "type": "LineString", "coordinates": [ [ 2.1270199, 41.3882478 ], [ 2.1272044, 41.3882946 ], [ 2.1274929, 41.3883679 ], [ 2.1279889, 41.3884938 ], [ 2.12814, 41.3885322 ] ] } },
{ "type": "Feature", "properties": { "u": 2510477873, "v": 178542900, "key": 0, "osmid": [ 243598398, 905524542 ], "oneway": true, "lanes": "4", "name": "Carrer de Tarragona", "highway": "primary", "maxspeed": "50", "reversed": "False", "length": 153.726, "access": null, "junction": null, "ref": null, "width": "14", "est_width": null, "tunnel": null, "bridge": null, "service": null }, "geometry": { "type": "LineString", "coordinates": [ [ 2.1469894, 41.377269 ], [ 2.1471451, 41.3771503 ], [ 2.1472199, 41.377089 ], [ 2.1475208, 41.3768657 ], [ 2.1477373, 41.3767045 ], [ 2.1478391, 41.3766288 ], [ 2.1479633, 41.3765304 ], [ 2.147988, 41.3765108 ], [ 2.1481444, 41.3763849 ], [ 2.1481897, 41.3763201 ], [ 2.1482216, 41.3762532 ] ] } },
{ "type": "Feature", "properties": { "u": 2510589068, "v": 26198833, "key": 0, "osmid": "316582572", "oneway": true, "lanes": "5", "name": "Gran Via de les Corts Catalanes", "highway": "primary", "maxspeed": "50", "reversed": "False", "length": 133.261, "access": null, "junction": null, "ref": "C-31", "width": "18", "est_width": null, "tunnel": null, "bridge": null, "service": null }, "geometry": { "type": "LineString", "coordinates": [ [ 2.1540544, 41.3787307 ], [ 2.1541741, 41.3788223 ], [ 2.1550384, 41.3794821 ], [ 2.1550763, 41.3795107 ], [ 2.1551371, 41.3795581 ], [ 2.1551756, 41.3795841 ] ] } },
{ "type": "Feature", "properties": { "u": 2511679138, "v": 3049188195, "key": 0, "osmid": "450007560", "oneway": true, "lanes": "1", "name": "Carrer d'Indíbil", "highway": "primary_link", "maxspeed": "30", "reversed": "False", "length": 12.329, "access": null, "junction": null, "ref": null, "width": null, "est_width": null, "tunnel": null, "bridge": null, "service": null }, "geometry": { "type": "LineString", "coordinates": [ [ 2.143083, 41.3703152 ], [ 2.1429796, 41.3703944 ] ] } },
{ "type": "Feature", "properties": { "u": 2513316044, "v": 690411245, "key": 0, "osmid": "54847783", "oneway": true, "lanes": null, "name": null, "highway": "primary_link", "maxspeed": "60", "reversed": "False", "length": 78.08, "access": "yes", "junction": null, "ref": null, "width": null, "est_width": null, "tunnel": null, "bridge": null, "service": null }, "geometry": { "type": "LineString", "coordinates": [ [ 2.1273842, 41.3856409 ], [ 2.1273015, 41.385871 ], [ 2.1272702, 41.3860168 ], [ 2.1272593, 41.3860913 ], [ 2.1272242, 41.3863311 ] ] } },
{ "type": "Feature", "properties": { "u": 2513316044, "v": 390227124, "key": 0, "osmid": [ 288000443, 1395710342 ], "oneway": true, "lanes": "3", "name": "Gran Via de Carles III", "highway": "primary_link", "maxspeed": "50", "reversed": "False", "length": 93.377, "access": "yes", "junction": null, "ref": null, "width": null, "est_width": null, "tunnel": null, "bridge": null, "service": null }, "geometry": { "type": "LineString", "coordinates": [ [ 2.1273842, 41.3856409 ], [ 2.1273577, 41.3858765 ], [ 2.1273423, 41.3861024 ], [ 2.1273451, 41.38625 ], [ 2.1273464, 41.3864795 ] ] } },
{ "type": "Feature", "properties": { "u": 2540121494, "v": 8119767438, "key": 0, "osmid": "29418900", "oneway": true, "lanes": "1", "name": "Via Augusta", "highway": "primary_link", "maxspeed": "50", "reversed": "False", "length": 52.701, "access": null, "junction": null, "ref": null, "width": "4", "est_width": null, "tunnel": null, "bridge": null, "service": null }, "geometry": { "type": "LineString", "coordinates": [ [ 2.1185007, 41.4037475 ], [ 2.1186114, 41.4036394 ], [ 2.1188707, 41.4033634 ] ] } },
{ "type": "Feature", "properties": { "u": 2540149363, "v": 818710842, "key": 0, "osmid": [ 871757026, 29418900 ], "oneway": true, "lanes": "1", "name": "Via Augusta", "highway": "primary_link", "maxspeed": "50", "reversed": "False", "length": 97.555, "access": null, "junction": null, "ref": null, "width": "4", "est_width": null, "tunnel": null, "bridge": null, "service": null }, "geometry": { "type": "LineString", "coordinates": [ [ 2.1198318, 41.4025209 ], [ 2.1199188, 41.402449 ], [ 2.1201472, 41.4022663 ], [ 2.1204195, 41.4020788 ], [ 2.1206282, 41.4019533 ], [ 2.1206822, 41.4019209 ] ] } },
{ "type": "Feature", "properties": { "u": 2588057862, "v": 340195871, "key": 0, "osmid": "237960946", "oneway": true, "lanes": "4", "name": "Carrer de Numància", "highway": "primary", "maxspeed": "50", "reversed": "False", "length": 34.174, "access": null, "junction": null, "ref": null, "width": "11", "est_width": null, "tunnel": null, "bridge": null, "service": null }, "geometry": { "type": "LineString", "coordinates": [ [ 2.1399815, 41.3824253 ], [ 2.1401546, 41.3822746 ], [ 2.1401726, 41.3822589 ], [ 2.1402489, 41.3821925 ] ] } },
{ "type": "Feature", "properties": { "u": 2590731984, "v": 330417407, "key": 0, "osmid": "238862120", "oneway": true, "lanes": "1", "name": "Via Augusta", "highway": "primary_link", "maxspeed": "50", "reversed": "False", "length": 83.014, "access": null, "junction": null, "ref": null, "width": "4", "est_width": null, "tunnel": null, "bridge": null, "service": null }, "geometry": { "type": "LineString", "coordinates": [ [ 2.1218262, 41.4016928 ], [ 2.1217117, 41.4017527 ], [ 2.1216518, 41.4017821 ], [ 2.1212012, 41.4019951 ], [ 2.1210668, 41.4020563 ], [ 2.1210371, 41.4020699 ], [ 2.1209863, 41.4020931 ] ] } },
{ "type": "Feature", "properties": { "u": 2590731984, "v": 818710843, "key": 0, "osmid": "450200070", "oneway": true, "lanes": null, "name": "Carrer de Dolors Monserdà", "highway": "primary_link", "maxspeed": "50", "reversed": "False", "length": 35.556, "access": null, "junction": null, "ref": null, "width": null, "est_width": null, "tunnel": null, "bridge": null, "service": null }, "geometry": { "type": "LineString", "coordinates": [ [ 2.1218262, 41.4016928 ], [ 2.1216243, 41.4015858 ], [ 2.1215703, 41.401557 ], [ 2.1214784, 41.4015079 ] ] } },
{ "type": "Feature", "properties": { "u": 2590731984, "v": 4471207535, "key": 0, "osmid": "450200081", "oneway": true, "lanes": "1", "name": null, "highway": "trunk_link", "maxspeed": null, "reversed": "False", "length": 170.557, "access": null, "junction": null, "ref": null, "width": null, "est_width": null, "tunnel": null, "bridge": null, "service": null }, "geometry": { "type": "LineString", "coordinates": [ [ 2.1218262, 41.4016928 ], [ 2.1216916, 41.4017215 ], [ 2.1212729, 41.4019083 ], [ 2.1208159, 41.4021248 ], [ 2.1206435, 41.402209 ], [ 2.1203972, 41.4023404 ], [ 2.1201865, 41.4024274 ], [ 2.1201808, 41.4024298 ], [ 2.1200645, 41.4024581 ] ] } },
{ "type": "Feature", "properties": { "u": 2686522116, "v": 11367386983, "key": 0, "osmid": [ 245416089, 545715326, 309183788, 1137827990 ], "oneway": true, "lanes": [ "3", "2" ], "name": "Gran Via de les Corts Catalanes (lateral mar)", "highway": "primary_link", "maxspeed": [ "30", "50" ], "reversed": "False", "length": 133.107, "access": "yes", "junction": null, "ref": null, "width": [ "9", "8" ], "est_width": null, "tunnel": null, "bridge": null, "service": null }, "geometry": { "type": "LineString", "coordinates": [ [ 2.1498811, 41.3751364 ], [ 2.1498971, 41.3751682 ], [ 2.1499518, 41.3752766 ], [ 2.1499962, 41.3753622 ], [ 2.1500445, 41.3754427 ], [ 2.1501017, 41.375525 ], [ 2.1501962, 41.3756411 ], [ 2.1502958, 41.3757385 ], [ 2.1503714, 41.3758088 ], [ 2.1504822, 41.3759044 ], [ 2.150554, 41.3759888 ], [ 2.1506125, 41.3760649 ], [ 2.1506372, 41.3761086 ], [ 2.1506496, 41.3761708 ] ] } },
{ "type": "Feature", "properties": { "u": 2689486049, "v": 323160756, "key": 0, "osmid": [ 29379847, 1409683697, 29380372, 159141207 ], "oneway": true, "lanes": [ "3", "2" ], "name": null, "highway": "trunk_link", "maxspeed": [ "60", "50" ], "reversed": "False", "length": 1095.855, "access": null, "junction": null, "ref": null, "width": null, "est_width": null, "tunnel": "yes", "bridge": null, "service": null }, "geometry": { "type": "LineString", "coordinates": [ [ 2.1954395, 41.4391159 ], [ 2.1956369, 41.4397187 ], [ 2.1956462, 41.4397471 ], [ 2.1956868, 41.4398701 ], [ 2.1957652, 41.440108 ], [ 2.1958055, 41.440227 ], [ 2.1962627, 41.4415777 ], [ 2.1964307, 41.4420858 ], [ 2.1965907, 41.4425756 ], [ 2.196602, 41.4426103 ], [ 2.1970572, 41.4440039 ], [ 2.1971336, 41.4442286 ], [ 2.1975369, 41.4454147 ], [ 2.197712, 41.4459294 ], [ 2.1977748, 41.4461548 ], [ 2.1978452, 41.4464287 ], [ 2.1979125, 41.446773 ], [ 2.197926, 41.4469081 ], [ 2.1979315, 41.4470492 ], [ 2.1979277, 41.4472387 ], [ 2.1979116, 41.4475537 ], [ 2.1979176, 41.4476594 ], [ 2.1979512, 41.4477655 ], [ 2.1979921, 41.4478486 ], [ 2.1980476, 41.4479385 ], [ 2.1981338, 41.4480306 ], [ 2.1982214, 41.4480984 ], [ 2.1983349, 41.4481704 ], [ 2.1985238, 41.4482437 ], [ 2.1987787, 41.448338 ], [ 2.1988984, 41.4483823 ] ] } },
{ "type": "Feature", "properties": { "u": 2706253140, "v": 2706253150, "key": 0, "osmid": [ 911852736, 260925898 ], "oneway": true, "lanes": "1", "name": null, "highway": "primary_link", "maxspeed": "40", "reversed": "False", "length": 99.595, "access": null, "junction": null, "ref": null, "width": null, "est_width": null, "tunnel": "yes", "bridge": null, "service": null }, "geometry": { "type": "LineString", "coordinates": [ [ 2.1578188, 41.4282265 ], [ 2.1577784, 41.4283361 ], [ 2.1577566, 41.4283719 ], [ 2.1577374, 41.428398 ], [ 2.1575806, 41.4285928 ], [ 2.1574533, 41.4287096 ], [ 2.1571367, 41.4289327 ], [ 2.1571286, 41.4289389 ] ] } },
{ "type": "Feature", "properties": { "u": 2706253150, "v": 258562660, "key": 0, "osmid": [ 96314985, 96314987 ], "oneway": true, "lanes": "2", "name": "Avinguda de l'Estatut de Catalunya", "highway": "primary", "maxspeed": "40", "reversed": "False", "length": 130.218, "access": null, "junction": null, "ref": null, "width": null, "est_width": null, "tunnel": null, "bridge": "yes", "service": null }, "geometry": { "type": "LineString", "coordinates": [ [ 2.1571286, 41.4289389 ], [ 2.1568893, 41.4292642 ], [ 2.1567973, 41.4293898 ], [ 2.1567297, 41.4294959 ], [ 2.1566711, 41.4296144 ], [ 2.156638, 41.4297347 ], [ 2.1566282, 41.429831 ], [ 2.1566251, 41.4298621 ], [ 2.1566048, 41.4300231 ] ] } },
{ "type": "Feature", "properties": { "u": 2707139547, "v": 1116318859, "key": 0, "osmid": "140001526", "oneway": true, "lanes": "2", "name": "Rambla del Carmel", "highway": "primary", "maxspeed": "50", "reversed": "False", "length": 67.455, "access": null, "junction": null, "ref": null, "width": null, "est_width": null, "tunnel": null, "bridge": null, "service": null }, "geometry": { "type": "LineString", "coordinates": [ [ 2.15777, 41.4252109 ], [ 2.1578345, 41.4250618 ], [ 2.1579368, 41.4246185 ] ] } },
{ "type": "Feature", "properties": { "u": 2713983941, "v": 457887476, "key": 0, "osmid": "35474732", "oneway": true, "lanes": "3", "name": "Carrer d'Arnau d'Oms", "highway": "primary", "maxspeed": "50", "reversed": "False", "length": 47.814, "access": null, "junction": null, "ref": null, "width": "11", "est_width": null, "tunnel": null, "bridge": null, "service": null }, "geometry": { "type": "LineString", "coordinates": [ [ 2.1772585, 41.4277649 ], [ 2.177283, 41.4279966 ], [ 2.1772852, 41.4280222 ], [ 2.1772992, 41.4281938 ] ] } },
{ "type": "Feature", "properties": { "u": 2749832743, "v": 316877774, "key": 0, "osmid": "428763390", "oneway": true, "lanes": "1", "name": null, "highway": "primary_link", "maxspeed": "50", "reversed": "False", "length": 70.646, "access": null, "junction": null, "ref": null, "width": null, "est_width": null, "tunnel": null, "bridge": null, "service": null }, "geometry": { "type": "LineString", "coordinates": [ [ 2.1871974, 41.4441057 ], [ 2.1872156, 41.4442009 ], [ 2.1872271, 41.4442395 ], [ 2.1872449, 41.4443048 ], [ 2.1872762, 41.4444013 ], [ 2.1872863, 41.4444782 ], [ 2.1872852, 41.4445372 ], [ 2.1872578, 41.4447335 ] ] } },
{ "type": "Feature", "properties": { "u": 2760236004, "v": 6091986825, "key": 0, "osmid": [ 649071820, 1393749278 ], "oneway": true, "lanes": "3", "name": "Avinguda Meridiana", "highway": "primary", "maxspeed": "50", "reversed": "False", "length": 54.176, "access": "yes", "junction": null, "ref": null, "width": "12", "est_width": null, "tunnel": null, "bridge": null, "service": null }, "geometry": { "type": "LineString", "coordinates": [ [ 2.186789, 41.4144042 ], [ 2.1867888, 41.4143714 ], [ 2.1867887, 41.4143594 ], [ 2.1867882, 41.4142821 ], [ 2.1867885, 41.4141261 ], [ 2.1867874, 41.4140651 ], [ 2.1867856, 41.4139516 ], [ 2.1867845, 41.413917 ] ] } },
{ "type": "Feature", "properties": { "u": 2781080535, "v": 30254350, "key": 0, "osmid": "273229616", "oneway": true, "lanes": "3", "name": "Gran Via de les Corts Catalanes", "highway": "primary", "maxspeed": "50", "reversed": "False", "length": 49.688, "access": null, "junction": null, "ref": "C-31", "width": "8", "est_width": null, "tunnel": null, "bridge": null, "service": null }, "geometry": { "type": "LineString", "coordinates": [ [ 2.1706121, 41.3911712 ], [ 2.1708058, 41.3912867 ], [ 2.1708274, 41.3912988 ], [ 2.1710471, 41.3914349 ], [ 2.171076, 41.3914514 ] ] } },
{ "type": "Feature", "properties": { "u": 2781080535, "v": 7515360156, "key": 0, "osmid": "545084604", "oneway": true, "lanes": "2", "name": "Gran Via de les Corts Catalanes", "highway": "primary", "maxspeed": "50", "reversed": "False", "length": 50.011, "access": null, "junction": null, "ref": "C-31", "width": null, "est_width": null, "tunnel": null, "bridge": null, "service": null }, "geometry": { "type": "LineString", "coordinates": [ [ 2.1706121, 41.3911712 ], [ 2.1707459, 41.3913318 ], [ 2.1707627, 41.3913474 ], [ 2.170958, 41.3914966 ], [ 2.1709864, 41.3915194 ] ] } },
{ "type": "Feature", "properties": { "u": 2781080542, "v": 30243264, "key": 0, "osmid": "273229617", "oneway": true, "lanes": "5", "name": "Gran Via de les Corts Catalanes", "highway": "primary", "maxspeed": "50", "reversed": "False", "length": 63.092, "access": null, "junction": null, "ref": "C-31", "width": "14", "est_width": null, "tunnel": null, "bridge": null, "service": null }, "geometry": { "type": "LineString", "coordinates": [ [ 2.1716383, 41.3919234 ], [ 2.1717726, 41.3920296 ], [ 2.1719691, 41.3921813 ], [ 2.172015, 41.3922168 ], [ 2.1721601, 41.3923341 ] ] } },
{ "type": "Feature", "properties": { "u": 2819073400, "v": 30243263, "key": 0, "osmid": [ 1408524843, 1408524844 ], "oneway": true, "lanes": "5", "name": "Carrer d'Aragó", "highway": "primary", "maxspeed": "50", "reversed": "False", "length": 110.029, "access": "yes", "junction": null, "ref": null, "width": "15", "est_width": null, "tunnel": null, "bridge": null, "service": null }, "geometry": { "type": "LineString", "coordinates": [ [ 2.1695669, 41.3957058 ], [ 2.1695498, 41.395693 ], [ 2.1693847, 41.3955691 ], [ 2.1692037, 41.3954332 ], [ 2.1690226, 41.3952974 ], [ 2.1689276, 41.3952261 ], [ 2.168858, 41.3951738 ], [ 2.1686343, 41.395006 ] ] } },
{ "type": "Feature", "properties": { "u": 2869959981, "v": 1592978370, "key": 0, "osmid": "450043372", "oneway": true, "lanes": null, "name": "Rambla de Volart", "highway": "primary_link", "maxspeed": "50", "reversed": "False", "length": 6.546, "access": null, "junction": null, "ref": null, "width": null, "est_width": null, "tunnel": null, "bridge": null, "service": null }, "geometry": { "type": "LineString", "coordinates": [ [ 2.175253, 41.4173157 ], [ 2.1751815, 41.41734 ] ] } },
{ "type": "Feature", "properties": { "u": 2869959981, "v": 2331122654, "key": 0, "osmid": "973263037", "oneway": true, "lanes": "2", "name": "Ronda del Guinardó", "highway": "primary", "maxspeed": "40", "reversed": "False", "length": 61.999, "access": null, "junction": null, "ref": null, "width": null, "est_width": null, "tunnel": null, "bridge": null, "service": null }, "geometry": { "type": "LineString", "coordinates": [ [ 2.175253, 41.4173157 ], [ 2.1753399, 41.4173824 ], [ 2.1753521, 41.4173924 ], [ 2.1756745, 41.4176529 ], [ 2.1757014, 41.4176741 ], [ 2.175761, 41.4177228 ] ] } },
{ "type": "Feature", "properties": { "u": 2869959982, "v": 2869959981, "key": 0, "osmid": "1395721718", "oneway": true, "lanes": "2", "name": "Ronda del Guinardó", "highway": "primary", "maxspeed": "50", "reversed": "False", "length": 81.026, "access": null, "junction": null, "ref": null, "width": null, "est_width": null, "tunnel": null, "bridge": null, "service": null }, "geometry": { "type": "LineString", "coordinates": [ [ 2.1746077, 41.4167709 ], [ 2.1747325, 41.4168772 ], [ 2.1750977, 41.4171846 ], [ 2.175124, 41.4172068 ], [ 2.175253, 41.4173157 ] ] } },
{ "type": "Feature", "properties": { "u": 2869959997, "v": 412444645, "key": 0, "osmid": [ 651560120, 1395721715 ], "oneway": true, "lanes": "2", "name": "Ronda del Guinardó", "highway": "primary", "maxspeed": "50", "reversed": "False", "length": 19.021, "access": null, "junction": null, "ref": null, "width": null, "est_width": null, "tunnel": null, "bridge": null, "service": null }, "geometry": { "type": "LineString", "coordinates": [ [ 2.1711913, 41.4142863 ], [ 2.1711442, 41.4142505 ], [ 2.171031, 41.4141646 ] ] } },
{ "type": "Feature", "properties": { "u": 2869959998, "v": 412444488, "key": 0, "osmid": "543578062", "oneway": true, "lanes": "2", "name": "Ronda del Guinardó", "highway": "primary", "maxspeed": "50", "reversed": "False", "length": 81.598, "access": null, "junction": null, "ref": null, "width": null, "est_width": null, "tunnel": null, "bridge": null, "service": null }, "geometry": { "type": "LineString", "coordinates": [ [ 2.1713989, 41.4140844 ], [ 2.1714837, 41.4141481 ], [ 2.171967, 41.414511 ], [ 2.1719916, 41.4145295 ], [ 2.1720904, 41.4146036 ] ] } },
{ "type": "Feature", "properties": { "u": 2881600611, "v": 7376904297, "key": 0, "osmid": "287871139", "oneway": true, "lanes": "4", "name": "Ronda del Guinardó", "highway": "primary", "maxspeed": "50", "reversed": "False", "length": 19.146, "access": null, "junction": null, "ref": null, "width": null, "est_width": null, "tunnel": null, "bridge": null, "service": null }, "geometry": { "type": "LineString", "coordinates": [ [ 2.1648782, 41.4117475 ], [ 2.1649727, 41.4117494 ], [ 2.1651074, 41.4117567 ] ] } },
{ "type": "Feature", "properties": { "u": 2888571939, "v": 760332202, "key": 0, "osmid": "285184651", "oneway": true, "lanes": "2", "name": "Carrer del Moianès", "highway": "primary_link", "maxspeed": "30", "reversed": "False", "length": 14.449, "access": null, "junction": null, "ref": null, "width": "6", "est_width": null, "tunnel": null, "bridge": null, "service": null }, "geometry": { "type": "LineString", "coordinates": [ [ 2.1423577, 41.3701045 ], [ 2.1424486, 41.3699939 ] ] } },
{ "type": "Feature", "properties": { "u": 2888571940, "v": 760332221, "key": 0, "osmid": "285184652", "oneway": true, "lanes": "2", "name": "Carrer de Sant Pere d'Abanto", "highway": "primary_link", "maxspeed": "50", "reversed": "False", "length": 11.842, "access": null, "junction": null, "ref": null, "width": null, "est_width": null, "tunnel": null, "bridge": null, "service": null }, "geometry": { "type": "LineString", "coordinates": [ [ 2.1437874, 41.3711544 ], [ 2.14387, 41.3710678 ] ] } },
{ "type": "Feature", "properties": { "u": 2891400538, "v": 760332202, "key": 0, "osmid": [ 545021320, 285182796 ], "oneway": false, "lanes": "6", "name": "Gran Via de les Corts Catalanes", "highway": "primary", "maxspeed": "50", "reversed": "False", "length": 235.86, "access": null, "junction": null, "ref": "C-31", "width": "22", "est_width": null, "tunnel": null, "bridge": null, "service": null }, "geometry": { "type": "LineString", "coordinates": [ [ 2.1404531, 41.3684919 ], [ 2.1404946, 41.3685234 ], [ 2.1408712, 41.3688092 ], [ 2.1408954, 41.3688274 ], [ 2.1409178, 41.3688437 ], [ 2.1412623, 41.3690978 ], [ 2.1415, 41.3692834 ], [ 2.1418635, 41.36956 ], [ 2.1419844, 41.3696531 ], [ 2.1420201, 41.3696792 ], [ 2.1423501, 41.3699234 ], [ 2.1424486, 41.3699939 ] ] } },
{ "type": "Feature", "properties": { "u": 2891400538, "v": 5387890125, "key": 0, "osmid": [ 753154730, 545747622 ], "oneway": false, "lanes": "6", "name": "Gran Via de les Corts Catalanes", "highway": "primary", "maxspeed": "50", "reversed": "True", "length": 117.137, "access": null, "junction": null, "ref": "C-31", "width": "21", "est_width": null, "tunnel": null, "bridge": null, "service": null }, "geometry": { "type": "LineString", "coordinates": [ [ 2.1404531, 41.3684919 ], [ 2.1403947, 41.3684463 ], [ 2.1403098, 41.3683838 ], [ 2.1402644, 41.3683501 ], [ 2.140148, 41.368267 ], [ 2.1396491, 41.3678878 ], [ 2.1396366, 41.3678781 ], [ 2.1396241, 41.3678684 ], [ 2.1395261, 41.3677943 ], [ 2.1394742, 41.3677558 ], [ 2.1394611, 41.3677467 ] ] } },
{ "type": "Feature", "properties": { "u": 2914411511, "v": 2087205005, "key": 0, "osmid": [ 821143059, 543401879 ], "oneway": true, "lanes": "3", "name": "Ronda del General Mitre", "highway": "primary", "maxspeed": "50", "reversed": "False", "length": 130.827, "access": null, "junction": null, "ref": null, "width": "9", "est_width": null, "tunnel": null, "bridge": null, "service": null }, "geometry": { "type": "LineString", "coordinates": [ [ 2.1333191, 41.3983327 ], [ 2.133408, 41.3984445 ], [ 2.1338276, 41.3989048 ], [ 2.1340476, 41.3991461 ], [ 2.1340682, 41.3991688 ], [ 2.1341597, 41.3992619 ], [ 2.1342038, 41.3993037 ] ] } },
{ "type": "Feature", "properties": { "u": 2936643034, "v": 1120489442, "key": 0, "osmid": "920932687", "oneway": true, "lanes": "5", "name": "Avinguda Meridiana", "highway": "primary", "maxspeed": "50", "reversed": "False", "length": 17.924, "access": null, "junction": null, "ref": null, "width": null, "est_width": null, "tunnel": null, "bridge": null, "service": null }, "geometry": { "type": "LineString", "coordinates": [ [ 2.1863569, 41.4431292 ], [ 2.1863438, 41.4430827 ], [ 2.1863046, 41.4429729 ] ] } },
{ "type": "Feature", "properties": { "u": 2936643036, "v": 2936643038, "key": 0, "osmid": "1395726204", "oneway": true, "lanes": "2", "name": "Avinguda de Rio de Janeiro", "highway": "primary", "maxspeed": "50", "reversed": "False", "length": 10.032, "access": null, "junction": null, "ref": null, "width": null, "est_width": null, "tunnel": null, "bridge": null, "service": null }, "geometry": { "type": "LineString", "coordinates": [ [ 2.1856354, 41.442474 ], [ 2.1857154, 41.4425414 ] ] } },
{ "type": "Feature", "properties": { "u": 2936643037, "v": 415994538, "key": 0, "osmid": [ 450125630, 29382573, 450125622, 29382575 ], "oneway": true, "lanes": "4", "name": "Avinguda Meridiana", "highway": "primary", "maxspeed": "50", "reversed": "False", "length": 678.186, "access": "yes", "junction": null, "ref": null, "width": [ "13", "12" ], "est_width": null, "tunnel": null, "bridge": "yes", "service": null }, "geometry": { "type": "LineString", "coordinates": [ [ 2.186122, 41.442401 ], [ 2.1860795, 41.4422374 ], [ 2.1859559, 41.4418353 ], [ 2.1858482, 41.4414451 ], [ 2.1854918, 41.4402592 ], [ 2.1853449, 41.4398149 ], [ 2.1852655, 41.4395627 ], [ 2.1847797, 41.4381464 ], [ 2.1845826, 41.4375498 ], [ 2.1842803, 41.4366265 ], [ 2.1842682, 41.4365926 ], [ 2.1842272, 41.4364704 ] ] } },
{ "type": "Feature", "properties": { "u": 2936643038, "v": 1120489442, "key": 0, "osmid": "920932686", "oneway": true, "lanes": "3", "name": "Avinguda de Rio de Janeiro", "highway": "primary", "maxspeed": "50", "reversed": "False", "length": 68.845, "access": null, "junction": null, "ref": null, "width": null, "est_width": null, "tunnel": null, "bridge": null, "service": null }, "geometry": { "type": "LineString", "coordinates": [ [ 2.1857154, 41.4425414 ], [ 2.1858373, 41.442636 ], [ 2.1858697, 41.4426607 ], [ 2.1860521, 41.4428151 ], [ 2.1861417, 41.4428779 ], [ 2.1862294, 41.4429318 ], [ 2.1863046, 41.4429729 ] ] } },
{ "type": "Feature", "properties": { "u": 2955004628, "v": 1137594372, "key": 0, "osmid": "472411906", "oneway": true, "lanes": null, "name": null, "highway": "motorway_link", "maxspeed": "50", "reversed": "False", "length": 53.883, "access": null, "junction": null, "ref": null, "width": null, "est_width": null, "tunnel": null, "bridge": null, "service": null }, "geometry": { "type": "LineString", "coordinates": [ [ 2.1890887, 41.4529442 ], [ 2.189001, 41.4534243 ] ] } },
{ "type": "Feature", "properties": { "u": 2955004628, "v": 840736526, "key": 0, "osmid": [ 21292177, 1057425612, 1057425613, 364431260 ], "oneway": true, "lanes": "2", "name": "Autovia de l'Ametlla", "highway": "trunk", "maxspeed": [ "80", "50" ], "reversed": "False", "length": 548.759, "access": null, "junction": null, "ref": "C-17", "width": null, "est_width": null, "tunnel": null, "bridge": null, "service": null }, "geometry": { "type": "LineString", "coordinates": [ [ 2.1890887, 41.4529442 ], [ 2.189086, 41.4530503 ], [ 2.1890764, 41.4534288 ], [ 2.1890657, 41.4535814 ], [ 2.1890625, 41.4536275 ], [ 2.1890325, 41.4539615 ], [ 2.1889703, 41.4545488 ], [ 2.1889223, 41.4551468 ], [ 2.1888992, 41.4555065 ], [ 2.1888443, 41.4559544 ], [ 2.1888209, 41.4561029 ], [ 2.1887566, 41.4563247 ], [ 2.1886702, 41.4565757 ], [ 2.1886171, 41.4566787 ], [ 2.1885614, 41.456777 ], [ 2.1884918, 41.4568882 ], [ 2.1884194, 41.4569799 ], [ 2.1883421, 41.4570723 ], [ 2.1882608, 41.4571574 ], [ 2.1881624, 41.4572558 ], [ 2.1880604, 41.4573428 ], [ 2.1878658, 41.4574986 ], [ 2.1877049, 41.4576189 ] ] } },
{ "type": "Feature", "properties": { "u": 2976987341, "v": 2936643036, "key": 0, "osmid": [ 1395726203, 1395726204 ], "oneway": true, "lanes": "2", "name": "Avinguda de Rio de Janeiro", "highway": "primary", "maxspeed": "50", "reversed": "False", "length": 299.955, "access": null, "junction": null, "ref": null, "width": null, "est_width": null, "tunnel": null, "bridge": null, "service": null }, "geometry": { "type": "LineString", "coordinates": [ [ 2.1832413, 41.4404602 ], [ 2.1832794, 41.4404898 ], [ 2.1833842, 41.4405804 ], [ 2.1843749, 41.4414104 ], [ 2.1850508, 41.4419746 ], [ 2.1852071, 41.4421051 ], [ 2.1855602, 41.442409 ], [ 2.1855923, 41.4424366 ], [ 2.1856354, 41.442474 ] ] } },
{ "type": "Feature", "properties": { "u": 2983305741, "v": 2456927924, "key": 0, "osmid": [ 237829127, 294719471 ], "oneway": true, "lanes": "1", "name": null, "highway": "trunk_link", "maxspeed": null, "reversed": "False", "length": 265.39, "access": null, "junction": null, "ref": null, "width": null, "est_width": null, "tunnel": "yes", "bridge": null, "service": null }, "geometry": { "type": "LineString", "coordinates": [ [ 2.1663358, 41.4417078 ], [ 2.1654658, 41.4413366 ], [ 2.1654319, 41.4413222 ], [ 2.165104, 41.441188 ], [ 2.1643486, 41.4409066 ], [ 2.1639322, 41.4407139 ], [ 2.1635743, 41.4405255 ] ] } },
{ "type": "Feature", "properties": { "u": 3049188159, "v": 3049188188, "key": 0, "osmid": [ 300828580, 307218980 ], "oneway": true, "lanes": "2", "name": "Gran Via de les Corts Catalanes", "highway": "trunk", "maxspeed": "50", "reversed": "False", "length": 399.459, "access": null, "junction": null, "ref": "C-31", "width": "5", "est_width": null, "tunnel": "yes", "bridge": null, "service": null }, "geometry": { "type": "LineString", "coordinates": [ [ 2.1356558, 41.3648481 ], [ 2.1359357, 41.3650666 ], [ 2.1384214, 41.3669222 ], [ 2.1386935, 41.367125 ], [ 2.1389047, 41.3672891 ], [ 2.139007, 41.3674087 ] ] } },
{ "type": "Feature", "properties": { "u": 3049188159, "v": 5162734736, "key": 0, "osmid": [ 300828593, 307218981 ], "oneway": true, "lanes": "1", "name": null, "highway": "trunk_link", "maxspeed": "50", "reversed": "False", "length": 222.637, "access": null, "junction": null, "ref": null, "width": "3", "est_width": null, "tunnel": "yes", "bridge": null, "service": null }, "geometry": { "type": "LineString", "coordinates": [ [ 2.1356558, 41.3648481 ], [ 2.1359692, 41.3650188 ], [ 2.1372463, 41.3659669 ], [ 2.1374708, 41.3661415 ], [ 2.1376104, 41.3662016 ] ] } },
{ "type": "Feature", "properties": { "u": 3049188188, "v": 1309411132, "key": 0, "osmid": [ 116025921, 300828575 ], "oneway": true, "lanes": "1", "name": "Gran Via de les Corts Catalanes", "highway": "primary_link", "maxspeed": "50", "reversed": "False", "length": 50.544, "access": null, "junction": null, "ref": null, "width": "3", "est_width": null, "tunnel": null, "bridge": null, "service": null }, "geometry": { "type": "LineString", "coordinates": [ [ 2.139007, 41.3674087 ], [ 2.1388448, 41.3673732 ], [ 2.138501, 41.3671711 ] ] } },
{ "type": "Feature", "properties": { "u": 3049188188, "v": 3049188160, "key": 0, "osmid": [ 307218977, 300828590 ], "oneway": true, "lanes": "2", "name": "Gran Via de les Corts Catalanes", "highway": "trunk", "maxspeed": "50", "reversed": "False", "length": 399.075, "access": null, "junction": null, "ref": "C-31", "width": "5", "est_width": null, "tunnel": "yes", "bridge": null, "service": null }, "geometry": { "type": "LineString", "coordinates": [ [ 2.139007, 41.3674087 ], [ 2.1386697, 41.3671953 ], [ 2.1383577, 41.3669601 ], [ 2.135897, 41.3651217 ], [ 2.1355878, 41.3649011 ] ] } },
{ "type": "Feature", "properties": { "u": 3049188188, "v": 5387890125, "key": 0, "osmid": [ 545021321, 285182795, 533269953, 300828583 ], "oneway": false, "lanes": "6", "name": "Gran Via de les Corts Catalanes", "highway": "primary", "maxspeed": "50", "reversed": "True", "length": 53.371, "access": null, "junction": null, "ref": "C-31", "width": "21", "est_width": null, "tunnel": null, "bridge": null, "service": null }, "geometry": { "type": "LineString", "coordinates": [ [ 2.139007, 41.3674087 ], [ 2.1391996, 41.367552 ], [ 2.1392991, 41.3676261 ], [ 2.1393108, 41.3676348 ], [ 2.1393412, 41.3676575 ], [ 2.1394265, 41.3677209 ], [ 2.1394611, 41.3677467 ] ] } },
{ "type": "Feature", "properties": { "u": 3049188195, "v": 3049188196, "key": 0, "osmid": "306281848", "oneway": true, "lanes": "1", "name": "Carrer d'Indíbil", "highway": "primary_link", "maxspeed": "30", "reversed": "False", "length": 14.028, "access": null, "junction": null, "ref": null, "width": null, "est_width": null, "tunnel": null, "bridge": null, "service": null }, "geometry": { "type": "LineString", "coordinates": [ [ 2.1429796, 41.3703944 ], [ 2.1428543, 41.3704785 ] ] } },
{ "type": "Feature", "properties": { "u": 3049188195, "v": 760332221, "key": 0, "osmid": "306281847", "oneway": false, "lanes": "6", "name": "Gran Via de les Corts Catalanes", "highway": "primary", "maxspeed": "50", "reversed": "False", "length": 105.491, "access": null, "junction": null, "ref": "C-31", "width": "22", "est_width": null, "tunnel": null, "bridge": null, "service": null }, "geometry": { "type": "LineString", "coordinates": [ [ 2.1429796, 41.3703944 ], [ 2.1430639, 41.3704577 ], [ 2.1437001, 41.3709351 ], [ 2.1437289, 41.3709566 ], [ 2.14387, 41.3710678 ] ] } },
{ "type": "Feature", "properties": { "u": 3049188195, "v": 760332202, "key": 0, "osmid": [ 285182794, 545747621 ], "oneway": false, "lanes": "6", "name": "Gran Via de les Corts Catalanes", "highway": "primary", "maxspeed": "50", "reversed": "True", "length": 62.854, "access": null, "junction": null, "ref": "C-31", "width": "22", "est_width": null, "tunnel": null, "bridge": null, "service": null }, "geometry": { "type": "LineString", "coordinates": [ [ 2.1429796, 41.3703944 ], [ 2.1429311, 41.3703612 ], [ 2.1428705, 41.3703197 ], [ 2.1428201, 41.3702852 ], [ 2.1426548, 41.3701551 ], [ 2.1426099, 41.3701214 ], [ 2.1424486, 41.3699939 ] ] } },
{ "type": "Feature", "properties": { "u": 3049188203, "v": 3049188205, "key": 0, "osmid": "300828568", "oneway": true, "lanes": "1", "name": "Gran Via de les Corts Catalanes", "highway": "primary_link", "maxspeed": "30", "reversed": "False", "length": 22.052, "access": "no", "junction": null, "ref": null, "width": null, "est_width": null, "tunnel": null, "bridge": null, "service": null }, "geometry": { "type": "LineString", "coordinates": [ [ 2.1468921, 41.3732624 ], [ 2.147027, 41.3732995 ], [ 2.1471381, 41.3733347 ] ] } },
{ "type": "Feature", "properties": { "u": 3049188203, "v": 11367386983, "key": 0, "osmid": [ 309197856, 540057569, 1393168906, 96828124 ], "oneway": true, "lanes": "3", "name": "Gran Via de les Corts Catalanes", "highway": "primary", "maxspeed": "40", "reversed": "False", "length": 470.349, "access": null, "junction": null, "ref": "C-31", "width": "7", "est_width": null, "tunnel": "yes", "bridge": null, "service": null }, "geometry": { "type": "LineString", "coordinates": [ [ 2.1468921, 41.3732624 ], [ 2.1470235, 41.3733544 ], [ 2.1472196, 41.3735022 ], [ 2.1475289, 41.3737382 ], [ 2.1480111, 41.3740988 ], [ 2.1481488, 41.374211 ], [ 2.1483119, 41.374344 ], [ 2.1485933, 41.3745262 ], [ 2.1487656, 41.3745944 ], [ 2.14893, 41.3746236 ], [ 2.149095, 41.3746344 ], [ 2.1492046, 41.3746427 ], [ 2.1493201, 41.3746652 ], [ 2.1494055, 41.374693 ], [ 2.1494751, 41.3747275 ], [ 2.1495518, 41.3747825 ], [ 2.1496081, 41.3748435 ], [ 2.1496544, 41.3749155 ], [ 2.1497244, 41.375112 ], [ 2.1497887, 41.3752635 ], [ 2.1498154, 41.3753145 ], [ 2.14985, 41.3753808 ], [ 2.149897, 41.3754611 ], [ 2.1499451, 41.3755423 ], [ 2.150037, 41.3756613 ], [ 2.1501122, 41.3757487 ], [ 2.1501855, 41.3758278 ], [ 2.1502766, 41.3759069 ], [ 2.1504091, 41.3760184 ], [ 2.150579, 41.3761496 ], [ 2.1506496, 41.3761708 ] ] } },
{ "type": "Feature", "properties": { "u": 3049188205, "v": 3049188208, "key": 0, "osmid": "300828581", "oneway": true, "lanes": "3", "name": "Gran Via de les Corts Catalanes (lateral mar)", "highway": "primary_link", "maxspeed": "30", "reversed": "False", "length": 34.452, "access": null, "junction": null, "ref": null, "width": "7", "est_width": null, "tunnel": null, "bridge": null, "service": null }, "geometry": { "type": "LineString", "coordinates": [ [ 2.1471381, 41.3733347 ], [ 2.1473135, 41.3734565 ], [ 2.1474355, 41.3735495 ] ] } },
{ "type": "Feature", "properties": { "u": 3049188208, "v": 168319807, "key": 0, "osmid": [ 1220407322, 300828587, 545715327 ], "oneway": true, "lanes": "3", "name": "Gran Via de les Corts Catalanes (lateral mar)", "highway": "primary_link", "maxspeed": [ "30", "50" ], "reversed": "False", "length": 181.447, "access": null, "junction": null, "ref": null, "width": "7", "est_width": null, "tunnel": null, "bridge": null, "service": null }, "geometry": { "type": "LineString", "coordinates": [ [ 2.1474355, 41.3735495 ], [ 2.147724, 41.3737611 ], [ 2.1480924, 41.3740407 ], [ 2.1481291, 41.3740681 ], [ 2.1481372, 41.3740739 ], [ 2.1483538, 41.374232 ], [ 2.1484811, 41.3743249 ], [ 2.1486523, 41.3744497 ], [ 2.1486907, 41.374475 ], [ 2.148731, 41.3744972 ], [ 2.1487769, 41.3745186 ], [ 2.1488219, 41.3745355 ], [ 2.1488696, 41.3745524 ], [ 2.1489429, 41.3745693 ], [ 2.1490048, 41.3745762 ], [ 2.1490731, 41.3745772 ] ] } },
{ "type": "Feature", "properties": { "u": 3109205926, "v": 1147391519, "key": 0, "osmid": "238179136", "oneway": true, "lanes": "2", "name": "Avinguda Meridiana", "highway": "primary", "maxspeed": "50", "reversed": "False", "length": 90.052, "access": null, "junction": null, "ref": null, "width": "11", "est_width": null, "tunnel": null, "bridge": null, "service": null }, "geometry": { "type": "LineString", "coordinates": [ [ 2.1870282, 41.4078089 ], [ 2.1870279, 41.4081167 ], [ 2.1870293, 41.4084062 ], [ 2.1870266, 41.408467 ], [ 2.1870255, 41.4085282 ], [ 2.1870233, 41.4086187 ] ] } },
{ "type": "Feature", "properties": { "u": 3136662657, "v": 432509969, "key": 0, "osmid": "84036380", "oneway": true, "lanes": "2", "name": "Carrer de Mandri", "highway": "primary_link", "maxspeed": "50", "reversed": "False", "length": 19.96, "access": null, "junction": null, "ref": null, "width": null, "est_width": null, "tunnel": null, "bridge": null, "service": null }, "geometry": { "type": "LineString", "coordinates": [ [ 2.1359643, 41.4014031 ], [ 2.135748, 41.4014799 ] ] } },
{ "type": "Feature", "properties": { "u": 3136662657, "v": 3136662659, "key": 0, "osmid": "308379360", "oneway": true, "lanes": null, "name": null, "highway": "primary_link", "maxspeed": "50", "reversed": "False", "length": 16.182, "access": null, "junction": null, "ref": null, "width": null, "est_width": null, "tunnel": null, "bridge": null, "service": null }, "geometry": { "type": "LineString", "coordinates": [ [ 2.1359643, 41.4014031 ], [ 2.1358752, 41.401388 ], [ 2.1358499, 41.4013649 ], [ 2.1358137, 41.4013264 ] ] } },
{ "type": "Feature", "properties": { "u": 3136662659, "v": 1496396360, "key": 0, "osmid": "237506926", "oneway": true, "lanes": "2", "name": "Carrer de Mandri", "highway": "primary_link", "maxspeed": "50", "reversed": "False", "length": 34.11, "access": null, "junction": null, "ref": null, "width": null, "est_width": null, "tunnel": null, "bridge": null, "service": null }, "geometry": { "type": "LineString", "coordinates": [ [ 2.1358137, 41.4013264 ], [ 2.1358645, 41.4012102 ], [ 2.1358824, 41.4011636 ], [ 2.1359116, 41.4010294 ] ] } },
{ "type": "Feature", "properties": { "u": 3172138419, "v": 323191073, "key": 0, "osmid": "918357402", "oneway": true, "lanes": "2", "name": "Via Augusta", "highway": "primary", "maxspeed": "50", "reversed": "False", "length": 19.163, "access": null, "junction": null, "ref": null, "width": null, "est_width": null, "tunnel": null, "bridge": null, "service": null }, "geometry": { "type": "LineString", "coordinates": [ [ 2.1253456, 41.3987502 ], [ 2.1251436, 41.3988323 ] ] } },
{ "type": "Feature", "properties": { "u": 3182649498, "v": 540312574, "key": 0, "osmid": [ 675523870, 43125903 ], "oneway": true, "lanes": "1", "name": "Rambla de Badal", "highway": "primary_link", "maxspeed": "50", "reversed": "False", "length": 172.692, "access": null, "junction": null, "ref": null, "width": null, "est_width": null, "tunnel": "yes", "bridge": null, "service": null }, "geometry": { "type": "LineString", "coordinates": [ [ 2.1328335, 41.3697666 ], [ 2.1327437, 41.3698937 ], [ 2.1324353, 41.3706887 ], [ 2.132314, 41.370909 ], [ 2.1322872, 41.3709576 ], [ 2.1322113, 41.3710782 ], [ 2.132122, 41.37122 ] ] } },
{ "type": "Feature", "properties": { "u": 3182649502, "v": 3182649504, "key": 0, "osmid": [ 312406864, 42492958 ], "oneway": true, "lanes": null, "name": null, "highway": "primary_link", "maxspeed": "50", "reversed": "False", "length": 117.711, "access": null, "junction": null, "ref": null, "width": null, "est_width": null, "tunnel": "yes", "bridge": null, "service": null }, "geometry": { "type": "LineString", "coordinates": [ [ 2.1306065, 41.3757154 ], [ 2.1303446, 41.3762593 ], [ 2.1302542, 41.3764579 ], [ 2.1302191, 41.3765351 ], [ 2.1301216, 41.3767092 ] ] } },
{ "type": "Feature", "properties": { "u": 3182649504, "v": 540312582, "key": 0, "osmid": [ 34054320, 1395710328 ], "oneway": true, "lanes": "2", "name": "Ronda del Mig", "highway": "primary", "maxspeed": "60", "reversed": "False", "length": 363.304, "access": null, "junction": null, "ref": null, "width": null, "est_width": null, "tunnel": "yes", "bridge": null, "service": null }, "geometry": { "type": "LineString", "coordinates": [ [ 2.1301216, 41.3767092 ], [ 2.1300121, 41.3770083 ], [ 2.1294395, 41.3786279 ], [ 2.1292368, 41.3792404 ], [ 2.129155, 41.3794877 ], [ 2.1290531, 41.3797957 ], [ 2.129028, 41.3798716 ] ] } },
{ "type": "Feature", "properties": { "u": 3191418779, "v": 3191418780, "key": 0, "osmid": "313235630", "oneway": true, "lanes": null, "name": "Carrer de Copèrnic", "highway": "primary_link", "maxspeed": "50", "reversed": "False", "length": 15.639, "access": null, "junction": null, "ref": null, "width": null, "est_width": null, "tunnel": null, "bridge": null, "service": null }, "geometry": { "type": "LineString", "coordinates": [ [ 2.134865, 41.3999454 ], [ 2.1346778, 41.3999534 ] ] } },
{ "type": "Feature", "properties": { "u": 3191418779, "v": 1002675910, "key": 0, "osmid": [ 821143064, 821143061, 313235629 ], "oneway": true, "lanes": "3", "name": "Ronda del General Mitre", "highway": "primary", "maxspeed": "50", "reversed": "False", "length": 141.149, "access": null, "junction": null, "ref": null, "width": null, "est_width": null, "tunnel": null, "bridge": null, "service": null }, "geometry": { "type": "LineString", "coordinates": [ [ 2.134865, 41.3999454 ], [ 2.1350529, 41.4001188 ], [ 2.1350925, 41.4001554 ], [ 2.1354899, 41.4004989 ], [ 2.135793, 41.4007609 ], [ 2.1358232, 41.400787 ], [ 2.1359755, 41.4009026 ] ] } },
{ "type": "Feature", "properties": { "u": 3191418780, "v": 2087205007, "key": 0, "osmid": [ 237515358, 1395714799 ], "oneway": true, "lanes": "3", "name": "Ronda del General Mitre", "highway": "primary", "maxspeed": "50", "reversed": "False", "length": 76.403, "access": null, "junction": null, "ref": null, "width": "7", "est_width": null, "tunnel": null, "bridge": null, "service": null }, "geometry": { "type": "LineString", "coordinates": [ [ 2.1346778, 41.3999534 ], [ 2.134555, 41.399832 ], [ 2.1342767, 41.399557 ], [ 2.1342406, 41.3995213 ], [ 2.1341252, 41.3994054 ] ] } },
{ "type": "Feature", "properties": { "u": 3191418787, "v": 2458217791, "key": 0, "osmid": "313235642", "oneway": true, "lanes": "2", "name": "Travessera de Dalt", "highway": "primary", "maxspeed": "50", "reversed": "False", "length": 13.342, "access": null, "junction": null, "ref": null, "width": null, "est_width": null, "tunnel": null, "bridge": null, "service": null }, "geometry": { "type": "LineString", "coordinates": [ [ 2.1575449, 41.4112538 ], [ 2.1574212, 41.4111777 ] ] } },
{ "type": "Feature", "properties": { "u": 3193312157, "v": 10253033785, "key": 0, "osmid": "373434809", "oneway": true, "lanes": "6", "name": "Carrer d'Aragó", "highway": "primary", "maxspeed": "50", "reversed": "False", "length": 64.736, "access": "yes", "junction": null, "ref": null, "width": null, "est_width": null, "tunnel": null, "bridge": null, "service": null }, "geometry": { "type": "LineString", "coordinates": [ [ 2.1765478, 41.400943 ], [ 2.1763826, 41.4008177 ], [ 2.1762369, 41.4007152 ], [ 2.176172, 41.4006662 ], [ 2.1759909, 41.4005376 ] ] } },
{ "type": "Feature", "properties": { "u": 3193317991, "v": 30242877, "key": 0, "osmid": "313379195", "oneway": true, "lanes": "3", "name": "Carrer del Consell de Cent", "highway": "primary", "maxspeed": "30", "reversed": "False", "length": 70.117, "access": "yes", "junction": null, "ref": null, "width": "7", "est_width": null, "tunnel": null, "bridge": null, "service": null }, "geometry": { "type": "LineString", "coordinates": [ [ 2.1788592, 41.400962 ], [ 2.1789907, 41.4010559 ], [ 2.1792618, 41.4012544 ], [ 2.1792796, 41.4012694 ], [ 2.179461, 41.4014022 ] ] } },
{ "type": "Feature", "properties": { "u": 3193317991, "v": 30556416, "key": 0, "osmid": [ 674507833, 313379198, 44029287 ], "oneway": true, "lanes": "5", "name": "Carrer de la Marina", "highway": "primary", "maxspeed": "50", "reversed": "False", "length": 135.046, "access": null, "junction": null, "ref": null, "width": [ "12", "15" ], "est_width": null, "tunnel": null, "bridge": null, "service": null }, "geometry": { "type": "LineString", "coordinates": [ [ 2.1788592, 41.400962 ], [ 2.1788268, 41.4009924 ], [ 2.1787902, 41.401025 ], [ 2.1787017, 41.4011099 ], [ 2.1786809, 41.4011302 ], [ 2.1786185, 41.4011956 ], [ 2.1785958, 41.4012187 ], [ 2.1785326, 41.4012796 ], [ 2.1785097, 41.4013045 ], [ 2.178438, 41.4013759 ], [ 2.1784059, 41.4014084 ], [ 2.1783646, 41.401445 ], [ 2.1783389, 41.4014677 ], [ 2.1781002, 41.4016942 ], [ 2.1780616, 41.4017252 ], [ 2.1780286, 41.4017523 ], [ 2.1779015, 41.4018526 ], [ 2.1778581, 41.4018827 ], [ 2.1778328, 41.4018988 ] ] } },
{ "type": "Feature", "properties": { "u": 3199153776, "v": 8563410323, "key": 0, "osmid": [ 313874336, 201174483, 313874335 ], "oneway": true, "lanes": [ "1", "2" ], "name": "Avinguda dels Rasos de Peguera", "highway": [ "residential", "trunk_link" ], "maxspeed": [ "40", "30" ], "reversed": "False", "length": 100.079, "access": null, "junction": null, "ref": null, "width": null, "est_width": null, "tunnel": "yes", "bridge": null, "service": null }, "geometry": { "type": "LineString", "coordinates": [ [ 2.1799467, 41.4628358 ], [ 2.1800315, 41.4626238 ], [ 2.1800527, 41.4625689 ], [ 2.1800633, 41.4625328 ], [ 2.1800586, 41.4625044 ], [ 2.1800396, 41.462475 ], [ 2.1800152, 41.4624572 ], [ 2.179767, 41.4623737 ], [ 2.1796264, 41.4623219 ], [ 2.179485, 41.4622302 ], [ 2.1794568, 41.4622006 ] ] } },
{ "type": "Feature", "properties": { "u": 3199153776, "v": 316877741, "key": 0, "osmid": [ 521051954, 521203475 ], "oneway": true, "lanes": "2", "name": "Autovia de l'Ametlla", "highway": "trunk", "maxspeed": "50", "reversed": "False", "length": 119.628, "access": "yes", "junction": null, "ref": "C-17", "width": null, "est_width": null, "tunnel": null, "bridge": null, "service": null }, "geometry": { "type": "LineString", "coordinates": [ [ 2.1799467, 41.4628358 ], [ 2.1801136, 41.4625758 ], [ 2.1802254, 41.4623879 ], [ 2.180561, 41.4618635 ] ] } },
{ "type": "Feature", "properties": { "u": 3200354845, "v": 1100295130, "key": 0, "osmid": "238179136", "oneway": true, "lanes": "2", "name": "Avinguda Meridiana", "highway": "primary", "maxspeed": "50", "reversed": "False", "length": 22.94, "access": null, "junction": null, "ref": null, "width": "11", "est_width": null, "tunnel": null, "bridge": null, "service": null }, "geometry": { "type": "LineString", "coordinates": [ [ 2.1870303, 41.4070711 ], [ 2.1870297, 41.407131 ], [ 2.1870293, 41.4072774 ] ] } },
{ "type": "Feature", "properties": { "u": 3229689808, "v": 30254225, "key": 0, "osmid": [ 1392183136, 18522669, 545718430 ], "oneway": true, "lanes": "5", "name": "Gran Via de les Corts Catalanes", "highway": "primary", "maxspeed": "50", "reversed": "False", "length": 155.871, "access": null, "junction": null, "ref": "C-31", "width": "14", "est_width": null, "tunnel": null, "bridge": null, "service": null }, "geometry": { "type": "LineString", "coordinates": [ [ 2.1685474, 41.389637 ], [ 2.1685988, 41.3896786 ], [ 2.1689975, 41.3899699 ], [ 2.1693049, 41.3901945 ], [ 2.1696216, 41.3904242 ], [ 2.1696853, 41.3904704 ], [ 2.1697489, 41.3905165 ], [ 2.1698831, 41.3906171 ] ] } },
{ "type": "Feature", "properties": { "u": 3299255720, "v": 760332214, "key": 0, "osmid": "545747623", "oneway": true, "lanes": "3", "name": "Gran Via de les Corts Catalanes (lateral muntanya)", "highway": "primary_link", "maxspeed": "50", "reversed": "False", "length": 7.222, "access": null, "junction": null, "ref": null, "width": "6", "est_width": null, "tunnel": null, "bridge": null, "service": null }, "geometry": { "type": "LineString", "coordinates": [ [ 2.1375616, 41.3664782 ], [ 2.1375016, 41.3664314 ] ] } },
{ "type": "Feature", "properties": { "u": 3299255727, "v": 11306272016, "key": 0, "osmid": "300828576", "oneway": true, "lanes": "3", "name": "Gran Via de les Corts Catalanes (lateral mar)", "highway": "primary_link", "maxspeed": "50", "reversed": "False", "length": 92.519, "access": null, "junction": null, "ref": null, "width": "8", "est_width": null, "tunnel": null, "bridge": null, "service": null }, "geometry": { "type": "LineString", "coordinates": [ [ 2.1377193, 41.3662913 ], [ 2.137769, 41.3663281 ], [ 2.1377767, 41.3663338 ], [ 2.1377961, 41.3663485 ], [ 2.137809, 41.3663588 ], [ 2.1383807, 41.3667827 ], [ 2.1385059, 41.3668776 ] ] } },
{ "type": "Feature", "properties": { "u": 3308698041, "v": 701887661, "key": 0, "osmid": "546607930", "oneway": true, "lanes": "3", "name": "Plaça de Botticelli", "highway": "primary", "maxspeed": "50", "reversed": "False", "length": 2.618, "access": null, "junction": "circular", "ref": null, "width": null, "est_width": null, "tunnel": null, "bridge": null, "service": null }, "geometry": { "type": "LineString", "coordinates": [ [ 2.1525828, 41.4332419 ], [ 2.1526142, 41.4332416 ] ] } },
{ "type": "Feature", "properties": { "u": 3314271774, "v": 71643529, "key": 0, "osmid": [ 545718432, 545030298, 328020781, 237525159 ], "oneway": true, "lanes": "5", "name": "Gran Via de les Corts Catalanes", "highway": "primary", "maxspeed": "50", "reversed": "False", "length": 267.393, "access": null, "junction": null, "ref": "C-31", "width": "12", "est_width": null, "tunnel": null, "bridge": null, "service": null }, "geometry": { "type": "LineString", "coordinates": [ [ 2.1631006, 41.3855399 ], [ 2.1632205, 41.38563 ], [ 2.1638717, 41.3861226 ], [ 2.1639469, 41.3861825 ], [ 2.1639811, 41.3862089 ], [ 2.1641153, 41.3863103 ], [ 2.1642385, 41.386403 ], [ 2.1651159, 41.3870422 ], [ 2.1651835, 41.3870914 ], [ 2.1653796, 41.3872305 ] ] } },
{ "type": "Feature", "properties": { "u": 3358603033, "v": 559420263, "key": 0, "osmid": [ 310970699, 545747655 ], "oneway": true, "lanes": "2", "name": "Gran Via de les Corts Catalanes (lateral muntanya)", "highway": "primary_link", "maxspeed": "50", "reversed": "False", "length": 173.908, "access": null, "junction": null, "ref": null, "width": null, "est_width": null, "tunnel": null, "bridge": null, "service": null }, "geometry": { "type": "LineString", "coordinates": [ [ 2.2073684, 41.4189114 ], [ 2.2072213, 41.4188026 ], [ 2.2071836, 41.4187748 ], [ 2.2069568, 41.4186071 ], [ 2.2069323, 41.418589 ], [ 2.206068, 41.4179498 ], [ 2.2060303, 41.4179206 ], [ 2.2058844, 41.4178125 ] ] } },
{ "type": "Feature", "properties": { "u": 3621509846, "v": 12896018417, "key": 0, "osmid": "1393162856", "oneway": true, "lanes": "2", "name": "Gran Via de les Corts Catalanes (lateral muntanya)", "highway": "primary", "maxspeed": "50", "reversed": "False", "length": 9.152, "access": null, "junction": null, "ref": null, "width": "6", "est_width": null, "tunnel": null, "bridge": null, "service": null }, "geometry": { "type": "LineString", "coordinates": [ [ 2.1356367, 41.3651405 ], [ 2.1355805, 41.3651196 ], [ 2.1355365, 41.3651073 ] ] } },
{ "type": "Feature", "properties": { "u": 3684771636, "v": 2087900206, "key": 0, "osmid": "364431263", "oneway": true, "lanes": "1", "name": "Carril BUS-VAO", "highway": "trunk_link", "maxspeed": "50", "reversed": "False", "length": 215.154, "access": "designated", "junction": null, "ref": null, "width": null, "est_width": null, "tunnel": null, "bridge": null, "service": null }, "geometry": { "type": "LineString", "coordinates": [ [ 2.1889097, 41.4543168 ], [ 2.188774, 41.4547583 ], [ 2.1887252, 41.4549371 ], [ 2.1886415, 41.455218 ], [ 2.1885994, 41.4553354 ], [ 2.1885501, 41.4554589 ], [ 2.1884529, 41.455682 ], [ 2.1882029, 41.4561739 ] ] } },
{ "type": "Feature", "properties": { "u": 3684771636, "v": 316877790, "key": 0, "osmid": [ 567599809, 98324066 ], "oneway": true, "lanes": "2", "name": "Enllaç C-33 / C-58", "highway": "motorway_link", "maxspeed": [ "80", "50" ], "reversed": "False", "length": 147.465, "access": null, "junction": null, "ref": null, "width": null, "est_width": null, "tunnel": null, "bridge": null, "service": null }, "geometry": { "type": "LineString", "coordinates": [ [ 2.1889097, 41.4543168 ], [ 2.1888585, 41.454653 ], [ 2.1888162, 41.4548716 ], [ 2.1887642, 41.4550963 ], [ 2.1887304, 41.4552213 ], [ 2.1886738, 41.4554216 ], [ 2.1886162, 41.4556236 ] ] } },
{ "type": "Feature", "properties": { "u": 3807075709, "v": 12643326925, "key": 0, "osmid": [ 450125628, 29382666, 450125614, 29382577, 378353276 ], "oneway": true, "lanes": [ "4", "3", "5" ], "name": "Avinguda Meridiana", "highway": "primary", "maxspeed": "50", "reversed": "False", "length": 572.654, "access": null, "junction": null, "ref": null, "width": [ "12", "10", "14", "11" ], "est_width": null, "tunnel": null, "bridge": "yes", "service": null }, "geometry": { "type": "LineString", "coordinates": [ [ 2.1844228, 41.4364532 ], [ 2.1844445, 41.4365136 ], [ 2.1844561, 41.4365553 ], [ 2.1846786, 41.4372313 ], [ 2.1849208, 41.4379576 ], [ 2.1850653, 41.4383832 ], [ 2.185199, 41.4387694 ], [ 2.1854749, 41.4395858 ], [ 2.1855523, 41.4398252 ], [ 2.1857791, 41.4405548 ], [ 2.185965, 41.4411644 ], [ 2.1860574, 41.441455 ] ] } },
{ "type": "Feature", "properties": { "u": 3822859920, "v": 1695282664, "key": 0, "osmid": [ 157321752, 1111830350 ], "oneway": true, "lanes": [ "1", "3" ], "name": "Avinguda dels Quinze", "highway": "primary", "maxspeed": "50", "reversed": "False", "length": 69.638, "access": null, "junction": null, "ref": null, "width": "9", "est_width": null, "tunnel": null, "bridge": null, "service": null }, "geometry": { "type": "LineString", "coordinates": [ [ 2.1744712, 41.4303104 ], [ 2.174401, 41.4302445 ], [ 2.1743835, 41.4302209 ], [ 2.1743763, 41.4301944 ], [ 2.1743728, 41.4301691 ], [ 2.1743724, 41.4301304 ], [ 2.1743704, 41.4300876 ], [ 2.1743684, 41.4300335 ], [ 2.1743665, 41.4298258 ], [ 2.1743665, 41.4297067 ] ] } },
{ "type": "Feature", "properties": { "u": 3827694228, "v": 416012188, "key": 0, "osmid": [ 542848072, 237657746, 493200563, 1395726190 ], "oneway": true, "lanes": "3", "name": "Carrer d'Arnau d'Oms", "highway": "primary", "maxspeed": "50", "reversed": "False", "length": 90.098, "access": null, "junction": null, "ref": null, "width": "11", "est_width": null, "tunnel": null, "bridge": null, "service": null }, "geometry": { "type": "LineString", "coordinates": [ [ 2.1773237, 41.4286822 ], [ 2.1773247, 41.4287103 ], [ 2.177327, 41.4287799 ], [ 2.1773377, 41.4290941 ], [ 2.1773392, 41.429175 ], [ 2.1773416, 41.4292994 ], [ 2.1773434, 41.4293251 ], [ 2.1773483, 41.4294068 ], [ 2.1773501, 41.429437 ], [ 2.1773534, 41.4294921 ] ] } },
{ "type": "Feature", "properties": { "u": 3889234274, "v": 2468906560, "key": 0, "osmid": [ 1395730800, 237695633 ], "oneway": true, "lanes": "3", "name": "Avinguda dels Quinze", "highway": "primary", "maxspeed": "50", "reversed": "False", "length": 59.696, "access": null, "junction": null, "ref": null, "width": "9", "est_width": null, "tunnel": null, "bridge": null, "service": null }, "geometry": { "type": "LineString", "coordinates": [ [ 2.1760552, 41.4261152 ], [ 2.1760996, 41.4259887 ], [ 2.1762015, 41.425698 ], [ 2.1762262, 41.4256244 ], [ 2.1762358, 41.4255957 ] ] } },
{ "type": "Feature", "properties": { "u": 3922954360, "v": 6218586069, "key": 0, "osmid": "100553196", "oneway": true, "lanes": "1", "name": null, "highway": "trunk_link", "maxspeed": "60", "reversed": "False", "length": 7.748, "access": null, "junction": null, "ref": null, "width": null, "est_width": null, "tunnel": null, "bridge": null, "service": null }, "geometry": { "type": "LineString", "coordinates": [ [ 2.179657, 41.4459545 ], [ 2.1797468, 41.4459725 ] ] } },
{ "type": "Feature", "properties": { "u": 3934957720, "v": 323168835, "key": 0, "osmid": "100553201", "oneway": true, "lanes": "4", "name": "Avinguda Meridiana", "highway": "primary", "maxspeed": "50", "reversed": "False", "length": 153.546, "access": null, "junction": null, "ref": null, "width": null, "est_width": null, "tunnel": null, "bridge": null, "service": null }, "geometry": { "type": "LineString", "coordinates": [ [ 2.1870683, 41.4453115 ], [ 2.1869318, 41.444906 ], [ 2.1867337, 41.4443311 ], [ 2.1866578, 41.4440874 ], [ 2.1866451, 41.4440525 ], [ 2.1866218, 41.4439719 ] ] } },
{ "type": "Feature", "properties": { "u": 3934957720, "v": 3934957717, "key": 0, "osmid": "390336852", "oneway": true, "lanes": "1", "name": "Plaça de Can Dragó", "highway": "primary_link", "maxspeed": "50", "reversed": "False", "length": 97.03, "access": null, "junction": null, "ref": null, "width": null, "est_width": null, "tunnel": null, "bridge": null, "service": null }, "geometry": { "type": "LineString", "coordinates": [ [ 2.1870683, 41.4453115 ], [ 2.1868037, 41.4449372 ], [ 2.186723, 41.44485 ], [ 2.1866566, 41.444778 ], [ 2.1865698, 41.4446863 ], [ 2.1864889, 41.4445569 ] ] } },
{ "type": "Feature", "properties": { "u": 4005924750, "v": 574969022, "key": 0, "osmid": "45272799", "oneway": true, "lanes": "1", "name": null, "highway": "trunk_link", "maxspeed": null, "reversed": "False", "length": 157.286, "access": null, "junction": null, "ref": null, "width": null, "est_width": null, "tunnel": null, "bridge": null, "service": null }, "geometry": { "type": "LineString", "coordinates": [ [ 2.121783, 41.3397032 ], [ 2.1217545, 41.3398362 ], [ 2.1217722, 41.3399001 ], [ 2.1217911, 41.3399364 ], [ 2.1218321, 41.3399838 ], [ 2.1218802, 41.3400213 ], [ 2.121942, 41.3400597 ], [ 2.1220271, 41.3401036 ], [ 2.1221109, 41.3401426 ], [ 2.122711, 41.3403959 ], [ 2.1231038, 41.3405617 ] ] } },
{ "type": "Feature", "properties": { "u": 4022831609, "v": 30237643, "key": 0, "osmid": "1408526881", "oneway": true, "lanes": "5", "name": "Carrer d'Aragó", "highway": "primary", "maxspeed": "50", "reversed": "False", "length": 71.018, "access": "yes", "junction": null, "ref": null, "width": "15", "est_width": null, "tunnel": null, "bridge": null, "service": null }, "geometry": { "type": "LineString", "coordinates": [ [ 2.160201, 41.3886507 ], [ 2.1601834, 41.3886368 ], [ 2.159896, 41.3884208 ], [ 2.1598191, 41.3883645 ], [ 2.1595996, 41.3881987 ] ] } },
{ "type": "Feature", "properties": { "u": 4127392690, "v": 376751686, "key": 0, "osmid": "33212769", "oneway": true, "lanes": null, "name": null, "highway": "trunk_link", "maxspeed": null, "reversed": "False", "length": 87.848, "access": null, "junction": null, "ref": "4", "width": null, "est_width": null, "tunnel": null, "bridge": null, "service": null }, "geometry": { "type": "LineString", "coordinates": [ [ 2.1465293, 41.4341961 ], [ 2.146434, 41.433913 ], [ 2.1463646, 41.4337543 ], [ 2.146254, 41.4334338 ] ] } },
{ "type": "Feature", "properties": { "u": 4130763475, "v": 4416582821, "key": 0, "osmid": "310048338", "oneway": true, "lanes": "2", "name": "Avinguda de l'Estatut de Catalunya", "highway": "primary", "maxspeed": "50", "reversed": "False", "length": 48.952, "access": null, "junction": null, "ref": null, "width": null, "est_width": null, "tunnel": null, "bridge": null, "service": null }, "geometry": { "type": "LineString", "coordinates": [ [ 2.1554018, 41.4304738 ], [ 2.1554392, 41.4304486 ], [ 2.1554784, 41.4304126 ], [ 2.1555298, 41.4303598 ], [ 2.1556457, 41.4302296 ], [ 2.1557485, 41.4301198 ] ] } },
{ "type": "Feature", "properties": { "u": 4189406778, "v": 3822859920, "key": 0, "osmid": "418990401", "oneway": true, "lanes": "3", "name": "Passeig de Fabra i Puig", "highway": "primary", "maxspeed": "30", "reversed": "False", "length": 17.609, "access": null, "junction": null, "ref": null, "width": "12", "est_width": null, "tunnel": null, "bridge": null, "service": null }, "geometry": { "type": "LineString", "coordinates": [ [ 2.1746821, 41.4303184 ], [ 2.1745669, 41.4303157 ], [ 2.1744712, 41.4303104 ] ] } },
{ "type": "Feature", "properties": { "u": 4251794057, "v": 1162558777, "key": 0, "osmid": [ 98324067, 310096900, 450070502, 29379316, 29379318 ], "oneway": true, "lanes": [ "6", "7" ], "name": "Avinguda Meridiana", "highway": "primary", "maxspeed": "50", "reversed": "False", "length": 228.1, "access": "yes", "junction": null, "ref": null, "width": [ "20", "23" ], "est_width": null, "tunnel": null, "bridge": "yes", "service": null }, "geometry": { "type": "LineString", "coordinates": [ [ 2.1880673, 41.4484835 ], [ 2.1879751, 41.4481515 ], [ 2.1878334, 41.4476942 ], [ 2.1876962, 41.4472678 ], [ 2.1875608, 41.4468385 ], [ 2.1874911, 41.4466142 ], [ 2.1874425, 41.4464866 ] ] } },
{ "type": "Feature", "properties": { "u": 4327379292, "v": 1137594647, "key": 0, "osmid": [ 501616754, 450070501 ], "oneway": true, "lanes": "4", "name": "Avinguda Meridiana", "highway": "primary", "maxspeed": "50", "reversed": "False", "length": 78.805, "access": null, "junction": null, "ref": null, "width": [ "13", "14" ], "est_width": null, "tunnel": null, "bridge": null, "service": null }, "geometry": { "type": "LineString", "coordinates": [ [ 2.1886071, 41.449335 ], [ 2.1886478, 41.4494508 ], [ 2.1886675, 41.4495136 ], [ 2.1887393, 41.4497291 ], [ 2.1887877, 41.4498967 ], [ 2.188789, 41.4499011 ], [ 2.1888246, 41.4500246 ] ] } },
{ "type": "Feature", "properties": { "u": 4414985711, "v": 541643976, "key": 0, "osmid": "1000633517", "oneway": true, "lanes": "3", "name": "Gran Via de les Corts Catalanes", "highway": "primary", "maxspeed": "50", "reversed": "False", "length": 19.091, "access": null, "junction": null, "ref": "C-31", "width": null, "est_width": null, "tunnel": null, "bridge": null, "service": null }, "geometry": { "type": "LineString", "coordinates": [ [ 2.1834194, 41.4007267 ], [ 2.1835902, 41.400841 ] ] } },
{ "type": "Feature", "properties": { "u": 4416582771, "v": 629306774, "key": 0, "osmid": "49522714", "oneway": true, "lanes": "2", "name": "Avinguda de l'Estatut de Catalunya", "highway": "primary", "maxspeed": "50", "reversed": "False", "length": 82.831, "access": null, "junction": null, "ref": null, "width": null, "est_width": null, "tunnel": null, "bridge": null, "service": null }, "geometry": { "type": "LineString", "coordinates": [ [ 2.1532282, 41.4348119 ], [ 2.1533168, 41.4349169 ], [ 2.1535444, 41.4351667 ], [ 2.1536098, 41.4352384 ], [ 2.1537131, 41.4353489 ], [ 2.1537335, 41.4353707 ], [ 2.1537739, 41.4354335 ] ] } },
{ "type": "Feature", "properties": { "u": 4416582821, "v": 4416582822, "key": 0, "osmid": [ 446659934, 1334248919 ], "oneway": true, "lanes": [ "4", "3" ], "name": "Plaça de l'Estatut", "highway": "primary", "maxspeed": "50", "reversed": "False", "length": 10.629, "access": null, "junction": "circular", "ref": null, "width": null, "est_width": null, "tunnel": null, "bridge": null, "service": null }, "geometry": { "type": "LineString", "coordinates": [ [ 2.1557485, 41.4301198 ], [ 2.1557948, 41.4300616 ], [ 2.1558138, 41.4300377 ] ] } },
{ "type": "Feature", "properties": { "u": 4416582822, "v": 258562655, "key": 0, "osmid": "546607928", "oneway": true, "lanes": "3", "name": "Plaça de l'Estatut", "highway": "primary", "maxspeed": "50", "reversed": "False", "length": 30.832, "access": null, "junction": "circular", "ref": null, "width": null, "est_width": null, "tunnel": null, "bridge": null, "service": null }, "geometry": { "type": "LineString", "coordinates": [ [ 2.1558138, 41.4300377 ], [ 2.155891, 41.429959 ], [ 2.1559339, 41.429923 ], [ 2.1560096, 41.4298697 ], [ 2.1560637, 41.4298349 ] ] } },
{ "type": "Feature", "properties": { "u": 4417346835, "v": 629306521, "key": 0, "osmid": "140001542", "oneway": true, "lanes": "2", "name": "Avinguda de l'Estatut de Catalunya", "highway": "primary", "maxspeed": "50", "reversed": "False", "length": 131.116, "access": "yes", "junction": null, "ref": null, "width": null, "est_width": null, "tunnel": null, "bridge": null, "service": null }, "geometry": { "type": "LineString", "coordinates": [ [ 2.153107, 41.4349221 ], [ 2.1529948, 41.4347668 ], [ 2.1529802, 41.4347459 ], [ 2.1529422, 41.4346917 ], [ 2.152838, 41.4345023 ], [ 2.1526267, 41.4339785 ], [ 2.1526089, 41.4339434 ], [ 2.1525967, 41.4339193 ], [ 2.1525765, 41.4338933 ], [ 2.1525452, 41.4338668 ], [ 2.1525113, 41.4338402 ] ] } },
{ "type": "Feature", "properties": { "u": 4436353871, "v": 4436353872, "key": 0, "osmid": "263323966", "oneway": true, "lanes": null, "name": null, "highway": "trunk_link", "maxspeed": "50", "reversed": "False", "length": 20.804, "access": null, "junction": null, "ref": null, "width": null, "est_width": null, "tunnel": null, "bridge": null, "service": null }, "geometry": { "type": "LineString", "coordinates": [ [ 2.1967355, 41.4388529 ], [ 2.1964907, 41.4388893 ] ] } },
{ "type": "Feature", "properties": { "u": 4436353872, "v": 2689486049, "key": 0, "osmid": [ 619213976, 619213977, 1409683700, 1133172197 ], "oneway": true, "lanes": "1", "name": null, "highway": "trunk_link", "maxspeed": "50", "reversed": "False", "length": 111.68, "access": null, "junction": null, "ref": null, "width": null, "est_width": null, "tunnel": "yes", "bridge": null, "service": null }, "geometry": { "type": "LineString", "coordinates": [ [ 2.1964907, 41.4388893 ], [ 2.1963835, 41.43888 ], [ 2.1957327, 41.4388207 ], [ 2.1956716, 41.4388212 ], [ 2.1956115, 41.4388297 ], [ 2.1955627, 41.4388443 ], [ 2.1955169, 41.4388719 ], [ 2.1954853, 41.4389011 ], [ 2.1954688, 41.4389253 ], [ 2.1954579, 41.4389621 ], [ 2.1954519, 41.4390163 ], [ 2.195446, 41.4390634 ], [ 2.1954395, 41.4391159 ] ] } },
{ "type": "Feature", "properties": { "u": 4436952954, "v": 11725085705, "key": 0, "osmid": "251749483", "oneway": true, "lanes": "3", "name": "Avinguda Meridiana", "highway": "primary", "maxspeed": "50", "reversed": "False", "length": 140.808, "access": "yes", "junction": null, "ref": null, "width": "12", "est_width": null, "tunnel": null, "bridge": null, "service": null }, "geometry": { "type": "LineString", "coordinates": [ [ 2.1868411, 41.4204549 ], [ 2.1868339, 41.4202889 ], [ 2.1868324, 41.4202433 ], [ 2.1868307, 41.4200862 ], [ 2.186829, 41.4196951 ], [ 2.1868277, 41.4194044 ], [ 2.1868271, 41.4192173 ], [ 2.186827, 41.4191887 ] ] } },
{ "type": "Feature", "properties": { "u": 4436976528, "v": 30253862, "key": 0, "osmid": "313379199", "oneway": true, "lanes": "3", "name": "Carrer del Consell de Cent", "highway": "primary", "maxspeed": "30", "reversed": "False", "length": 125.22, "access": null, "junction": null, "ref": null, "width": "6", "est_width": null, "tunnel": null, "bridge": null, "service": null }, "geometry": { "type": "LineString", "coordinates": [ [ 2.1800963, 41.4018841 ], [ 2.1803094, 41.4020418 ], [ 2.1809162, 41.4024913 ], [ 2.1809434, 41.4025111 ], [ 2.1811674, 41.4026732 ] ] } },
{ "type": "Feature", "properties": { "u": 4470467226, "v": 3807075709, "key": 0, "osmid": "378353276", "oneway": true, "lanes": "3", "name": "Avinguda Meridiana", "highway": "primary", "maxspeed": "50", "reversed": "False", "length": 278.089, "access": null, "junction": null, "ref": null, "width": "10", "est_width": null, "tunnel": null, "bridge": null, "service": null }, "geometry": { "type": "LineString", "coordinates": [ [ 2.1836073, 41.4340282 ], [ 2.1836518, 41.4341585 ], [ 2.1836611, 41.4341857 ], [ 2.1840059, 41.4351954 ], [ 2.1843695, 41.4362996 ], [ 2.1844228, 41.4364532 ] ] } },
{ "type": "Feature", "properties": { "u": 4470657984, "v": 30237630, "key": 0, "osmid": [ 9412963, 1408645399 ], "oneway": true, "lanes": "5", "name": "Avinguda de Sarrià", "highway": "primary", "maxspeed": "30", "reversed": "False", "length": 149.046, "access": "yes", "junction": null, "ref": null, "width": "16", "est_width": null, "tunnel": null, "bridge": null, "service": null }, "geometry": { "type": "LineString", "coordinates": [ [ 2.1480294, 41.3898394 ], [ 2.1479125, 41.3898578 ], [ 2.1470273, 41.3899978 ], [ 2.1465863, 41.3900676 ], [ 2.1465543, 41.3900718 ], [ 2.1463657, 41.3901012 ], [ 2.1462804, 41.390113 ] ] } },
{ "type": "Feature", "properties": { "u": 4471207535, "v": 8127333287, "key": 0, "osmid": [ 314839719, 294056756, 45521733, 45521735 ], "oneway": false, "lanes": "4", "name": "Via Augusta", "highway": [ "trunk", "primary" ], "maxspeed": [ "50", "70" ], "reversed": "True", "length": 471.414, "access": null, "junction": null, "ref": "C-16", "width": "12", "est_width": null, "tunnel": "yes", "bridge": null, "service": null }, "geometry": { "type": "LineString", "coordinates": [ [ 2.1200645, 41.4024581 ], [ 2.1207551, 41.4020467 ], [ 2.1214831, 41.4016763 ], [ 2.1221195, 41.4013265 ], [ 2.122591, 41.4009535 ], [ 2.1230309, 41.4005737 ], [ 2.1235955, 41.4000585 ], [ 2.1240245, 41.3996787 ], [ 2.1240366, 41.399668 ], [ 2.1240515, 41.399653 ], [ 2.1241498, 41.399569 ] ] } },
{ "type": "Feature", "properties": { "u": 4471207535, "v": 818710843, "key": 0, "osmid": "450200080", "oneway": true, "lanes": "1", "name": null, "highway": "trunk_link", "maxspeed": null, "reversed": "False", "length": 160.621, "access": null, "junction": null, "ref": null, "width": null, "est_width": null, "tunnel": null, "bridge": null, "service": null }, "geometry": { "type": "LineString", "coordinates": [ [ 2.1200645, 41.4024581 ], [ 2.1201004, 41.4023898 ], [ 2.1202289, 41.4022408 ], [ 2.1205327, 41.4020509 ], [ 2.1207954, 41.4019113 ], [ 2.1213537, 41.4016168 ], [ 2.1214162, 41.4015622 ], [ 2.1214301, 41.40155 ], [ 2.1214784, 41.4015079 ] ] } },
{ "type": "Feature", "properties": { "u": 4471207535, "v": 981699961, "key": 0, "osmid": [ 1395147167, 450200069, 677567263 ], "oneway": false, "lanes": "4", "name": null, "highway": "trunk", "maxspeed": "70", "reversed": "False", "length": 132.988, "access": null, "junction": null, "ref": "C-16", "width": "12", "est_width": null, "tunnel": null, "bridge": null, "service": null }, "geometry": { "type": "LineString", "coordinates": [ [ 2.1200645, 41.4024581 ], [ 2.1200044, 41.4024975 ], [ 2.1198472, 41.4026103 ], [ 2.1196594, 41.4027544 ], [ 2.1196233, 41.4027821 ], [ 2.1196023, 41.4027982 ], [ 2.1191273, 41.4032271 ], [ 2.1190095, 41.4033515 ] ] } },
{ "type": "Feature", "properties": { "u": 4473060899, "v": 2689486049, "key": 0, "osmid": [ 1409683689, 1409683692, 1409683693, 1409683694, 1409683695, 1409683696, 1122004314, 1122004315 ], "oneway": true, "lanes": [ "1", "3", "2" ], "name": null, "highway": "trunk_link", "maxspeed": "50", "reversed": "False", "length": 404.689, "access": null, "junction": null, "ref": null, "width": null, "est_width": null, "tunnel": "yes", "bridge": null, "service": null }, "geometry": { "type": "LineString", "coordinates": [ [ 2.1944942, 41.435573 ], [ 2.1944473, 41.4357089 ], [ 2.1944353, 41.4358047 ], [ 2.1944327, 41.4359599 ], [ 2.1944566, 41.4361518 ], [ 2.1944989, 41.4363378 ], [ 2.1945603, 41.436525 ], [ 2.1945652, 41.4365393 ], [ 2.1946502, 41.4367866 ], [ 2.1949135, 41.4375796 ], [ 2.1950464, 41.4379644 ], [ 2.1951318, 41.4382118 ], [ 2.1951399, 41.4382351 ], [ 2.1952309, 41.4384987 ], [ 2.1954395, 41.4391159 ] ] } },
{ "type": "Feature", "properties": { "u": 4589037149, "v": 1482182667, "key": 0, "osmid": [ 32036936, 114608771 ], "oneway": true, "lanes": "1", "name": "Sarrià", "highway": "trunk_link", "maxspeed": null, "reversed": "False", "length": 246.83, "access": null, "junction": null, "ref": "9", "width": null, "est_width": null, "tunnel": "yes", "bridge": null, "service": null }, "geometry": { "type": "LineString", "coordinates": [ [ 2.1137749, 41.4011321 ], [ 2.1137444, 41.4010601 ], [ 2.1137227, 41.4010109 ], [ 2.113653, 41.4008617 ], [ 2.1135144, 41.400606 ], [ 2.1133729, 41.4001468 ], [ 2.1132835, 41.3997987 ], [ 2.1132736, 41.3997308 ], [ 2.1132598, 41.3992699 ], [ 2.1132507, 41.3989668 ] ] } },
{ "type": "Feature", "properties": { "u": 4590628719, "v": 923938075, "key": 0, "osmid": "79038595", "oneway": true, "lanes": "1", "name": null, "highway": "trunk_link", "maxspeed": "50", "reversed": "False", "length": 264.655, "access": null, "junction": null, "ref": "30", "width": null, "est_width": null, "tunnel": null, "bridge": null, "service": null }, "geometry": { "type": "LineString", "coordinates": [ [ 2.2060558, 41.4432362 ], [ 2.2061825, 41.4431439 ], [ 2.2062801, 41.4430397 ], [ 2.2063943, 41.442907 ], [ 2.2065313, 41.442724 ], [ 2.2066541, 41.4425592 ], [ 2.2067669, 41.4423933 ], [ 2.206961, 41.442099 ], [ 2.2071166, 41.4418636 ], [ 2.2072594, 41.4416185 ], [ 2.2073666, 41.4414524 ], [ 2.2074475, 41.4413471 ], [ 2.2075895, 41.4411625 ] ] } },
{ "type": "Feature", "properties": { "u": 4600193562, "v": 752368105, "key": 0, "osmid": "100553192", "oneway": true, "lanes": "1", "name": null, "highway": "trunk_link", "maxspeed": "60", "reversed": "False", "length": 22.445, "access": null, "junction": null, "ref": null, "width": null, "est_width": null, "tunnel": null, "bridge": null, "service": null }, "geometry": { "type": "LineString", "coordinates": [ [ 2.1798574, 41.4462733 ], [ 2.1798173, 41.4462663 ], [ 2.1795948, 41.4462286 ] ] } },
{ "type": "Feature", "properties": { "u": 4908316180, "v": 5164902089, "key": 0, "osmid": "251733668", "oneway": true, "lanes": "3", "name": "Gran Via de les Corts Catalanes", "highway": "primary", "maxspeed": "50", "reversed": "False", "length": 51.771, "access": null, "junction": null, "ref": "C-31", "width": "9", "est_width": null, "tunnel": null, "bridge": null, "service": null }, "geometry": { "type": "LineString", "coordinates": [ [ 2.1470734, 41.3735556 ], [ 2.1470134, 41.3735055 ], [ 2.1468162, 41.3733478 ], [ 2.1467002, 41.373188 ] ] } },
{ "type": "Feature", "properties": { "u": 4922624387, "v": 5313720234, "key": 0, "osmid": [ 649034410, 1393749279 ], "oneway": true, "lanes": "3", "name": "Avinguda Meridiana", "highway": "primary", "maxspeed": "50", "reversed": "False", "length": 146.418, "access": "yes", "junction": null, "ref": null, "width": "12", "est_width": null, "tunnel": null, "bridge": null, "service": null }, "geometry": { "type": "LineString", "coordinates": [ [ 2.1870061, 41.4138836 ], [ 2.1870064, 41.4139695 ], [ 2.1870058, 41.4140238 ], [ 2.1870073, 41.4140655 ], [ 2.1870111, 41.4143298 ], [ 2.1870105, 41.4145434 ], [ 2.1870098, 41.4147989 ], [ 2.187009, 41.4149201 ], [ 2.1870142, 41.4152003 ] ] } },
{ "type": "Feature", "properties": { "u": 4922624387, "v": 6091986825, "key": 0, "osmid": "649035674", "oneway": true, "lanes": null, "name": "Avinguda Meridiana", "highway": "primary", "maxspeed": "50", "reversed": "False", "length": 18.86, "access": "no", "junction": null, "ref": null, "width": null, "est_width": null, "tunnel": null, "bridge": null, "service": null }, "geometry": { "type": "LineString", "coordinates": [ [ 2.1870061, 41.4138836 ], [ 2.1869003, 41.4138966 ], [ 2.1867845, 41.413917 ] ] } },
{ "type": "Feature", "properties": { "u": 5162734736, "v": 3299255727, "key": 0, "osmid": "531928174", "oneway": true, "lanes": "3", "name": "Gran Via de les Corts Catalanes (lateral mar)", "highway": "primary_link", "maxspeed": "50", "reversed": "False", "length": 13.494, "access": null, "junction": null, "ref": null, "width": "8", "est_width": null, "tunnel": null, "bridge": null, "service": null }, "geometry": { "type": "LineString", "coordinates": [ [ 2.1376104, 41.3662016 ], [ 2.1377193, 41.3662913 ] ] } },
{ "type": "Feature", "properties": { "u": 5164902089, "v": 3049188203, "key": 0, "osmid": "300828584", "oneway": true, "lanes": "3", "name": "Gran Via de les Corts Catalanes", "highway": "primary", "maxspeed": "50", "reversed": "False", "length": 18.024, "access": null, "junction": null, "ref": "C-31", "width": "9", "est_width": null, "tunnel": null, "bridge": null, "service": null }, "geometry": { "type": "LineString", "coordinates": [ [ 2.1467002, 41.373188 ], [ 2.1468921, 41.3732624 ] ] } },
{ "type": "Feature", "properties": { "u": 5164902089, "v": 5169529371, "key": 0, "osmid": "300828582", "oneway": false, "lanes": "6", "name": "Gran Via de les Corts Catalanes", "highway": "primary", "maxspeed": "50", "reversed": "True", "length": 55.766, "access": null, "junction": null, "ref": "C-31", "width": "22", "est_width": null, "tunnel": null, "bridge": null, "service": null }, "geometry": { "type": "LineString", "coordinates": [ [ 2.1467002, 41.373188 ], [ 2.1465641, 41.37309 ], [ 2.1464172, 41.3729778 ], [ 2.1463711, 41.3729426 ], [ 2.1462266, 41.3728342 ] ] } },
{ "type": "Feature", "properties": { "u": 5169529371, "v": 760332212, "key": 0, "osmid": "532768191", "oneway": false, "lanes": "6", "name": "Gran Via de les Corts Catalanes", "highway": "primary", "maxspeed": "50", "reversed": "True", "length": 5.005, "access": null, "junction": null, "ref": "C-31", "width": "22", "est_width": null, "tunnel": null, "bridge": null, "service": null }, "geometry": { "type": "LineString", "coordinates": [ [ 2.1462266, 41.3728342 ], [ 2.1461805, 41.3728054 ] ] } },
{ "type": "Feature", "properties": { "u": 5169529371, "v": 5164902089, "key": 0, "osmid": "300828582", "oneway": false, "lanes": "6", "name": "Gran Via de les Corts Catalanes", "highway": "primary", "maxspeed": "50", "reversed": "False", "length": 55.766, "access": null, "junction": null, "ref": "C-31", "width": "22", "est_width": null, "tunnel": null, "bridge": null, "service": null }, "geometry": { "type": "LineString", "coordinates": [ [ 2.1462266, 41.3728342 ], [ 2.1463711, 41.3729426 ], [ 2.1464172, 41.3729778 ], [ 2.1465641, 41.37309 ], [ 2.1467002, 41.373188 ] ] } },
{ "type": "Feature", "properties": { "u": 5169529371, "v": 3049188200, "key": 0, "osmid": "532768193", "oneway": true, "lanes": "1", "name": "Gran Via de les Corts Catalanes", "highway": "primary_link", "maxspeed": "30", "reversed": "False", "length": 18.049, "access": null, "junction": null, "ref": null, "width": null, "est_width": null, "tunnel": null, "bridge": null, "service": null }, "geometry": { "type": "LineString", "coordinates": [ [ 2.1462266, 41.3728342 ], [ 2.1463612, 41.3728144 ], [ 2.1464391, 41.3728249 ] ] } },
{ "type": "Feature", "properties": { "u": 5254788638, "v": 2869959982, "key": 0, "osmid": "295288874", "oneway": true, "lanes": "2", "name": "Ronda del Guinardó", "highway": "primary", "maxspeed": "50", "reversed": "False", "length": 73.105, "access": null, "junction": null, "ref": null, "width": null, "est_width": null, "tunnel": null, "bridge": null, "service": null }, "geometry": { "type": "LineString", "coordinates": [ [ 2.1741513, 41.4162137 ], [ 2.1741604, 41.4162259 ], [ 2.1742402, 41.4163336 ], [ 2.1742731, 41.4163803 ], [ 2.1743027, 41.4164207 ], [ 2.1743207, 41.4164479 ], [ 2.1743347, 41.4164706 ], [ 2.1743472, 41.4164946 ], [ 2.1743766, 41.4165438 ], [ 2.174408, 41.416585 ], [ 2.1744711, 41.4166475 ], [ 2.1745468, 41.4167196 ], [ 2.1746077, 41.4167709 ] ] } },
{ "type": "Feature", "properties": { "u": 5313720234, "v": 2293731618, "key": 0, "osmid": "557386017", "oneway": true, "lanes": "3", "name": "Avinguda Meridiana", "highway": "primary", "maxspeed": "50", "reversed": "False", "length": 59.952, "access": "yes", "junction": null, "ref": null, "width": "12", "est_width": null, "tunnel": null, "bridge": null, "service": null }, "geometry": { "type": "LineString", "coordinates": [ [ 2.1870142, 41.4152003 ], [ 2.1870135, 41.4153489 ], [ 2.1870101, 41.4154475 ], [ 2.1870149, 41.4157394 ] ] } },
{ "type": "Feature", "properties": { "u": 5387890125, "v": 3049188188, "key": 0, "osmid": [ 533269953, 545021321, 285182795, 300828583 ], "oneway": false, "lanes": "6", "name": "Gran Via de les Corts Catalanes", "highway": "primary", "maxspeed": "50", "reversed": "False", "length": 53.371, "access": null, "junction": null, "ref": "C-31", "width": "21", "est_width": null, "tunnel": null, "bridge": null, "service": null }, "geometry": { "type": "LineString", "coordinates": [ [ 2.1394611, 41.3677467 ], [ 2.1394265, 41.3677209 ], [ 2.1393412, 41.3676575 ], [ 2.1393108, 41.3676348 ], [ 2.1392991, 41.3676261 ], [ 2.1391996, 41.367552 ], [ 2.139007, 41.3674087 ] ] } },
{ "type": "Feature", "properties": { "u": 5387890125, "v": 2891400538, "key": 0, "osmid": [ 753154730, 545747622 ], "oneway": false, "lanes": "6", "name": "Gran Via de les Corts Catalanes", "highway": "primary", "maxspeed": "50", "reversed": "False", "length": 117.137, "access": null, "junction": null, "ref": "C-31", "width": "21", "est_width": null, "tunnel": null, "bridge": null, "service": null }, "geometry": { "type": "LineString", "coordinates": [ [ 2.1394611, 41.3677467 ], [ 2.1394742, 41.3677558 ], [ 2.1395261, 41.3677943 ], [ 2.1396241, 41.3678684 ], [ 2.1396366, 41.3678781 ], [ 2.1396491, 41.3678878 ], [ 2.140148, 41.368267 ], [ 2.1402644, 41.3683501 ], [ 2.1403098, 41.3683838 ], [ 2.1403947, 41.3684463 ], [ 2.1404531, 41.3684919 ] ] } },
{ "type": "Feature", "properties": { "u": 5720769812, "v": 803435608, "key": 0, "osmid": "1104592109", "oneway": true, "lanes": "7", "name": "Plaça d'Espanya", "highway": "primary", "maxspeed": "50", "reversed": "False", "length": 24.844, "access": null, "junction": "circular", "ref": null, "width": "28", "est_width": null, "tunnel": null, "bridge": null, "service": null }, "geometry": { "type": "LineString", "coordinates": [ [ 2.1491335, 41.3754564 ], [ 2.1490352, 41.3754525 ], [ 2.1489408, 41.3754359 ], [ 2.1489148, 41.3754278 ], [ 2.1488463, 41.3754064 ] ] } },
{ "type": "Feature", "properties": { "u": 5759228087, "v": 243587576, "key": 0, "osmid": "258465503", "oneway": true, "lanes": "3", "name": "Ronda de Dalt", "highway": "trunk", "maxspeed": "80", "reversed": "False", "length": 150.359, "access": null, "junction": null, "ref": "B-20", "width": null, "est_width": null, "tunnel": "yes", "bridge": null, "service": null }, "geometry": { "type": "LineString", "coordinates": [ [ 2.1172759, 41.4043077 ], [ 2.1169933, 41.4040415 ], [ 2.1168399, 41.4038974 ], [ 2.1165166, 41.4035969 ], [ 2.1161372, 41.4032595 ] ] } },
{ "type": "Feature", "properties": { "u": 6091986825, "v": 30556161, "key": 0, "osmid": [ 1393749276, 867198805 ], "oneway": true, "lanes": "3", "name": "Avinguda Meridiana", "highway": "primary", "maxspeed": "50", "reversed": "False", "length": 177.726, "access": "yes", "junction": null, "ref": null, "width": "12", "est_width": null, "tunnel": null, "bridge": null, "service": null }, "geometry": { "type": "LineString", "coordinates": [ [ 2.1867845, 41.413917 ], [ 2.1867822, 41.4132031 ], [ 2.1867816, 41.413174 ], [ 2.1867834, 41.412518 ], [ 2.1867845, 41.4124567 ], [ 2.1867849, 41.4124347 ], [ 2.1867875, 41.4123187 ] ] } },
{ "type": "Feature", "properties": { "u": 6210812030, "v": 269379908, "key": 0, "osmid": [ 1408645401, 237549914 ], "oneway": true, "lanes": "5", "name": "Avinguda de Sarrià", "highway": "primary", "maxspeed": "50", "reversed": "False", "length": 67.561, "access": "yes", "junction": null, "ref": null, "width": "13", "est_width": null, "tunnel": null, "bridge": null, "service": null }, "geometry": { "type": "LineString", "coordinates": [ [ 2.1402224, 41.3910292 ], [ 2.1401189, 41.391045 ], [ 2.139727, 41.3911048 ], [ 2.1396184, 41.3911214 ], [ 2.1394288, 41.3911504 ] ] } },
{ "type": "Feature", "properties": { "u": 6213879857, "v": 4327379292, "key": 0, "osmid": "182049941", "oneway": true, "lanes": "4", "name": "Avinguda Meridiana", "highway": "primary", "maxspeed": "50", "reversed": "False", "length": 95.089, "access": null, "junction": null, "ref": null, "width": "13", "est_width": null, "tunnel": null, "bridge": null, "service": null }, "geometry": { "type": "LineString", "coordinates": [ [ 2.188331, 41.4485053 ], [ 2.1883998, 41.4487246 ], [ 2.1884954, 41.4490133 ], [ 2.1885036, 41.4490363 ], [ 2.1886071, 41.449335 ] ] } },
{ "type": "Feature", "properties": { "u": 6218586069, "v": 1162558788, "key": 0, "osmid": [ 100553202, 100553196 ], "oneway": true, "lanes": "1", "name": null, "highway": "trunk_link", "maxspeed": "60", "reversed": "False", "length": 250.812, "access": null, "junction": null, "ref": null, "width": null, "est_width": null, "tunnel": "yes", "bridge": null, "service": null }, "geometry": { "type": "LineString", "coordinates": [ [ 2.1797468, 41.4459725 ], [ 2.1798668, 41.4459954 ], [ 2.1801481, 41.4460409 ], [ 2.181746, 41.4462606 ], [ 2.1818257, 41.4462735 ], [ 2.1820846, 41.4463288 ], [ 2.1822789, 41.4463726 ], [ 2.1826815, 41.4464606 ] ] } },
{ "type": "Feature", "properties": { "u": 6802966816, "v": 190955805, "key": 0, "osmid": "49542089", "oneway": true, "lanes": "1", "name": null, "highway": "trunk_link", "maxspeed": null, "reversed": "False", "length": 162.619, "access": null, "junction": null, "ref": "B-10", "width": null, "est_width": null, "tunnel": null, "bridge": null, "service": null }, "geometry": { "type": "LineString", "coordinates": [ [ 2.1735608, 41.3677787 ], [ 2.1735498, 41.3679135 ], [ 2.173608, 41.3680311 ], [ 2.1737478, 41.3683119 ], [ 2.1738166, 41.3685004 ], [ 2.1738786, 41.3686939 ], [ 2.1738946, 41.368903 ], [ 2.173913, 41.3690281 ], [ 2.1739218, 41.369099 ], [ 2.1739252, 41.3692002 ] ] } },
{ "type": "Feature", "properties": { "u": 6842012554, "v": 951467903, "key": 0, "osmid": "145565048", "oneway": true, "lanes": "4", "name": "Carrer del Comte d'Urgell", "highway": "primary", "maxspeed": "50", "reversed": "False", "length": 129.708, "access": "yes", "junction": null, "ref": null, "width": "13", "est_width": null, "tunnel": null, "bridge": null, "service": null }, "geometry": { "type": "LineString", "coordinates": [ [ 2.1516714, 41.3873727 ], [ 2.1514614, 41.3875306 ], [ 2.1508023, 41.3880263 ], [ 2.1507853, 41.3880384 ], [ 2.1505733, 41.3881985 ] ] } },
{ "type": "Feature", "properties": { "u": 6853738185, "v": 1695282547, "key": 0, "osmid": "542149426", "oneway": true, "lanes": "3", "name": "Avinguda dels Quinze", "highway": "primary", "maxspeed": "50", "reversed": "False", "length": 27.711, "access": null, "junction": null, "ref": null, "width": "9", "est_width": null, "tunnel": null, "bridge": null, "service": null }, "geometry": { "type": "LineString", "coordinates": [ [ 2.1756604, 41.4270718 ], [ 2.175699, 41.4269986 ], [ 2.1757711, 41.4268369 ] ] } },
{ "type": "Feature", "properties": { "u": 6964634639, "v": 191046034, "key": 0, "osmid": [ 1394485889, 18522478, 18522484, 1394485884, 1394485886 ], "oneway": true, "lanes": [ "4", "3" ], "name": [ "Ronda Litoral", "Ronda Litoral (Nus de la Trinitat)" ], "highway": "trunk", "maxspeed": "80", "reversed": "False", "length": 444.031, "access": null, "junction": null, "ref": "B-10", "width": null, "est_width": null, "tunnel": "yes", "bridge": null, "service": null }, "geometry": { "type": "LineString", "coordinates": [ [ 2.2044018, 41.4456246 ], [ 2.2040261, 41.4460343 ], [ 2.2038206, 41.4462623 ], [ 2.203765, 41.446324 ], [ 2.2036179, 41.4464872 ], [ 2.2033209, 41.4468095 ], [ 2.2032861, 41.4468481 ], [ 2.2031154, 41.4470379 ], [ 2.2024773, 41.4476454 ], [ 2.2017611, 41.448244 ], [ 2.2016139, 41.4483435 ], [ 2.2014941, 41.4484249 ], [ 2.2013715, 41.4484981 ], [ 2.2011582, 41.4486196 ], [ 2.2010339, 41.4486904 ] ] } },
{ "type": "Feature", "properties": { "u": 6993867323, "v": 2293731650, "key": 0, "osmid": "251749484", "oneway": true, "lanes": "3", "name": "Avinguda Meridiana", "highway": "primary", "maxspeed": "50", "reversed": "False", "length": 118.043, "access": "yes", "junction": null, "ref": null, "width": "12", "est_width": null, "tunnel": null, "bridge": null, "service": null }, "geometry": { "type": "LineString", "coordinates": [ [ 2.1870775, 41.417507 ], [ 2.1870847, 41.4177036 ], [ 2.1870857, 41.4177313 ], [ 2.1870664, 41.4180178 ], [ 2.187056, 41.4181747 ], [ 2.1870498, 41.4182677 ], [ 2.1870486, 41.4183602 ], [ 2.1870389, 41.4185677 ] ] } },
{ "type": "Feature", "properties": { "u": 7037282909, "v": 3049188160, "key": 0, "osmid": [ 300828592, 307218983 ], "oneway": true, "lanes": "1", "name": null, "highway": "trunk_link", "maxspeed": "50", "reversed": "False", "length": 205.429, "access": null, "junction": null, "ref": null, "width": "3", "est_width": null, "tunnel": "yes", "bridge": null, "service": null }, "geometry": { "type": "LineString", "coordinates": [ [ 2.1372671, 41.366247 ], [ 2.1371024, 41.3660845 ], [ 2.135865, 41.3651672 ], [ 2.1357017, 41.3650013 ], [ 2.1355878, 41.3649011 ] ] } },
{ "type": "Feature", "properties": { "u": 7037282909, "v": 3621509846, "key": 0, "osmid": [ 1220157472, 300828579, 559134924, 1393162859 ], "oneway": true, "lanes": "2", "name": "Gran Via de les Corts Catalanes (lateral muntanya)", "highway": [ "primary_link", "primary" ], "maxspeed": "50", "reversed": "False", "length": 183.786, "access": null, "junction": null, "ref": null, "width": "6", "est_width": null, "tunnel": null, "bridge": null, "service": null }, "geometry": { "type": "LineString", "coordinates": [ [ 2.1372671, 41.366247 ], [ 2.1370633, 41.3661135 ], [ 2.1369687, 41.3660523 ], [ 2.1366507, 41.3658233 ], [ 2.1365002, 41.3657153 ], [ 2.1364048, 41.3656476 ], [ 2.1362873, 41.3655642 ], [ 2.1361913, 41.365496 ], [ 2.1358229, 41.365234 ], [ 2.135786, 41.3652087 ], [ 2.1357568, 41.3651909 ], [ 2.1356745, 41.3651557 ], [ 2.1356367, 41.3651405 ] ] } },
{ "type": "Feature", "properties": { "u": 7223673629, "v": 323191078, "key": 0, "osmid": "146278249", "oneway": false, "lanes": "5", "name": "Via Augusta", "highway": "primary", "maxspeed": "50", "reversed": "True", "length": 20.278, "access": null, "junction": null, "ref": null, "width": "13", "est_width": null, "tunnel": null, "bridge": null, "service": null }, "geometry": { "type": "LineString", "coordinates": [ [ 2.1279113, 41.3977793 ], [ 2.1281544, 41.3977774 ] ] } },
{ "type": "Feature", "properties": { "u": 7223673629, "v": 2188840521, "key": 0, "osmid": "1355505720", "oneway": false, "lanes": "5", "name": "Via Augusta", "highway": "primary", "maxspeed": "50", "reversed": "False", "length": 34.585, "access": null, "junction": null, "ref": null, "width": "13", "est_width": null, "tunnel": null, "bridge": null, "service": null }, "geometry": { "type": "LineString", "coordinates": [ [ 2.1279113, 41.3977793 ], [ 2.1278673, 41.3977812 ], [ 2.1278349, 41.3977828 ], [ 2.1277023, 41.3977895 ], [ 2.1274972, 41.3977943 ] ] } },
{ "type": "Feature", "properties": { "u": 7223680627, "v": 511123411, "key": 0, "osmid": [ 544164281, 237805207 ], "oneway": true, "lanes": "4", "name": "Carrer de Numància", "highway": "primary", "maxspeed": "50", "reversed": "False", "length": 260.731, "access": null, "junction": null, "ref": null, "width": "11", "est_width": null, "tunnel": null, "bridge": null, "service": null }, "geometry": { "type": "LineString", "coordinates": [ [ 2.1352279, 41.3868728 ], [ 2.1353839, 41.3867206 ], [ 2.1355806, 41.3865306 ], [ 2.1359176, 41.3861999 ], [ 2.1361657, 41.3859691 ], [ 2.1361991, 41.385938 ], [ 2.1368721, 41.3853035 ], [ 2.1369098, 41.3852681 ], [ 2.1369538, 41.3852268 ], [ 2.1369865, 41.3851963 ], [ 2.1371617, 41.3850309 ] ] } },
{ "type": "Feature", "properties": { "u": 7252331255, "v": 414683100, "key": 0, "osmid": "287522296", "oneway": true, "lanes": "3", "name": "Ronda del General Mitre", "highway": "primary", "maxspeed": "50", "reversed": "False", "length": 13.313, "access": null, "junction": null, "ref": null, "width": null, "est_width": null, "tunnel": null, "bridge": null, "service": null }, "geometry": { "type": "LineString", "coordinates": [ [ 2.1442723, 41.4055029 ], [ 2.1441166, 41.4054765 ] ] } },
{ "type": "Feature", "properties": { "u": 7376904297, "v": 690803404, "key": 0, "osmid": [ 1395721713, 287871139 ], "oneway": true, "lanes": "4", "name": "Ronda del Guinardó", "highway": "primary", "maxspeed": "50", "reversed": "False", "length": 138.466, "access": null, "junction": null, "ref": null, "width": null, "est_width": null, "tunnel": null, "bridge": null, "service": null }, "geometry": { "type": "LineString", "coordinates": [ [ 2.1651074, 41.4117567 ], [ 2.1651536, 41.41176 ], [ 2.1651919, 41.4117655 ], [ 2.1653457, 41.4117881 ], [ 2.1655471, 41.4118258 ], [ 2.1656389, 41.4118439 ], [ 2.165782, 41.4118722 ], [ 2.1660383, 41.4119258 ], [ 2.166349, 41.4119907 ], [ 2.1664123, 41.4120034 ], [ 2.166456, 41.4120127 ], [ 2.1667127, 41.412071 ] ] } },
{ "type": "Feature", "properties": { "u": 7487287878, "v": 2713983941, "key": 0, "osmid": "284577563", "oneway": true, "lanes": "3", "name": "Carrer de Ramon Albó", "highway": "primary", "maxspeed": "50", "reversed": "False", "length": 31.244, "access": null, "junction": null, "ref": null, "width": "11", "est_width": null, "tunnel": null, "bridge": null, "service": null }, "geometry": { "type": "LineString", "coordinates": [ [ 2.1772415, 41.4274843 ], [ 2.1772431, 41.4275783 ], [ 2.1772437, 41.4275869 ], [ 2.1772463, 41.4276239 ], [ 2.1772537, 41.4276941 ], [ 2.1772585, 41.4277649 ] ] } },
{ "type": "Feature", "properties": { "u": 7507211481, "v": 33098965, "key": 0, "osmid": [ 803623992, 263405133 ], "oneway": true, "lanes": "3", "name": "Carrer d'Aragó", "highway": "primary", "maxspeed": "50", "reversed": "False", "length": 117.838, "access": "yes", "junction": null, "ref": null, "width": null, "est_width": null, "tunnel": null, "bridge": null, "service": null }, "geometry": { "type": "LineString", "coordinates": [ [ 2.1867346, 41.4085676 ], [ 2.1866657, 41.4085054 ], [ 2.1866032, 41.408457 ], [ 2.186572, 41.4084308 ], [ 2.1864968, 41.4083712 ], [ 2.1864593, 41.4083408 ], [ 2.1859639, 41.4079677 ], [ 2.1859352, 41.407946 ], [ 2.1857511, 41.4078072 ] ] } },
{ "type": "Feature", "properties": { "u": 7515360156, "v": 2781080542, "key": 0, "osmid": "273229615", "oneway": true, "lanes": "2", "name": "Gran Via de les Corts Catalanes", "highway": "primary", "maxspeed": "50", "reversed": "False", "length": 70.845, "access": null, "junction": null, "ref": "C-31", "width": null, "est_width": null, "tunnel": null, "bridge": null, "service": null }, "geometry": { "type": "LineString", "coordinates": [ [ 2.1709864, 41.3915194 ], [ 2.171123, 41.3916334 ], [ 2.1712697, 41.3917294 ], [ 2.1712794, 41.3917343 ], [ 2.1716383, 41.3919234 ] ] } },
{ "type": "Feature", "properties": { "u": 7663721759, "v": 323168834, "key": 0, "osmid": "435703586", "oneway": true, "lanes": "4", "name": "Avinguda Meridiana", "highway": "primary", "maxspeed": "50", "reversed": "False", "length": 106.181, "access": null, "junction": null, "ref": null, "width": "12", "est_width": null, "tunnel": null, "bridge": null, "service": null }, "geometry": { "type": "LineString", "coordinates": [ [ 2.186545, 41.4430976 ], [ 2.1866866, 41.4435263 ], [ 2.1868188, 41.4439066 ], [ 2.1868586, 41.4440231 ] ] } },
{ "type": "Feature", "properties": { "u": 8119767438, "v": 2540149363, "key": 0, "osmid": "29418900", "oneway": true, "lanes": "1", "name": "Via Augusta", "highway": "primary_link", "maxspeed": "50", "reversed": "False", "length": 123.341, "access": null, "junction": null, "ref": null, "width": "4", "est_width": null, "tunnel": null, "bridge": null, "service": null }, "geometry": { "type": "LineString", "coordinates": [ [ 2.1188707, 41.4033634 ], [ 2.1188858, 41.4033473 ], [ 2.1189621, 41.4032843 ], [ 2.1195541, 41.4027526 ], [ 2.1197524, 41.402581 ], [ 2.1198318, 41.4025209 ] ] } },
{ "type": "Feature", "properties": { "u": 8121510030, "v": 540312587, "key": 0, "osmid": "902143607", "oneway": true, "lanes": "1", "name": "Gran Via de Carles III", "highway": "primary_link", "maxspeed": "50", "reversed": "False", "length": 21.15, "access": null, "junction": null, "ref": null, "width": null, "est_width": null, "tunnel": null, "bridge": null, "service": null }, "geometry": { "type": "LineString", "coordinates": [ [ 2.1287842, 41.3812283 ], [ 2.1287229, 41.3813177 ], [ 2.1286552, 41.3813916 ] ] } },
{ "type": "Feature", "properties": { "u": 8127333287, "v": 1771982098, "key": 0, "osmid": "208616307", "oneway": false, "lanes": "4", "name": "Via Augusta", "highway": "primary", "maxspeed": "50", "reversed": "True", "length": 21.095, "access": null, "junction": null, "ref": null, "width": "12", "est_width": null, "tunnel": null, "bridge": null, "service": null }, "geometry": { "type": "LineString", "coordinates": [ [ 2.1241498, 41.399569 ], [ 2.1243007, 41.3994395 ], [ 2.1243163, 41.3994262 ] ] } },
{ "type": "Feature", "properties": { "u": 8127333287, "v": 4471207535, "key": 0, "osmid": [ 294056756, 45521733, 45521735, 314839719 ], "oneway": false, "lanes": "4", "name": "Via Augusta", "highway": [ "trunk", "primary" ], "maxspeed": [ "50", "70" ], "reversed": "False", "length": 471.414, "access": null, "junction": null, "ref": "C-16", "width": "12", "est_width": null, "tunnel": "yes", "bridge": null, "service": null }, "geometry": { "type": "LineString", "coordinates": [ [ 2.1241498, 41.399569 ], [ 2.1240515, 41.399653 ], [ 2.1240366, 41.399668 ], [ 2.1240245, 41.3996787 ], [ 2.1235955, 41.4000585 ], [ 2.1230309, 41.4005737 ], [ 2.122591, 41.4009535 ], [ 2.1221195, 41.4013265 ], [ 2.1214831, 41.4016763 ], [ 2.1207551, 41.4020467 ], [ 2.1200645, 41.4024581 ] ] } },
{ "type": "Feature", "properties": { "u": 8127333294, "v": 818710821, "key": 0, "osmid": [ 1395147165, 918358927 ], "oneway": true, "lanes": [ "1", "2" ], "name": "Via Augusta", "highway": "primary_link", "maxspeed": "50", "reversed": "False", "length": 154.896, "access": null, "junction": null, "ref": null, "width": "6", "est_width": null, "tunnel": null, "bridge": null, "service": null }, "geometry": { "type": "LineString", "coordinates": [ [ 2.1242219, 41.399728 ], [ 2.1240471, 41.3998852 ], [ 2.1239319, 41.3999889 ], [ 2.1238223, 41.4000954 ], [ 2.1238089, 41.4001084 ], [ 2.1232093, 41.4006912 ], [ 2.1231842, 41.4007156 ], [ 2.1230648, 41.4008171 ] ] } },
{ "type": "Feature", "properties": { "u": 8173071606, "v": 26057388, "key": 0, "osmid": [ 328020777, 879204519 ], "oneway": true, "lanes": "5", "name": "Gran Via de les Corts Catalanes", "highway": "primary", "maxspeed": "50", "reversed": "False", "length": 133.031, "access": null, "junction": null, "ref": "C-31", "width": "12", "est_width": null, "tunnel": null, "bridge": null, "service": null }, "geometry": { "type": "LineString", "coordinates": [ [ 2.1597279, 41.3829814 ], [ 2.1598229, 41.3830526 ], [ 2.1598809, 41.383096 ], [ 2.1602139, 41.3833446 ], [ 2.1606758, 41.3836895 ], [ 2.1607051, 41.3837114 ], [ 2.1607968, 41.3837812 ], [ 2.1608564, 41.3838266 ] ] } },
{ "type": "Feature", "properties": { "u": 8195467081, "v": 12945625939, "key": 0, "osmid": "1408689610", "oneway": true, "lanes": null, "name": "Avinguda de l'Estatut de Catalunya", "highway": "primary", "maxspeed": "30", "reversed": "False", "length": 14.456, "access": null, "junction": null, "ref": null, "width": null, "est_width": null, "tunnel": null, "bridge": null, "service": null }, "geometry": { "type": "LineString", "coordinates": [ [ 2.1533838, 41.436742 ], [ 2.153325, 41.4368643 ] ] } },
{ "type": "Feature", "properties": { "u": 8195467081, "v": 2283215312, "key": 0, "osmid": "1408689612", "oneway": true, "lanes": "2", "name": "Avinguda de l'Estatut de Catalunya", "highway": "primary", "maxspeed": "50", "reversed": "False", "length": 10.714, "access": null, "junction": null, "ref": null, "width": null, "est_width": null, "tunnel": null, "bridge": null, "service": null }, "geometry": { "type": "LineString", "coordinates": [ [ 2.1533838, 41.436742 ], [ 2.1533023, 41.4368165 ] ] } },
{ "type": "Feature", "properties": { "u": 8529268154, "v": 8127333294, "key": 0, "osmid": "1395147163", "oneway": true, "lanes": "1", "name": "Via Augusta", "highway": "primary_link", "maxspeed": "50", "reversed": "False", "length": 8.853, "access": null, "junction": null, "ref": null, "width": "6", "est_width": null, "tunnel": null, "bridge": null, "service": null }, "geometry": { "type": "LineString", "coordinates": [ [ 2.1242868, 41.399665 ], [ 2.1242219, 41.399728 ] ] } },
{ "type": "Feature", "properties": { "u": 8530189630, "v": 30554843, "key": 0, "osmid": [ 263332201, 542990501 ], "oneway": true, "lanes": "3", "name": "Travessera de Dalt", "highway": "primary", "maxspeed": "50", "reversed": "False", "length": 135.481, "access": null, "junction": null, "ref": null, "width": null, "est_width": null, "tunnel": null, "bridge": null, "service": null }, "geometry": { "type": "LineString", "coordinates": [ [ 2.1537132, 41.4090962 ], [ 2.1536323, 41.4090667 ], [ 2.1535428, 41.4090314 ], [ 2.1532216, 41.4089224 ], [ 2.153065, 41.4088597 ], [ 2.1524611, 41.40864 ], [ 2.1524544, 41.4086376 ], [ 2.1524212, 41.4086255 ], [ 2.1522537, 41.4085617 ] ] } },
{ "type": "Feature", "properties": { "u": 8563410324, "v": 316877741, "key": 0, "osmid": [ 313874334, 35930894, 922455471 ], "oneway": true, "lanes": "1", "name": "Avinguda dels Rasos de Peguera", "highway": [ "residential", "trunk_link" ], "maxspeed": "30", "reversed": "False", "length": 120.337, "access": null, "junction": null, "ref": null, "width": null, "est_width": null, "tunnel": "yes", "bridge": null, "service": null }, "geometry": { "type": "LineString", "coordinates": [ [ 2.1795669, 41.4621338 ], [ 2.1795953, 41.4621615 ], [ 2.1797119, 41.4622326 ], [ 2.1798217, 41.4622727 ], [ 2.1800629, 41.4623489 ], [ 2.1800974, 41.4623569 ], [ 2.1801324, 41.462355 ], [ 2.1801687, 41.4623432 ], [ 2.1801939, 41.4623258 ], [ 2.1802404, 41.462256 ], [ 2.180266, 41.4622278 ], [ 2.180561, 41.4618635 ] ] } },
{ "type": "Feature", "properties": { "u": 8637567268, "v": 431481321, "key": 0, "osmid": [ 308354705, 931878851 ], "oneway": true, "lanes": "3", "name": "Gran Via de les Corts Catalanes", "highway": "primary", "maxspeed": "50", "reversed": "False", "length": 146.365, "access": null, "junction": null, "ref": "C-31", "width": null, "est_width": null, "tunnel": null, "bridge": null, "service": null }, "geometry": { "type": "LineString", "coordinates": [ [ 2.1823933, 41.4000931 ], [ 2.1821714, 41.3999279 ], [ 2.181461, 41.3994154 ], [ 2.1814006, 41.3993836 ], [ 2.1813108, 41.3993468 ], [ 2.1812745, 41.3993336 ], [ 2.1812321, 41.3993225 ], [ 2.1810465, 41.3992773 ] ] } },
{ "type": "Feature", "properties": { "u": 8990275789, "v": 552884620, "key": 0, "osmid": [ 1021882217, 43685274 ], "oneway": true, "lanes": "1", "name": null, "highway": "trunk_link", "maxspeed": "40", "reversed": "False", "length": 182.938, "access": null, "junction": null, "ref": null, "width": null, "est_width": null, "tunnel": null, "bridge": "yes", "service": null }, "geometry": { "type": "LineString", "coordinates": [ [ 2.1481657, 41.347485 ], [ 2.1482589, 41.3476124 ], [ 2.1483122, 41.3477055 ], [ 2.1483418, 41.3477759 ], [ 2.148361, 41.3478678 ], [ 2.148364, 41.3479606 ], [ 2.1483595, 41.3480451 ], [ 2.1483017, 41.3484181 ], [ 2.1482611, 41.3486576 ], [ 2.1482461, 41.3487565 ], [ 2.1482393, 41.3488742 ], [ 2.1482389, 41.3489325 ], [ 2.1482384, 41.3489908 ], [ 2.1482465, 41.349094 ] ] } },
{ "type": "Feature", "properties": { "u": 9029647979, "v": 981699953, "key": 0, "osmid": [ 29418848, 258465505, 258465506 ], "oneway": true, "lanes": "3", "name": "Ronda de Dalt", "highway": "trunk", "maxspeed": "80", "reversed": "False", "length": 348.647, "access": null, "junction": null, "ref": "B-20", "width": null, "est_width": null, "tunnel": "yes", "bridge": null, "service": null }, "geometry": { "type": "LineString", "coordinates": [ [ 2.1161677, 41.4030626 ], [ 2.1165578, 41.4034425 ], [ 2.1173855, 41.4042167 ], [ 2.1176971, 41.4044978 ], [ 2.1178648, 41.4046367 ], [ 2.1180441, 41.404775 ], [ 2.1182191, 41.4048826 ], [ 2.1190394, 41.4053079 ] ] } },
{ "type": "Feature", "properties": { "u": 9056235029, "v": 12919487176, "key": 0, "osmid": "1408548658", "oneway": true, "lanes": "2", "name": null, "highway": "primary_link", "maxspeed": null, "reversed": "False", "length": 27.143, "access": null, "junction": null, "ref": null, "width": null, "est_width": null, "tunnel": null, "bridge": null, "service": null }, "geometry": { "type": "LineString", "coordinates": [ [ 2.1461879, 41.3781511 ], [ 2.1460823, 41.3781261 ], [ 2.1459833, 41.3781144 ], [ 2.1458693, 41.3781076 ] ] } },
{ "type": "Feature", "properties": { "u": 9056235029, "v": 1500032696, "key": 0, "osmid": "1408548660", "oneway": true, "lanes": "3", "name": "Carrer d'Aragó", "highway": "primary", "maxspeed": "50", "reversed": "False", "length": 24.345, "access": "yes", "junction": null, "ref": null, "width": "12", "est_width": null, "tunnel": null, "bridge": null, "service": null }, "geometry": { "type": "LineString", "coordinates": [ [ 2.1461879, 41.3781511 ], [ 2.1461331, 41.3780968 ], [ 2.1460936, 41.378035 ], [ 2.1460663, 41.3779553 ] ] } },
{ "type": "Feature", "properties": { "u": 9231111336, "v": 559420254, "key": 0, "osmid": [ 440369833, 28460851, 300875382 ], "oneway": true, "lanes": "3", "name": "Gran Via de les Corts Catalanes", "highway": [ "trunk", "primary" ], "maxspeed": [ "80", "50" ], "reversed": "False", "length": 1304.678, "access": null, "junction": null, "ref": "C-31", "width": "10", "est_width": null, "tunnel": null, "bridge": null, "service": null }, "geometry": { "type": "LineString", "coordinates": [ [ 2.1928813, 41.4078317 ], [ 2.1934807, 41.408286 ], [ 2.1939627, 41.4086181 ], [ 2.1945567, 41.4090654 ], [ 2.1958169, 41.4100006 ], [ 2.1978923, 41.4115636 ], [ 2.1983993, 41.4119454 ], [ 2.1996182, 41.4128536 ], [ 2.2039657, 41.4161113 ] ] } },
{ "type": "Feature", "properties": { "u": 9231111336, "v": 559061397, "key": 0, "osmid": "1000038392", "oneway": true, "lanes": "1", "name": null, "highway": "primary_link", "maxspeed": null, "reversed": "False", "length": 112.517, "access": null, "junction": null, "ref": null, "width": null, "est_width": null, "tunnel": null, "bridge": null, "service": null }, "geometry": { "type": "LineString", "coordinates": [ [ 2.1928813, 41.4078317 ], [ 2.193622, 41.4082798 ], [ 2.1939349, 41.4084637 ] ] } },
{ "type": "Feature", "properties": { "u": 9232630600, "v": 9605043050, "key": 0, "osmid": [ 1393169478, 1240405129, 1240405130, 1043669614, 1043671576, 1000249404 ], "oneway": true, "lanes": "3", "name": [ "Túnel Glòries", "Gran Via de les Corts Catalanes" ], "highway": "primary", "maxspeed": "50", "reversed": "False", "length": 1227.781, "access": null, "junction": null, "ref": "C-31", "width": null, "est_width": null, "tunnel": "yes", "bridge": null, "service": null }, "geometry": { "type": "LineString", "coordinates": [ [ 2.1938837, 41.4087326 ], [ 2.1933668, 41.4083366 ], [ 2.1933335, 41.4083111 ], [ 2.1933023, 41.408288 ], [ 2.1925836, 41.4077563 ], [ 2.1894555, 41.4053897 ], [ 2.1880581, 41.4043324 ], [ 2.1876341, 41.403973 ], [ 2.1861104, 41.4028395 ], [ 2.1844813, 41.4016657 ], [ 2.1844198, 41.4016195 ], [ 2.1838834, 41.4012121 ], [ 2.1836771, 41.4010554 ], [ 2.1836214, 41.4010131 ], [ 2.1834884, 41.4009163 ] ] } },
{ "type": "Feature", "properties": { "u": 9408480017, "v": 415956314, "key": 0, "osmid": [ 1360091624, 238466717 ], "oneway": true, "lanes": "3", "name": "Travessera de Dalt", "highway": "primary", "maxspeed": "50", "reversed": "False", "length": 70.066, "access": null, "junction": null, "ref": null, "width": null, "est_width": null, "tunnel": null, "bridge": null, "service": null }, "geometry": { "type": "LineString", "coordinates": [ [ 2.1564603, 41.4104136 ], [ 2.1566391, 41.4105314 ], [ 2.1570363, 41.4107992 ], [ 2.1570866, 41.4108336 ] ] } },
{ "type": "Feature", "properties": { "u": 9425413606, "v": 1401568849, "key": 0, "osmid": [ 214435390, 1021939551 ], "oneway": true, "lanes": "1", "name": null, "highway": "trunk_link", "maxspeed": "50", "reversed": "False", "length": 311.794, "access": null, "junction": null, "ref": "B-10", "width": null, "est_width": null, "tunnel": null, "bridge": null, "service": null }, "geometry": { "type": "LineString", "coordinates": [ [ 2.1764495, 41.3730398 ], [ 2.1764215, 41.3730058 ], [ 2.1763393, 41.3729003 ], [ 2.1761255, 41.3726342 ], [ 2.1751478, 41.3714225 ], [ 2.1749683, 41.3712 ], [ 2.1745474, 41.3707813 ], [ 2.1745082, 41.3707221 ], [ 2.1744713, 41.3706645 ] ] } },
{ "type": "Feature", "properties": { "u": 9605043050, "v": 8637567268, "key": 0, "osmid": [ 545747647, 1047669079, 1043669615 ], "oneway": true, "lanes": "3", "name": "Gran Via de les Corts Catalanes", "highway": "primary", "maxspeed": "50", "reversed": "False", "length": 129.319, "access": null, "junction": null, "ref": "C-31", "width": null, "est_width": null, "tunnel": null, "bridge": null, "service": null }, "geometry": { "type": "LineString", "coordinates": [ [ 2.1834884, 41.4009163 ], [ 2.1832832, 41.400765 ], [ 2.1832446, 41.4007363 ], [ 2.1830837, 41.4006145 ], [ 2.1827663, 41.4003767 ], [ 2.1826655, 41.400297 ], [ 2.1826369, 41.4002744 ], [ 2.1823933, 41.4000931 ] ] } },
{ "type": "Feature", "properties": { "u": 9632863111, "v": 2087900206, "key": 0, "osmid": "198687818", "oneway": false, "lanes": "2", "name": "Carril BUS-VAO", "highway": "trunk", "maxspeed": "80", "reversed": "False", "length": 484.053, "access": "designated", "junction": null, "ref": "C-58cc", "width": null, "est_width": null, "tunnel": null, "bridge": null, "service": null }, "geometry": { "type": "LineString", "coordinates": [ [ 2.1842297, 41.4592876 ], [ 2.1845823, 41.4590536 ], [ 2.1850292, 41.4587639 ], [ 2.1854169, 41.4585179 ], [ 2.1857439, 41.4583123 ], [ 2.1861535, 41.4580581 ], [ 2.1864714, 41.4578582 ], [ 2.1866754, 41.457719 ], [ 2.1868855, 41.4575733 ], [ 2.1870822, 41.4574251 ], [ 2.1872941, 41.4572548 ], [ 2.1874842, 41.4570864 ], [ 2.1876623, 41.4569094 ], [ 2.1878204, 41.4567358 ], [ 2.1879455, 41.4565776 ], [ 2.1880478, 41.4564315 ], [ 2.188139, 41.4562893 ], [ 2.1882029, 41.4561739 ] ] } },
{ "type": "Feature", "properties": { "u": 9632863111, "v": 9632863116, "key": 0, "osmid": "1047582920", "oneway": true, "lanes": "1", "name": null, "highway": "trunk_link", "maxspeed": "80", "reversed": "False", "length": 199.936, "access": "designated", "junction": null, "ref": null, "width": null, "est_width": null, "tunnel": null, "bridge": null, "service": null }, "geometry": { "type": "LineString", "coordinates": [ [ 2.1842297, 41.4592876 ], [ 2.1846018, 41.4589807 ], [ 2.1847764, 41.4588576 ], [ 2.1854322, 41.4583865 ], [ 2.1859141, 41.4580083 ] ] } },
{ "type": "Feature", "properties": { "u": 9632863116, "v": 318589941, "key": 0, "osmid": [ 284577560, 310248140, 1377450364 ], "oneway": true, "lanes": "2", "name": null, "highway": [ "trunk", "motorway" ], "maxspeed": "80", "reversed": "False", "length": 562.741, "access": null, "junction": null, "ref": "C-33", "width": null, "est_width": null, "tunnel": null, "bridge": null, "service": null }, "geometry": { "type": "LineString", "coordinates": [ [ 2.1859141, 41.4580083 ], [ 2.1862556, 41.4577943 ], [ 2.1864851, 41.4576475 ], [ 2.1867003, 41.4575033 ], [ 2.1868129, 41.4574244 ], [ 2.1869123, 41.4573527 ], [ 2.1871063, 41.4571948 ], [ 2.187214, 41.4571025 ], [ 2.1873065, 41.4570152 ], [ 2.1874692, 41.4568552 ], [ 2.1876125, 41.4566881 ], [ 2.1877179, 41.4565588 ], [ 2.1877899, 41.4564618 ], [ 2.1878553, 41.4563658 ], [ 2.1879215, 41.4562617 ], [ 2.188148, 41.455867 ], [ 2.1881997, 41.455748 ], [ 2.1882976, 41.455535 ], [ 2.1883851, 41.4553251 ], [ 2.1884687, 41.4551025 ], [ 2.1885371, 41.4548926 ], [ 2.1885928, 41.4547069 ], [ 2.1886429, 41.4545166 ], [ 2.1886924, 41.4542919 ], [ 2.1887155, 41.4541825 ], [ 2.1887311, 41.4540579 ], [ 2.1887369, 41.4539668 ], [ 2.1887324, 41.4536216 ] ] } },
{ "type": "Feature", "properties": { "u": 10182310913, "v": 10182310914, "key": 0, "osmid": "1112886296", "oneway": true, "lanes": "3", "name": "Carrer d'Aragó", "highway": "primary", "maxspeed": "50", "reversed": "False", "length": 33.327, "access": "yes", "junction": null, "ref": null, "width": "11", "est_width": null, "tunnel": null, "bridge": null, "service": null }, "geometry": { "type": "LineString", "coordinates": [ [ 2.1540764, 41.3840363 ], [ 2.1539322, 41.3839302 ], [ 2.1537953, 41.3838234 ] ] } },
{ "type": "Feature", "properties": { "u": 10182310914, "v": 1532752081, "key": 0, "osmid": "295124091", "oneway": true, "lanes": "3", "name": "Carrer d'Aragó", "highway": "primary", "maxspeed": "50", "reversed": "False", "length": 115.617, "access": "yes", "junction": null, "ref": null, "width": "11", "est_width": null, "tunnel": null, "bridge": null, "service": null }, "geometry": { "type": "LineString", "coordinates": [ [ 2.1537953, 41.3838234 ], [ 2.1537206, 41.3837671 ], [ 2.1530483, 41.3832643 ], [ 2.1530261, 41.3832477 ], [ 2.1528151, 41.3830884 ] ] } },
{ "type": "Feature", "properties": { "u": 10182331324, "v": 1532752078, "key": 0, "osmid": [ 1162460368, 1162460369 ], "oneway": true, "lanes": "3", "name": "Carrer d'Aragó", "highway": "primary", "maxspeed": "50", "reversed": "False", "length": 116.566, "access": "yes", "junction": null, "ref": null, "width": "11", "est_width": null, "tunnel": null, "bridge": null, "service": null }, "geometry": { "type": "LineString", "coordinates": [ [ 2.1503848, 41.3812692 ], [ 2.1503178, 41.3812208 ], [ 2.1499702, 41.3809524 ], [ 2.1498687, 41.3808739 ], [ 2.1496556, 41.3807091 ], [ 2.1496297, 41.3806891 ], [ 2.1494024, 41.380524 ] ] } },
{ "type": "Feature", "properties": { "u": 10182331327, "v": 10182331324, "key": 0, "osmid": "1112886311", "oneway": true, "lanes": "3", "name": "Carrer d'Aragó", "highway": "primary", "maxspeed": "50", "reversed": "False", "length": 32.783, "access": "yes", "junction": null, "ref": null, "width": "11", "est_width": null, "tunnel": null, "bridge": null, "service": null }, "geometry": { "type": "LineString", "coordinates": [ [ 2.1506638, 41.3814768 ], [ 2.1505331, 41.3813786 ], [ 2.1503848, 41.3812692 ] ] } },
{ "type": "Feature", "properties": { "u": 10253033785, "v": 30254197, "key": 0, "osmid": "313379187", "oneway": true, "lanes": "6", "name": "Carrer d'Aragó", "highway": "primary", "maxspeed": "50", "reversed": "False", "length": 65.265, "access": "yes", "junction": null, "ref": null, "width": null, "est_width": null, "tunnel": null, "bridge": null, "service": null }, "geometry": { "type": "LineString", "coordinates": [ [ 2.1759909, 41.4005376 ], [ 2.1755772, 41.4002212 ], [ 2.1755415, 41.4001924 ], [ 2.1754442, 41.4001177 ] ] } },
{ "type": "Feature", "properties": { "u": 11012442310, "v": 2819073400, "key": 0, "osmid": "1408524843", "oneway": true, "lanes": "5", "name": "Carrer d'Aragó", "highway": "primary", "maxspeed": "50", "reversed": "False", "length": 49.159, "access": "yes", "junction": null, "ref": null, "width": "15", "est_width": null, "tunnel": null, "bridge": null, "service": null }, "geometry": { "type": "LineString", "coordinates": [ [ 2.1699835, 41.3960185 ], [ 2.1697613, 41.3958517 ], [ 2.1695669, 41.3957058 ] ] } },
{ "type": "Feature", "properties": { "u": 11305988004, "v": 5162734736, "key": 0, "osmid": "545021322", "oneway": true, "lanes": "2", "name": "Gran Via de les Corts Catalanes (lateral mar)", "highway": "primary", "maxspeed": "50", "reversed": "False", "length": 128.321, "access": null, "junction": null, "ref": null, "width": "5", "est_width": null, "tunnel": null, "bridge": null, "service": null }, "geometry": { "type": "LineString", "coordinates": [ [ 2.1365465, 41.3653688 ], [ 2.1371962, 41.3658592 ], [ 2.1376104, 41.3662016 ] ] } },
{ "type": "Feature", "properties": { "u": 11306272016, "v": 3049188188, "key": 0, "osmid": [ 247038424, 300828577 ], "oneway": true, "lanes": "1", "name": "Gran Via de les Corts Catalanes", "highway": "primary_link", "maxspeed": "50", "reversed": "False", "length": 74.56, "access": "psv", "junction": null, "ref": null, "width": null, "est_width": null, "tunnel": null, "bridge": null, "service": null }, "geometry": { "type": "LineString", "coordinates": [ [ 2.1385059, 41.3668776 ], [ 2.1385202, 41.3669253 ], [ 2.1388873, 41.3672033 ], [ 2.13898, 41.3672969 ], [ 2.139007, 41.3674087 ] ] } },
{ "type": "Feature", "properties": { "u": 11365497701, "v": 390227134, "key": 0, "osmid": [ 449751442, 260239171, 320838380 ], "oneway": false, "lanes": null, "name": "Carrer de Pere Duran Farell", "highway": [ "primary_link", "living_street" ], "maxspeed": [ "30", "20", "50" ], "reversed": "False", "length": 325.81, "access": "designated", "junction": null, "ref": null, "width": "8", "est_width": null, "tunnel": null, "bridge": null, "service": null }, "geometry": { "type": "LineString", "coordinates": [ [ 2.1185683, 41.3891814 ], [ 2.1186036, 41.3891328 ], [ 2.1190432, 41.3884109 ], [ 2.119217, 41.3881255 ], [ 2.1193176, 41.3879574 ], [ 2.1193565, 41.3878924 ], [ 2.1194368, 41.3877584 ], [ 2.1199852, 41.3868417 ], [ 2.1200404, 41.3867367 ], [ 2.1200796, 41.386662 ], [ 2.1201554, 41.3865051 ] ] } },
{ "type": "Feature", "properties": { "u": 11367386983, "v": 11367386984, "key": 0, "osmid": "1225770985", "oneway": true, "lanes": "5", "name": "Gran Via de les Corts Catalanes", "highway": "primary", "maxspeed": "50", "reversed": "False", "length": 2.078, "access": null, "junction": null, "ref": "C-31", "width": "18", "est_width": null, "tunnel": null, "bridge": null, "service": null }, "geometry": { "type": "LineString", "coordinates": [ [ 2.1506496, 41.3761708 ], [ 2.1506671, 41.3761841 ] ] } },
{ "type": "Feature", "properties": { "u": 11367386984, "v": 536838775, "key": 0, "osmid": "103348976", "oneway": true, "lanes": "5", "name": "Gran Via de les Corts Catalanes", "highway": "primary", "maxspeed": "50", "reversed": "False", "length": 132.851, "access": null, "junction": null, "ref": "C-31", "width": "18", "est_width": null, "tunnel": null, "bridge": null, "service": null }, "geometry": { "type": "LineString", "coordinates": [ [ 2.1506671, 41.3761841 ], [ 2.1516385, 41.376916 ], [ 2.1516586, 41.3769314 ], [ 2.1516866, 41.3769522 ], [ 2.1517942, 41.3770279 ] ] } },
{ "type": "Feature", "properties": { "u": 11370726443, "v": 4022831609, "key": 0, "osmid": [ 1408526882, 1408525900 ], "oneway": true, "lanes": "5", "name": "Carrer d'Aragó", "highway": "primary", "maxspeed": "50", "reversed": "False", "length": 124.607, "access": "yes", "junction": null, "ref": null, "width": "15", "est_width": null, "tunnel": null, "bridge": null, "service": null }, "geometry": { "type": "LineString", "coordinates": [ [ 2.1612632, 41.3894384 ], [ 2.1608122, 41.3891128 ], [ 2.1607417, 41.3890617 ], [ 2.1606991, 41.3890295 ], [ 2.1603927, 41.388798 ], [ 2.1603546, 41.3887696 ], [ 2.160201, 41.3886507 ] ] } },
{ "type": "Feature", "properties": { "u": 11725085705, "v": 2293731652, "key": 0, "osmid": "251749483", "oneway": true, "lanes": "3", "name": "Avinguda Meridiana", "highway": "primary", "maxspeed": "50", "reversed": "False", "length": 49.098, "access": "yes", "junction": null, "ref": null, "width": "12", "est_width": null, "tunnel": null, "bridge": null, "service": null }, "geometry": { "type": "LineString", "coordinates": [ [ 2.186827, 41.4191887 ], [ 2.1868275, 41.4190715 ], [ 2.1868273, 41.419021 ], [ 2.1868117, 41.4187474 ] ] } },
{ "type": "Feature", "properties": { "u": 11725085710, "v": 2293731658, "key": 0, "osmid": "1123650301", "oneway": true, "lanes": "3", "name": "Avinguda Meridiana", "highway": "primary", "maxspeed": "50", "reversed": "False", "length": 124.764, "access": "yes", "junction": null, "ref": null, "width": "12", "est_width": null, "tunnel": null, "bridge": null, "service": null }, "geometry": { "type": "LineString", "coordinates": [ [ 2.187024, 41.4191907 ], [ 2.1870284, 41.4198394 ], [ 2.1870289, 41.4199124 ], [ 2.1870301, 41.4199735 ], [ 2.1870297, 41.4200595 ], [ 2.1870284, 41.4201038 ], [ 2.187027, 41.4203127 ] ] } },
{ "type": "Feature", "properties": { "u": 12485289356, "v": 840736528, "key": 0, "osmid": "1047586508", "oneway": true, "lanes": null, "name": null, "highway": "trunk_link", "maxspeed": "30", "reversed": "False", "length": 18.6, "access": null, "junction": null, "ref": null, "width": null, "est_width": null, "tunnel": null, "bridge": null, "service": null }, "geometry": { "type": "LineString", "coordinates": [ [ 2.1864584, 41.4585766 ], [ 2.18636, 41.4585849 ], [ 2.1863171, 41.4585898 ], [ 2.1862886, 41.458593 ], [ 2.1862378, 41.4586012 ] ] } },
{ "type": "Feature", "properties": { "u": 12643326925, "v": 7663721759, "key": 0, "osmid": "29382577", "oneway": true, "lanes": "5", "name": "Avinguda Meridiana", "highway": "primary", "maxspeed": "50", "reversed": "False", "length": 187.146, "access": null, "junction": null, "ref": null, "width": "14", "est_width": null, "tunnel": null, "bridge": null, "service": null }, "geometry": { "type": "LineString", "coordinates": [ [ 2.1860574, 41.441455 ], [ 2.1861766, 41.4418479 ], [ 2.1862666, 41.4421515 ], [ 2.1863238, 41.4423158 ], [ 2.1863329, 41.4423419 ], [ 2.1863524, 41.442398 ], [ 2.1863645, 41.4424381 ], [ 2.1864191, 41.4426291 ], [ 2.186489, 41.4428938 ], [ 2.186545, 41.4430976 ] ] } },
{ "type": "Feature", "properties": { "u": 12643326925, "v": 10189181762, "key": 0, "osmid": "217387464", "oneway": true, "lanes": "1", "name": null, "highway": "primary_link", "maxspeed": "50", "reversed": "False", "length": 85.399, "access": null, "junction": null, "ref": null, "width": null, "est_width": null, "tunnel": null, "bridge": null, "service": null }, "geometry": { "type": "LineString", "coordinates": [ [ 2.1860574, 41.441455 ], [ 2.1861779, 41.4415965 ], [ 2.1862333, 41.4416565 ], [ 2.1862915, 41.4417262 ], [ 2.1863427, 41.4418021 ], [ 2.186469, 41.4420353 ], [ 2.1864925, 41.4420711 ], [ 2.1865488, 41.4421248 ] ] } },
{ "type": "Feature", "properties": { "u": 12643425260, "v": 1312339728, "key": 0, "osmid": "1388534644", "oneway": true, "lanes": "3", "name": "Avinguda Meridiana", "highway": "primary", "maxspeed": "50", "reversed": "False", "length": 17.786, "access": "yes", "junction": null, "ref": null, "width": "12", "est_width": null, "tunnel": null, "bridge": null, "service": null }, "geometry": { "type": "LineString", "coordinates": [ [ 2.1843677, 41.4285097 ], [ 2.1842638, 41.4286494 ] ] } },
{ "type": "Feature", "properties": { "u": 12644016479, "v": 256484325, "key": 0, "osmid": [ 1408210128, 309935723 ], "oneway": true, "lanes": "3", "name": "Carrer de les Ciències", "highway": "primary", "maxspeed": "50", "reversed": "False", "length": 47.277, "access": null, "junction": null, "ref": null, "width": null, "est_width": null, "tunnel": null, "bridge": null, "service": null }, "geometry": { "type": "LineString", "coordinates": [ [ 2.1584223, 41.4251133 ], [ 2.1583859, 41.4253648 ], [ 2.1583812, 41.4253976 ], [ 2.1583498, 41.4255348 ] ] } },
{ "type": "Feature", "properties": { "u": 12644016500, "v": 1479422538, "key": 0, "osmid": "251684605", "oneway": true, "lanes": "4", "name": "Ronda del Guinardó", "highway": "primary", "maxspeed": "50", "reversed": "False", "length": 27.937, "access": null, "junction": null, "ref": null, "width": null, "est_width": null, "tunnel": null, "bridge": null, "service": null }, "geometry": { "type": "LineString", "coordinates": [ [ 2.1669513, 41.4121315 ], [ 2.1670717, 41.4121623 ], [ 2.1672671, 41.4122153 ] ] } },
{ "type": "Feature", "properties": { "u": 12645522467, "v": 1291715885, "key": 0, "osmid": "113980043", "oneway": true, "lanes": "1", "name": null, "highway": "trunk_link", "maxspeed": "80", "reversed": "False", "length": 175.242, "access": "yes", "junction": null, "ref": null, "width": null, "est_width": null, "tunnel": null, "bridge": null, "service": null }, "geometry": { "type": "LineString", "coordinates": [ [ 2.1512734, 41.4377861 ], [ 2.1511451, 41.4377229 ], [ 2.150813, 41.4375591 ], [ 2.1500997, 41.4371882 ], [ 2.149592, 41.4368456 ] ] } },
{ "type": "Feature", "properties": { "u": 12696223063, "v": 426884331, "key": 0, "osmid": [ 36726048, 541711519 ], "oneway": true, "lanes": [ "1", "2" ], "name": "Travessera de Dalt", "highway": "primary_link", "maxspeed": "50", "reversed": "False", "length": 125.301, "access": null, "junction": null, "ref": null, "width": null, "est_width": null, "tunnel": null, "bridge": null, "service": null }, "geometry": { "type": "LineString", "coordinates": [ [ 2.1498743, 41.4069251 ], [ 2.1500038, 41.4070041 ], [ 2.1500738, 41.4070469 ], [ 2.1501322, 41.407092 ], [ 2.150375, 41.4073123 ], [ 2.1507151, 41.4076316 ], [ 2.150772, 41.407685 ], [ 2.1508017, 41.4077129 ], [ 2.1508648, 41.4077678 ] ] } },
{ "type": "Feature", "properties": { "u": 12896018417, "v": 390227105, "key": 0, "osmid": "1393162858", "oneway": true, "lanes": "2", "name": "Gran Via de les Corts Catalanes (lateral muntanya)", "highway": "primary", "maxspeed": "50", "reversed": "False", "length": 16.267, "access": null, "junction": null, "ref": null, "width": "6", "est_width": null, "tunnel": null, "bridge": null, "service": null }, "geometry": { "type": "LineString", "coordinates": [ [ 2.1355365, 41.3651073 ], [ 2.1353539, 41.3650561 ] ] } },
{ "type": "Feature", "properties": { "u": 12896018417, "v": 540312574, "key": 0, "osmid": [ 1393162857, 542454732, 1338646676 ], "oneway": true, "lanes": "2", "name": "Ronda del Mig", "highway": "primary", "maxspeed": "60", "reversed": "False", "length": 741.011, "access": null, "junction": null, "ref": null, "width": null, "est_width": null, "tunnel": "yes", "bridge": null, "service": null }, "geometry": { "type": "LineString", "coordinates": [ [ 2.1355365, 41.3651073 ], [ 2.1354945, 41.3651386 ], [ 2.1354144, 41.3652132 ], [ 2.1353955, 41.3652375 ], [ 2.1353731, 41.3652698 ], [ 2.1352291, 41.3654707 ], [ 2.1352176, 41.3654869 ], [ 2.1351254, 41.365594 ], [ 2.1347056, 41.3662088 ], [ 2.1341115, 41.3670183 ], [ 2.1337601, 41.3675478 ], [ 2.1334317, 41.368073 ], [ 2.133109, 41.3687283 ], [ 2.1330013, 41.3689471 ], [ 2.132122, 41.37122 ] ] } },
{ "type": "Feature", "properties": { "u": 12914037675, "v": 1771982085, "key": 0, "osmid": "1395147161", "oneway": true, "lanes": "3", "name": "Via Augusta", "highway": "primary", "maxspeed": "50", "reversed": "False", "length": 9.641, "access": null, "junction": null, "ref": null, "width": "9", "est_width": null, "tunnel": null, "bridge": null, "service": null }, "geometry": { "type": "LineString", "coordinates": [ [ 2.1261595, 41.3980935 ], [ 2.1262677, 41.398063 ] ] } },
{ "type": "Feature", "properties": { "u": 12914037676, "v": 1584415334, "key": 0, "osmid": "1395147160", "oneway": true, "lanes": "3", "name": "Via Augusta", "highway": "primary", "maxspeed": "50", "reversed": "False", "length": 60.097, "access": null, "junction": null, "ref": null, "width": "9", "est_width": null, "tunnel": null, "bridge": null, "service": null }, "geometry": { "type": "LineString", "coordinates": [ [ 2.1261626, 41.3981849 ], [ 2.1261336, 41.3982063 ], [ 2.1259776, 41.3983157 ], [ 2.1258413, 41.3984164 ], [ 2.1257596, 41.3984709 ], [ 2.1256639, 41.3985319 ], [ 2.1256354, 41.398553 ] ] } },
{ "type": "Feature", "properties": { "u": 12919195202, "v": 2497218265, "key": 0, "osmid": [ 1395710336, 1395710337, 902143605 ], "oneway": true, "lanes": "3", "name": "Gran Via de Carles III", "highway": "primary_link", "maxspeed": "50", "reversed": "False", "length": 91.594, "access": null, "junction": null, "ref": null, "width": null, "est_width": null, "tunnel": null, "bridge": null, "service": null }, "geometry": { "type": "LineString", "coordinates": [ [ 2.1270288, 41.3854581 ], [ 2.1270424, 41.3853841 ], [ 2.1270588, 41.3852943 ], [ 2.1270657, 41.3852568 ], [ 2.1270728, 41.3852181 ], [ 2.1271148, 41.3850392 ], [ 2.1271892, 41.3847641 ], [ 2.1272018, 41.3847213 ], [ 2.1272278, 41.3846486 ] ] } },
{ "type": "Feature", "properties": { "u": 12919487149, "v": 998607815, "key": 0, "osmid": [ 17206544, 1395746241, 450186812 ], "oneway": true, "lanes": "3", "name": "Carrer de Numància", "highway": "primary", "maxspeed": "30", "reversed": "False", "length": 150.707, "access": null, "junction": null, "ref": null, "width": "9", "est_width": null, "tunnel": null, "bridge": null, "service": null }, "geometry": { "type": "LineString", "coordinates": [ [ 2.133083, 41.3890705 ], [ 2.1333482, 41.3887962 ], [ 2.1333673, 41.3887762 ], [ 2.1333934, 41.3887488 ], [ 2.133419, 41.3887203 ], [ 2.1335121, 41.3886238 ], [ 2.133802, 41.3883234 ], [ 2.1340263, 41.3880909 ], [ 2.1341411, 41.387972 ] ] } },
{ "type": "Feature", "properties": { "u": 12919487176, "v": 1500032696, "key": 0, "osmid": "1395746249", "oneway": true, "lanes": "3", "name": "Carrer de Tarragona", "highway": "primary", "maxspeed": "50", "reversed": "False", "length": 23.601, "access": null, "junction": null, "ref": null, "width": "14", "est_width": null, "tunnel": null, "bridge": null, "service": null }, "geometry": { "type": "LineString", "coordinates": [ [ 2.1458693, 41.3781076 ], [ 2.1459075, 41.3780769 ], [ 2.1460224, 41.377989 ], [ 2.1460663, 41.3779553 ] ] } },
{ "type": "Feature", "properties": { "u": 12945625939, "v": 950190540, "key": 0, "osmid": "81524924", "oneway": true, "lanes": null, "name": "Avinguda de l'Estatut de Catalunya", "highway": "primary", "maxspeed": "30", "reversed": "False", "length": 234.936, "access": null, "junction": null, "ref": null, "width": null, "est_width": null, "tunnel": null, "bridge": null, "service": null }, "geometry": { "type": "LineString", "coordinates": [ [ 2.153325, 41.4368643 ], [ 2.1532617, 41.4369993 ], [ 2.1532382, 41.4370844 ], [ 2.1532212, 41.4371706 ], [ 2.153207, 41.4373287 ], [ 2.1532257, 41.4374463 ], [ 2.1532578, 41.4375722 ], [ 2.1533359, 41.4377382 ], [ 2.1534429, 41.4378718 ], [ 2.1535129, 41.4379339 ], [ 2.1535824, 41.4379837 ], [ 2.1536808, 41.4380441 ], [ 2.1538114, 41.4381039 ], [ 2.1539721, 41.4381783 ], [ 2.1541156, 41.4382362 ], [ 2.1543795, 41.4383427 ], [ 2.1546141, 41.4384516 ] ] } }
]
}
