{
"type": "FeatureCollection",
"name": "sensors_with_centrality",
"crs": { "type": "name", "properties": { "name": "urn:ogc:def:crs:OGC:1.3:CRS84" } },
"features": [
{ "type": "Feature", "properties": { "Id_Instal": 186, "Codi_Carrer": 348408, "Tipus_Via": "C", "Nom_Carrer": "Tuset", "Num_Carrer": "8", "Codi_Barri": 26, "Nom_Barri": "Galvany", "Codi_Districte": 5, "Nom_Districte": "Sarrià-Sant Gervasi", "Latitud": 41.39545, "Longitud": 2.152753, "ETRS89_X": 429172.441, "ETRS89_Y": 4583003.592, "Data_Instalacio": "29/01/2014", "Data_DesInstalacio": "16/01/2015", "Font": "OCI", "nearest_node": 5094317308, "street_centrality": 0.0031900044216677677 }, "geometry": { "type": "Point", "coordinates": [ 2.152753, 41.39545 ] } },
{ "type": "Feature", "properties": { "Id_Instal": 187, "Codi_Carrer": 348408, "Tipus_Via": "C", "Nom_Carrer": "Tuset", "Num_Carrer": "17", "Codi_Barri": 26, "Nom_Barri": "Galvany", "Codi_Districte": 5, "Nom_Districte": "Sarrià-Sant Gervasi", "Latitud": 41.396156, "Longitud": 2.151564, "ETRS89_X": 429073.823, "ETRS89_Y": 4583082.946, "Data_Instalacio": "29/01/2014", "Data_DesInstalacio": "16/01/2015", "Font": "OCI", "nearest_node": 30556617, "street_centrality": 0.0031432912305953569 }, "geometry": { "type": "Point", "coordinates": [ 2.151564, 41.396156 ] } },
{ "type": "Feature", "properties": { "Id_Instal": 206, "Codi_Carrer": 112208, "Tipus_Via": "C", "Nom_Carrer": "Escudellers", "Num_Carrer": "53", "Codi_Barri": 2, "Nom_Barri": "el Barri Gòtic", "Codi_Districte": 1, "Nom_Districte": "Ciutat Vella", "Latitud": 41.380127, "Longitud": 2.176924, "ETRS89_X": 431177.0, "ETRS89_Y": 4581283.0, "Data_Instalacio": "05/02/2014", "Data_DesInstalacio": "30/01/2015", "Font": "OCI", "nearest_node": 30243946, "street_centrality": 0.0016152633539496283 }, "geometry": { "type": "Point", "coordinates": [ 2.176924, 41.380127 ] } },
{ "type": "Feature", "properties": { "Id_Instal": 207, "Codi_Carrer": 86902, "Tipus_Via": "C", "Nom_Carrer": "Nou de la Rambla", "Num_Carrer": "21", "Codi_Barri": 1, "Nom_Barri": "el Raval", "Codi_Districte": 1, "Nom_Districte": "Ciutat Vella", "Latitud": 41.378273, "Longitud": 2.173348, "ETRS89_X": 430876.0, "ETRS89_Y": 4581080.0, "Data_Instalacio": "05/02/2014", "Data_DesInstalacio": "30/01/2015", "Font": "OCI", "nearest_node": 30227025, "street_centrality": 0.00043674019605049184 }, "geometry": { "type": "Point", "coordinates": [ 2.173348, 41.378273 ] } },
{ "type": "Feature", "properties": { "Id_Instal": 208, "Codi_Carrer": 46409, "Tipus_Via": "Pg", "Nom_Carrer": "Born", "Num_Carrer": "19", "Codi_Barri": 4, "Nom_Barri": "Sant Pere, Santa Caterina i la Ribera", "Codi_Districte": 1, "Nom_Districte": "Ciutat Vella", "Latitud": 41.384925, "Longitud": 2.182772, "ETRS89_X": 431671.0, "ETRS89_Y": 4581811.0, "Data_Instalacio": "05/02/2014", "Data_DesInstalacio": "30/01/2015", "Font": "OCI", "nearest_node": 13197779092, "street_centrality": 0.00401283195597939 }, "geometry": { "type": "Point", "coordinates": [ 2.182772, 41.384925 ] } },
{ "type": "Feature", "properties": { "Id_Instal": 246, "Codi_Carrer": 158901, "Tipus_Via": "Pl", "Nom_Carrer": "Osca", "Num_Carrer": "2", "Codi_Barri": 18, "Nom_Barri": "Sants", "Codi_Districte": 3, "Nom_Districte": "Sants-Montjuïc", "Latitud": 41.376198, "Longitud": 2.138527, "ETRS89_X": 427962.0, "ETRS89_Y": 4580878.0, "Data_Instalacio": "23/06/2014", "Data_DesInstalacio": "27/01/2015", "Font": "OCI", "nearest_node": 30294200, "street_centrality": 0.00011143628713659457 }, "geometry": { "type": "Point", "coordinates": [ 2.138527, 41.376198 ] } },
{ "type": "Feature", "properties": { "Id_Instal": 267, "Codi_Carrer": 179708, "Tipus_Via": "C", "Nom_Carrer": "Lincoln", "Num_Carrer": "10", "Codi_Barri": 26, "Nom_Barri": "Galvany", "Codi_Districte": 5, "Nom_Districte": "Sarrià-Sant Gervasi", "Latitud": 41.400261, "Longitud": 2.150371, "ETRS89_X": 428978.6, "ETRS89_Y": 4583539.7, "Data_Instalacio": "23/01/2014", "Data_DesInstalacio": "20/01/2015", "Font": "OCI", "nearest_node": 30313348, "street_centrality": 0.0084702834414431723 }, "geometry": { "type": "Point", "coordinates": [ 2.150371, 41.400261 ] } },
{ "type": "Feature", "properties": { "Id_Instal": 268, "Codi_Carrer": 21306, "Tipus_Via": "C", "Nom_Carrer": "Arc del Teatre", "Num_Carrer": "5", "Codi_Barri": 1, "Nom_Barri": "el Raval", "Codi_Districte": 1, "Nom_Districte": "Ciutat Vella", "Latitud": 41.378242, "Longitud": 2.175112, "ETRS89_X": 431023.452, "ETRS89_Y": 4581075.134, "Data_Instalacio": "23/04/2014", "Data_DesInstalacio": "29/01/2015", "Font": "OCI", "nearest_node": 1400747727, "street_centrality": 0.0075011254290733957 }, "geometry": { "type": "Point", "coordinates": [ 2.175112, 41.378242 ] } },
{ "type": "Feature", "properties": { "Id_Instal": 326, "Codi_Carrer": 17706, "Tipus_Via": "C", "Nom_Carrer": "Antoni de Capmany", "Num_Carrer": "41", "Codi_Barri": 18, "Nom_Barri": "Sants", "Codi_Districte": 3, "Nom_Districte": "Sants-Montjuïc", "Latitud": 41.37221, "Longitud": 2.132291, "ETRS89_X": 427436.084, "ETRS89_Y": 4580440.516, "Data_Instalacio": "27/01/2015", "Data_DesInstalacio": "19/05/2015", "Font": "TRÀNSIT", "nearest_node": 1012340956, "street_centrality": 0.0 }, "geometry": { "type": "Point", "coordinates": [ 2.132291, 41.37221 ] } },
{ "type": "Feature", "properties": { "Id_Instal": 346, "Codi_Carrer": 348408, "Tipus_Via": "C", "Nom_Carrer": "Tuset", "Num_Carrer": "8", "Codi_Barri": 26, "Nom_Barri": "Galvany", "Codi_Districte": 5, "Nom_Districte": "Sarrià-Sant Gervasi", "Latitud": 41.39545, "Longitud": 2.152753, "ETRS89_X": 429172.441, "ETRS89_Y": 4583003.592, "Data_Instalacio": "29/01/2015", "Data_DesInstalacio": "10/02/2016", "Font": "OCI", "nearest_node": 5094317308, "street_centrality": 0.0031900044216677677 }, "geometry": { "type": "Point", "coordinates": [ 2.152753, 41.39545 ] } },
{ "type": "Feature", "properties": { "Id_Instal": 347, "Codi_Carrer": 348408, "Tipus_Via": "C", "Nom_Carrer": "Tuset", "Num_Carrer": "17", "Codi_Barri": 26, "Nom_Barri": "Galvany", "Codi_Districte": 5, "Nom_Districte": "Sarrià-Sant Gervasi", "Latitud": 41.396156, "Longitud": 2.151564, "ETRS89_X": 429073.823, "ETRS89_Y": 4583082.946, "Data_Instalacio": "29/01/2015", "Data_DesInstalacio": "10/02/2016", "Font": "OCI", "nearest_node": 30556617, "street_centrality": 0.0031432912305953569 }, "geometry": { "type": "Point", "coordinates": [ 2.151564, 41.396156 ] } },
{ "type": "Feature", "properties": { "Id_Instal": 366, "Codi_Carrer": 284804, "Tipus_Via": "C", "Nom_Carrer": "Robador", "Num_Carrer": "31", "Codi_Barri": 1, "Nom_Barri": "el Raval", "Codi_Districte": 1, "Nom_Districte": "Ciutat Vella", "Latitud": 41.379396, "Longitud": 2.170909, "ETRS89_X": 430673.242, "ETRS89_Y": 4581206.666, "Data_Instalacio": "04/02/2015", "Data_DesInstalacio": "06/10/2015", "Font": "OCI", "nearest_node": 30884353, "street_centrality": 0.0 }, "geometry": { "type": "Point", "coordinates": [ 2.170909, 41.379396 ] } },
{ "type": "Feature", "properties": { "Id_Instal": 389, "Codi_Carrer": 220200, "Tipus_Via": "C", "Nom_Carrer": "Montserrat", "Num_Carrer": "4", "Codi_Barri": 1, "Nom_Barri": "el Raval", "Codi_Districte": 1, "Nom_Districte": "Ciutat Vella", "Latitud": 41.377376, "Longitud": 2.174657, "ETRS89_X": 430984.521, "ETRS89_Y": 4580979.41, "Data_Instalacio": "13/03/2015", "Data_DesInstalacio": "26/10/2015", "Font": "OCI", "nearest_node": 30227027, "street_centrality": 0.0 }, "geometry": { "type": "Point", "coordinates": [ 2.174657, 41.377376 ] } },
{ "type": "Feature", "properties": { "Id_Instal": 390, "Codi_Carrer": 21306, "Tipus_Via": "C", "Nom_Carrer": "Arc del Teatre", "Num_Carrer": "5", "Codi_Barri": 1, "Nom_Barri": "el Raval", "Codi_Districte": 1, "Nom_Districte": "Ciutat Vella", "Latitud": 41.378242, "Longitud": 2.175112, "ETRS89_X": 431023.452, "ETRS89_Y": 4581075.134, "Data_Instalacio": "12/03/2015", "Data_DesInstalacio": "10/11/2015", "Font": "OCI", "nearest_node": 1400747727, "street_centrality": 0.0075011254290733957 }, "geometry": { "type": "Point", "coordinates": [ 2.175112, 41.378242 ] } },
{ "type": "Feature", "properties": { "Id_Instal": 391, "Codi_Carrer": 223606, "Tipus_Via": "C", "Nom_Carrer": "Muntaner", "Num_Carrer": "488", "Codi_Barri": 25, "Nom_Barri": "la Bonanova", "Codi_Districte": 5, "Nom_Districte": "Sarrià-Sant Gervasi", "Latitud": 41.402959, "Longitud": 2.137835, "ETRS89_X": 427933.645, "ETRS89_Y": 4583849.558, "Data_Instalacio": "13/03/2015", "Data_DesInstalacio": "18/06/2015", "Font": "TRÀNSIT", "nearest_node": 126763506, "street_centrality": 0.042596239353197778 }, "geometry": { "type": "Point", "coordinates": [ 2.137835, 41.402959 ] } },
{ "type": "Feature", "properties": { "Id_Instal": 406, "Codi_Carrer": 148307, "Tipus_Via": "Pg", "Nom_Carrer": "Gràcia", "Num_Carrer": "124", "Codi_Barri": 31, "Nom_Barri": "la Vila de Gràcia", "Codi_Districte": 6, "Nom_Districte": "Gràcia", "Latitud": 41.397772, "Longitud": 2.158115, "ETRS89_X": 429623.234, "ETRS89_Y": 4583256.978, "Data_Instalacio": "19/12/2014", "Data_DesInstalacio": "17/06/2016", "Font": "TRÀNSIT", "nearest_node": 1457931649, "street_centrality": 0.013985254035642618 }, "geometry": { "type": "Point", "coordinates": [ 2.158115, 41.397772 ] } },
{ "type": "Feature", "properties": { "Id_Instal": 426, "Codi_Carrer": 158901, "Tipus_Via": "Pl", "Nom_Carrer": "Osca", "Num_Carrer": "10", "Codi_Barri": 18, "Nom_Barri": "Sants", "Codi_Districte": 3, "Nom_Districte": "Sants-Montjuïc", "Latitud": 41.376104, "Longitud": 2.138507, "ETRS89_X": 427960.147, "ETRS89_Y": 4580867.57, "Data_Instalacio": "04/06/2015", "Data_DesInstalacio": "29/07/2015", "Font": "OCI", "nearest_node": 30294200, "street_centrality": 0.00011143628713659457 }, "geometry": { "type": "Point", "coordinates": [ 2.138507, 41.376104 ] } },
{ "type": "Feature", "properties": { "Id_Instal": 428, "Codi_Carrer": 281409, "Tipus_Via": "Ctra", "Nom_Carrer": "Ribes", "Num_Carrer": "85", "Codi_Barri": 57, "Nom_Barri": "la Trinitat Vella", "Codi_Districte": 9, "Nom_Districte": "Sant Andreu", "Latitud": 41.450047, "Longitud": 2.189489, "ETRS89_X": 432300.276, "ETRS89_Y": 4589035.544, "Data_Instalacio": "13/05/2015", "Data_DesInstalacio": "09/09/2015", "Font": "TRÀNSIT", "nearest_node": 1137594647, "street_centrality": 0.0052065509712153346 }, "geometry": { "type": "Point", "coordinates": [ 2.189489, 41.450047 ] } },
{ "type": "Feature", "properties": { "Id_Instal": 446, "Codi_Carrer": 11200, "Tipus_Via": "C", "Nom_Carrer": "Almogàvers", "Num_Carrer": "120", "Codi_Barri": 66, "Nom_Barri": "el Parc i la Llacuna del Poblenou", "Codi_Districte": 10, "Nom_Districte": "Sant Martí", "Latitud": 41.397383, "Longitud": 2.190215, "ETRS89_X": 432306.225, "ETRS89_Y": 4583188.274, "Data_Instalacio": "17/06/2015", "Data_DesInstalacio": "06/10/2015", "Font": "OCI", "nearest_node": 30689522, "street_centrality": 0.0040893740521944248 }, "geometry": { "type": "Point", "coordinates": [ 2.190215, 41.397383 ] } },
{ "type": "Feature", "properties": { "Id_Instal": 447, "Codi_Carrer": 249304, "Tipus_Via": "C", "Nom_Carrer": "Pere IV", "Num_Carrer": "72", "Codi_Barri": 66, "Nom_Barri": "el Parc i la Llacuna del Poblenou", "Codi_Districte": 10, "Nom_Districte": "Sant Martí", "Latitud": 41.396785, "Longitud": 2.192893, "ETRS89_X": 432529.511, "ETRS89_Y": 4583119.782, "Data_Instalacio": "17/06/2015", "Data_DesInstalacio": "14/06/2016", "Font": "OCI", "nearest_node": 365565046, "street_centrality": 0.00028365600362042251 }, "geometry": { "type": "Point", "coordinates": [ 2.192893, 41.396785 ] } },
{ "type": "Feature", "properties": { "Id_Instal": 466, "Codi_Carrer": 66508, "Tipus_Via": "G.V.", "Nom_Carrer": "Carles III", "Num_Carrer": "38", "Codi_Barri": 19, "Nom_Barri": "les Corts", "Codi_Districte": 4, "Nom_Districte": "Les Corts", "Latitud": 41.382044, "Longitud": 2.128501, "ETRS89_X": 427130.103, "ETRS89_Y": 4581535.406, "Data_Instalacio": "18/06/2015", "Data_DesInstalacio": "10/02/2016", "Font": "TRÀNSIT", "nearest_node": 540312581, "street_centrality": 0.02277915295740671 }, "geometry": { "type": "Point", "coordinates": [ 2.128501, 41.382044 ] } },
{ "type": "Feature", "properties": { "Id_Instal": 486, "Codi_Carrer": 326904, "Tipus_Via": "Pl", "Nom_Carrer": "Sol", "Num_Carrer": "2", "Codi_Barri": 31, "Nom_Barri": "la Vila de Gràcia", "Codi_Districte": 6, "Nom_Districte": "Gràcia", "Latitud": 41.401519, "Longitud": 2.156852, "ETRS89_X": 429521.701, "ETRS89_Y": 4583674.03, "Data_Instalacio": "12/02/2015", "Data_DesInstalacio": "16/12/2016", "Font": "OCI", "nearest_node": 1368518996, "street_centrality": 0.0 }, "geometry": { "type": "Point", "coordinates": [ 2.156852, 41.401519 ] } },
{ "type": "Feature", "properties": { "Id_Instal": 487, "Codi_Carrer": 148307, "Tipus_Via": "Pg", "Nom_Carrer": "Gràcia", "Num_Carrer": "111", "Codi_Barri": 31, "Nom_Barri": "la Vila de Gràcia", "Codi_Districte": 6, "Nom_Districte": "Gràcia", "Latitud": 41.396968, "Longitud": 2.158797, "ETRS89_X": 429679.4, "ETRS89_Y": 4583167.165, "Data_Instalacio": "01/01/2015", "Data_DesInstalacio": "17/06/2016", "Font": "TRÀNSIT", "nearest_node": 442540249, "street_centrality": 0.024131021450851661 }, "geometry": { "type": "Point", "coordinates": [ 2.158797, 41.396968 ] } },
{ "type": "Feature", "properties": { "Id_Instal": 488, "Codi_Carrer": 148307, "Tipus_Via": "Pg", "Nom_Carrer": "Gràcia", "Num_Carrer": "81", "Codi_Barri": 7, "Nom_Barri": "la Dreta de l'Eixample", "Codi_Districte": 2, "Nom_Districte": "L'Eixample", "Latitud": 41.394328, "Longitud": 2.162069, "ETRS89_X": 429950.045, "ETRS89_Y": 4582871.451, "Data_Instalacio": "01/01/2015", "Data_DesInstalacio": "29/06/2016", "Font": "TRÀNSIT", "nearest_node": 30238029, "street_centrality": 0.005545925118404055 }, "geometry": { "type": "Point", "coordinates": [ 2.162069, 41.394328 ] } },
{ "type": "Feature", "properties": { "Id_Instal": 489, "Codi_Carrer": 148307, "Tipus_Via": "Pg", "Nom_Carrer": "Gràcia", "Num_Carrer": "51", "Codi_Barri": 7, "Nom_Barri": "la Dreta de l'Eixample", "Codi_Districte": 2, "Nom_Districte": "L'Eixample", "Latitud": 41.392571, "Longitud": 2.164247, "ETRS89_X": 430130.284, "ETRS89_Y": 4582674.66, "Data_Instalacio": "01/01/2015", "Data_DesInstalacio": "17/06/2016", "Font": "TRÀNSIT", "nearest_node": 442540251, "street_centrality": 0.014411300850604245 }, "geometry": { "type": "Point", "coordinates": [ 2.164247, 41.392571 ] } },
{ "type": "Feature", "properties": { "Id_Instal": 490, "Codi_Carrer": 148307, "Tipus_Via": "Pg", "Nom_Carrer": "Gràcia", "Num_Carrer": "27", "Codi_Barri": 7, "Nom_Barri": "la Dreta de l'Eixample", "Codi_Districte": 2, "Nom_Districte": "L'Eixample", "Latitud": 41.390799, "Longitud": 2.16644, "ETRS89_X": 430311.695, "ETRS89_Y": 4582476.112, "Data_Instalacio": "01/01/2015", "Data_DesInstalacio": "17/06/2016", "Font": "TRÀNSIT", "nearest_node": 442540253, "street_centrality": 0.0072546148544985044 }, "geometry": { "type": "Point", "coordinates": [ 2.16644, 41.390799 ] } },
{ "type": "Feature", "properties": { "Id_Instal": 491, "Codi_Carrer": 148307, "Tipus_Via": "Pg", "Nom_Carrer": "Gràcia", "Num_Carrer": "13", "Codi_Barri": 7, "Nom_Barri": "la Dreta de l'Eixample", "Codi_Districte": 2, "Nom_Districte": "L'Eixample", "Latitud": 41.389653, "Longitud": 2.167858, "ETRS89_X": 430429.031, "ETRS89_Y": 4582347.78, "Data_Instalacio": "01/01/2015", "Data_DesInstalacio": "17/06/2016", "Font": "TRÀNSIT", "nearest_node": 1311770050, "street_centrality": 0.0082147679143723951 }, "geometry": { "type": "Point", "coordinates": [ 2.167858, 41.389653 ] } },
{ "type": "Feature", "properties": { "Id_Instal": 492, "Codi_Carrer": 329902, "Tipus_Via": "C", "Nom_Carrer": "Tamarit", "Num_Carrer": "89", "Codi_Barri": 10, "Nom_Barri": "Sant Antoni", "Codi_Districte": 2, "Nom_Districte": "L'Eixample", "Latitud": 41.375415, "Longitud": 2.156424, "ETRS89_X": 429457.687, "ETRS89_Y": 4580776.359, "Data_Instalacio": "11/03/2015", "Data_DesInstalacio": "18/10/2016", "Font": "TRÀNSIT", "nearest_node": 903233293, "street_centrality": 0.011662539101234912 }, "geometry": { "type": "Point", "coordinates": [ 2.156424, 41.375415 ] } },
{ "type": "Feature", "properties": { "Id_Instal": 493, "Codi_Carrer": 198804, "Tipus_Via": "Av", "Nom_Carrer": "Paral·lel", "Num_Carrer": "167", "Codi_Barri": 11, "Nom_Barri": "el Poble Sec", "Codi_Districte": 3, "Nom_Districte": "Sants-Montjuïc", "Latitud": 41.374891, "Longitud": 2.156378, "ETRS89_X": 429453.316, "ETRS89_Y": 4580718.234, "Data_Instalacio": "11/03/2015", "Data_DesInstalacio": "24/01/2017", "Font": "TRÀNSIT", "nearest_node": 12945165121, "street_centrality": 0.013653196412356806 }, "geometry": { "type": "Point", "coordinates": [ 2.156378, 41.374891 ] } },
{ "type": "Feature", "properties": { "Id_Instal": 494, "Codi_Carrer": 192502, "Tipus_Via": "C", "Nom_Carrer": "Manso", "Num_Carrer": "1", "Codi_Barri": 10, "Nom_Barri": "Sant Antoni", "Codi_Districte": 2, "Nom_Districte": "L'Eixample", "Latitud": 41.375392, "Longitud": 2.158681, "ETRS89_X": 429646.454, "ETRS89_Y": 4580771.979, "Data_Instalacio": "11/03/2015", "Data_DesInstalacio": "18/10/2016", "Font": "TRÀNSIT", "nearest_node": 905811222, "street_centrality": 0.0054817648318708639 }, "geometry": { "type": "Point", "coordinates": [ 2.158681, 41.375392 ] } },
{ "type": "Feature", "properties": { "Id_Instal": 495, "Codi_Carrer": 198804, "Tipus_Via": "Av", "Nom_Carrer": "Paral·lel", "Num_Carrer": "139", "Codi_Barri": 11, "Nom_Barri": "el Poble Sec", "Codi_Districte": 3, "Nom_Districte": "Sants-Montjuïc", "Latitud": 41.374886, "Longitud": 2.158565, "ETRS89_X": 429636.151, "ETRS89_Y": 4580715.896, "Data_Instalacio": "11/03/2015", "Data_DesInstalacio": "13/05/2022", "Font": "TRÀNSIT", "nearest_node": 905811221, "street_centrality": 0.011092413046339103 }, "geometry": { "type": "Point", "coordinates": [ 2.158565, 41.374886 ] } },
{ "type": "Feature", "properties": { "Id_Instal": 496, "Codi_Carrer": 198804, "Tipus_Via": "Av", "Nom_Carrer": "Paral·lel", "Num_Carrer": "115", "Codi_Barri": 11, "Nom_Barri": "el Poble Sec", "Codi_Districte": 3, "Nom_Districte": "Sants-Montjuïc", "Latitud": 41.374878, "Longitud": 2.161585, "ETRS89_X": 429888.694, "ETRS89_Y": 4580712.564, "Data_Instalacio": "11/03/2015", "Data_DesInstalacio": null, "Font": "TRÀNSIT", "nearest_node": 4834501645, "street_centrality": 0.0089447318760701895 }, "geometry": { "type": "Point", "coordinates": [ 2.161585, 41.374878 ] } },
{ "type": "Feature", "properties": { "Id_Instal": 497, "Codi_Carrer": 198804, "Tipus_Via": "Av", "Nom_Carrer": "Paral·lel", "Num_Carrer": "81", "Codi_Barri": 11, "Nom_Barri": "el Poble Sec", "Codi_Districte": 3, "Nom_Districte": "Sants-Montjuïc", "Latitud": 41.37485, "Longitud": 2.166773, "ETRS89_X": 430322.548, "ETRS89_Y": 4580705.233, "Data_Instalacio": "11/03/2015", "Data_DesInstalacio": null, "Font": "TRÀNSIT", "nearest_node": 1495940226, "street_centrality": 0.010365263132296274 }, "geometry": { "type": "Point", "coordinates": [ 2.166773, 41.37485 ] } },
{ "type": "Feature", "properties": { "Id_Instal": 509, "Codi_Carrer": 66508, "Tipus_Via": "G.V.", "Nom_Carrer": "Carles III", "Num_Carrer": "41", "Codi_Barri": 20, "Nom_Barri": "la Maternitat i Sant Ramon", "Codi_Districte": 4, "Nom_Districte": "Les Corts", "Latitud": 41.381147, "Longitud": 2.128383, "ETRS89_X": 427119.246, "ETRS89_Y": 4581435.937, "Data_Instalacio": "13/04/2015", "Data_DesInstalacio": "22/10/2016", "Font": "SUPERILLA", "nearest_node": 700947151, "street_centrality": 0.0086869651108754404 }, "geometry": { "type": "Point", "coordinates": [ 2.128383, 41.381147 ] } },
{ "type": "Feature", "properties": { "Id_Instal": 510, "Codi_Carrer": 343903, "Tipus_Via": "Trav", "Nom_Carrer": "Corts", "Num_Carrer": "44", "Codi_Barri": 20, "Nom_Barri": "la Maternitat i Sant Ramon", "Codi_Districte": 4, "Nom_Districte": "Les Corts", "Latitud": 41.379162, "Longitud": 2.123099, "ETRS89_X": 426675.186, "ETRS89_Y": 4581219.95, "Data_Instalacio": "13/04/2015", "Data_DesInstalacio": "22/10/2016", "Font": "SUPERILLA", "nearest_node": 59749808, "street_centrality": 0.0085699007284289162 }, "geometry": { "type": "Point", "coordinates": [ 2.123099, 41.379162 ] } },
{ "type": "Feature", "properties": { "Id_Instal": 511, "Codi_Carrer": 282252, "Tipus_Via": "Rier", "Nom_Carrer": "Blanca", "Num_Carrer": "7", "Codi_Barri": 20, "Nom_Barri": "la Maternitat i Sant Ramon", "Codi_Districte": 4, "Nom_Districte": "Les Corts", "Latitud": 41.377164, "Longitud": 2.121833, "ETRS89_X": 426567.013, "ETRS89_Y": 4580999.205, "Data_Instalacio": "13/04/2015", "Data_DesInstalacio": "22/10/2016", "Font": "SUPERILLA", "nearest_node": 30314640, "street_centrality": 0.0 }, "geometry": { "type": "Point", "coordinates": [ 2.121833, 41.377164 ] } },
{ "type": "Feature", "properties": { "Id_Instal": 512, "Codi_Carrer": 187207, "Tipus_Via": "Av", "Nom_Carrer": "Madrid", "Num_Carrer": "7", "Codi_Barri": 20, "Nom_Barri": "la Maternitat i Sant Ramon", "Codi_Districte": 4, "Nom_Districte": "Les Corts", "Latitud": 41.376114, "Longitud": 2.123291, "ETRS89_X": 426687.828, "ETRS89_Y": 4580881.452, "Data_Instalacio": "01/04/2015", "Data_DesInstalacio": "22/10/2016", "Font": "SUPERILLA", "nearest_node": 1528717122, "street_centrality": 0.0029035343703923805 }, "geometry": { "type": "Point", "coordinates": [ 2.123291, 41.376114 ] } },
{ "type": "Feature", "properties": { "Id_Instal": 513, "Codi_Carrer": 187207, "Tipus_Via": "Av", "Nom_Carrer": "Madrid", "Num_Carrer": "61", "Codi_Barri": 20, "Nom_Barri": "la Maternitat i Sant Ramon", "Codi_Districte": 4, "Nom_Districte": "Les Corts", "Latitud": 41.377848, "Longitud": 2.126167, "ETRS89_X": 426930.2, "ETRS89_Y": 4581071.508, "Data_Instalacio": "13/04/2015", "Data_DesInstalacio": "22/10/2016", "Font": "SUPERILLA", "nearest_node": 30251178, "street_centrality": 0.0063946418911413512 }, "geometry": { "type": "Point", "coordinates": [ 2.126167, 41.377848 ] } },
{ "type": "Feature", "properties": { "Id_Instal": 514, "Codi_Carrer": 166513, "Tipus_Via": "Jard", "Nom_Carrer": "Bacardí", "Num_Carrer": "s/n", "Codi_Barri": 20, "Nom_Barri": "la Maternitat i Sant Ramon", "Codi_Districte": 4, "Nom_Districte": "Les Corts", "Latitud": 41.379878, "Longitud": 2.125553, "ETRS89_X": 426881.176, "ETRS89_Y": 4581297.386, "Data_Instalacio": "13/04/2015", "Data_DesInstalacio": "22/10/2016", "Font": "SUPERILLA", "nearest_node": 60591465, "street_centrality": 0.00020542547881240917 }, "geometry": { "type": "Point", "coordinates": [ 2.125553, 41.379878 ] } },
{ "type": "Feature", "properties": { "Id_Instal": 515, "Codi_Carrer": 23800, "Tipus_Via": "C", "Nom_Carrer": "Arizala", "Num_Carrer": "52", "Codi_Barri": 20, "Nom_Barri": "la Maternitat i Sant Ramon", "Codi_Districte": 4, "Nom_Districte": "Les Corts", "Latitud": 41.377923, "Longitud": 2.12412, "ETRS89_X": 426759.121, "ETRS89_Y": 4581081.616, "Data_Instalacio": "13/04/2015", "Data_DesInstalacio": "22/10/2016", "Font": "SUPERILLA", "nearest_node": 30294469, "street_centrality": 0.0036323727130281886 }, "geometry": { "type": "Point", "coordinates": [ 2.12412, 41.377923 ] } },
{ "type": "Feature", "properties": { "Id_Instal": 516, "Codi_Carrer": 87100, "Tipus_Via": "C", "Nom_Carrer": "Comte de Güell", "Num_Carrer": "36", "Codi_Barri": 20, "Nom_Barri": "la Maternitat i Sant Ramon", "Codi_Districte": 4, "Nom_Districte": "Les Corts", "Latitud": 41.377774, "Longitud": 2.122524, "ETRS89_X": 426625.503, "ETRS89_Y": 4581066.356, "Data_Instalacio": "13/04/2015", "Data_DesInstalacio": "22/10/2016", "Font": "SUPERILLA", "nearest_node": 30314638, "street_centrality": 0.0033115712803622344 }, "geometry": { "type": "Point", "coordinates": [ 2.122524, 41.377774 ] } },
{ "type": "Feature", "properties": { "Id_Instal": 517, "Codi_Carrer": 84703, "Tipus_Via": "C", "Nom_Carrer": "Comandant Benítez", "Num_Carrer": "8", "Codi_Barri": 20, "Nom_Barri": "la Maternitat i Sant Ramon", "Codi_Districte": 4, "Nom_Districte": "Les Corts", "Latitud": 41.379721, "Longitud": 2.127188, "ETRS89_X": 427017.714, "ETRS89_Y": 4581278.66, "Data_Instalacio": "13/04/2015", "Data_DesInstalacio": "22/10/2016", "Font": "SUPERILLA", "nearest_node": 60591980, "street_centrality": 0.0016208914492595572 }, "geometry": { "type": "Point", "coordinates": [ 2.127188, 41.379721 ] } },
{ "type": "Feature", "properties": { "Id_Instal": 526, "Codi_Carrer": 46409, "Tipus_Via": "Pg", "Nom_Carrer": "Born", "Num_Carrer": "19", "Codi_Barri": 4, "Nom_Barri": "Sant Pere, Santa Caterina i la Ribera", "Codi_Districte": 1, "Nom_Districte": "Ciutat Vella", "Latitud": 41.384925, "Longitud": 2.182772, "ETRS89_X": 431671.0, "ETRS89_Y": 4581811.0, "Data_Instalacio": "03/07/2015", "Data_DesInstalacio": "24/05/2016", "Font": "OCI", "nearest_node": 13197779092, "street_centrality": 0.00401283195597939 }, "geometry": { "type": "Point", "coordinates": [ 2.182772, 41.384925 ] } },
{ "type": "Feature", "properties": { "Id_Instal": 527, "Codi_Carrer": 701335, "Tipus_Via": "C", "Nom_Carrer": "Tarongers", "Num_Carrer": "s/n", "Codi_Barri": 11, "Nom_Barri": "el Poble Sec", "Codi_Districte": 3, "Nom_Districte": "Sants-Montjuïc", "Latitud": 41.366511, "Longitud": 2.166587, "ETRS89_X": 430298.108, "ETRS89_Y": 4579779.62, "Data_Instalacio": "06/07/2015", "Data_DesInstalacio": "16/12/2015", "Font": "OCI", "nearest_node": 3088674065, "street_centrality": 0.00011143628713659457 }, "geometry": { "type": "Point", "coordinates": [ 2.166587, 41.366511 ] } },
{ "type": "Feature", "properties": { "Id_Instal": 546, "Codi_Carrer": 86902, "Tipus_Via": "C", "Nom_Carrer": "Nou de la Rambla", "Num_Carrer": "21", "Codi_Barri": 1, "Nom_Barri": "el Raval", "Codi_Districte": 1, "Nom_Districte": "Ciutat Vella", "Latitud": 41.378273, "Longitud": 2.173348, "ETRS89_X": 430876.0, "ETRS89_Y": 4581080.0, "Data_Instalacio": "06/07/2015", "Data_DesInstalacio": "10/02/2016", "Font": "OCI", "nearest_node": 30227025, "street_centrality": 0.00043674019605049184 }, "geometry": { "type": "Point", "coordinates": [ 2.173348, 41.378273 ] } },
{ "type": "Feature", "properties": { "Id_Instal": 586, "Codi_Carrer": 700892, "Tipus_Via": "Pg", "Nom_Carrer": "Garcia Fària", "Num_Carrer": "75", "Codi_Barri": 69, "Nom_Barri": "Diagonal Mar i el Front Marítim del Poblenou", "Codi_Districte": 10, "Nom_Districte": "Sant Martí", "Latitud": 41.404603, "Longitud": 2.21511, "ETRS89_X": 434394.613, "ETRS89_Y": 4583970.664, "Data_Instalacio": "09/09/2015", "Data_DesInstalacio": "16/02/2016", "Font": "TRÀNSIT", "nearest_node": 6547829115, "street_centrality": 0.0 }, "geometry": { "type": "Point", "coordinates": [ 2.21511, 41.404603 ] } },
{ "type": "Feature", "properties": { "Id_Instal": 606, "Codi_Carrer": 356905, "Tipus_Via": "Pg", "Nom_Carrer": "Verdum", "Num_Carrer": "8", "Codi_Barri": 45, "Nom_Barri": "Porta", "Codi_Districte": 8, "Nom_Districte": "Nou Barris", "Latitud": 41.435972, "Longitud": 2.17262, "ETRS89_X": 430876.274, "ETRS89_Y": 4587486.286, "Data_Instalacio": "07/10/2015", "Data_DesInstalacio": "18/03/2016", "Font": "TRÀNSIT", "nearest_node": 3822804384, "street_centrality": 0.030409724578608473 }, "geometry": { "type": "Point", "coordinates": [ 2.17262, 41.435972 ] } },
{ "type": "Feature", "properties": { "Id_Instal": 607, "Codi_Carrer": 249304, "Tipus_Via": "C", "Nom_Carrer": "Pere IV", "Num_Carrer": "185", "Codi_Barri": 68, "Nom_Barri": "el Poblenou", "Codi_Districte": 10, "Nom_Districte": "Sant Martí", "Latitud": 41.40392, "Longitud": 2.198564, "ETRS89_X": 433010.879, "ETRS89_Y": 4583907.472, "Data_Instalacio": "07/10/2015", "Data_DesInstalacio": "19/12/2015", "Font": "TRÀNSIT", "nearest_node": 4237804310, "street_centrality": 0.0026407023194186955 }, "geometry": { "type": "Point", "coordinates": [ 2.198564, 41.40392 ] } },
{ "type": "Feature", "properties": { "Id_Instal": 626, "Codi_Carrer": 177101, "Tipus_Via": "Via", "Nom_Carrer": "Laietana", "Num_Carrer": "18", "Codi_Barri": 4, "Nom_Barri": "Sant Pere, Santa Caterina i la Ribera", "Codi_Districte": 1, "Nom_Districte": "Ciutat Vella", "Latitud": 41.383754, "Longitud": 2.179132, "ETRS89_X": 431365.436, "ETRS89_Y": 4581683.922, "Data_Instalacio": "06/10/2015", "Data_DesInstalacio": "10/11/2015", "Font": "TRÀNSIT", "nearest_node": 240936353, "street_centrality": 0.0087342411114788437 }, "geometry": { "type": "Point", "coordinates": [ 2.179132, 41.383754 ] } },
{ "type": "Feature", "properties": { "Id_Instal": 647, "Codi_Carrer": 32700, "Tipus_Via": "C", "Nom_Carrer": "Balmes", "Num_Carrer": "173", "Codi_Barri": 26, "Nom_Barri": "Galvany", "Codi_Districte": 5, "Nom_Districte": "Sarrià-Sant Gervasi", "Latitud": 41.396109, "Longitud": 2.153807, "ETRS89_X": 429261.336, "ETRS89_Y": 4583075.952, "Data_Instalacio": "21/04/2015", "Data_DesInstalacio": "18/10/2016", "Font": "TRÀNSIT", "nearest_node": 30247429, "street_centrality": 0.0016585996878360817 }, "geometry": { "type": "Point", "coordinates": [ 2.153807, 41.396109 ] } },
{ "type": "Feature", "properties": { "Id_Instal": 648, "Codi_Carrer": 32700, "Tipus_Via": "C", "Nom_Carrer": "Balmes", "Num_Carrer": "232", "Codi_Barri": 26, "Nom_Barri": "Galvany", "Codi_Districte": 5, "Nom_Districte": "Sarrià-Sant Gervasi", "Latitud": 41.39893, "Longitud": 2.1509, "ETRS89_X": 429021.324, "ETRS89_Y": 4583391.477, "Data_Instalacio": "28/07/2015", "Data_DesInstalacio": "18/10/2016", "Font": "TRÀNSIT", "nearest_node": 30247416, "street_centrality": 0.0047782529181297365 }, "geometry": { "type": "Point", "coordinates": [ 2.1509, 41.39893 ] } },
{ "type": "Feature", "properties": { "Id_Instal": 650, "Codi_Carrer": 144601, "Tipus_Via": "Av", "Nom_Carrer": "Diagonal", "Num_Carrer": "454", "Codi_Barri": 31, "Nom_Barri": "la Vila de Gràcia", "Codi_Districte": 6, "Nom_Districte": "Gràcia", "Latitud": 41.396206, "Longitud": 2.157873, "ETRS89_X": 429601.311, "ETRS89_Y": 4583083.391, "Data_Instalacio": "21/04/2015", "Data_DesInstalacio": "06/02/2017", "Font": "TRÀNSIT", "nearest_node": 30556803, "street_centrality": 0.020106933304252412 }, "geometry": { "type": "Point", "coordinates": [ 2.157873, 41.396206 ] } },
{ "type": "Feature", "properties": { "Id_Instal": 651, "Codi_Carrer": 110304, "Tipus_Via": "C", "Nom_Carrer": "Enric Granados", "Num_Carrer": "159", "Codi_Barri": 8, "Nom_Barri": "l'Antiga Esquerra de l'Eixample", "Codi_Districte": 2, "Nom_Districte": "L'Eixample", "Latitud": 41.394676, "Longitud": 2.153191, "ETRS89_X": 429208.267, "ETRS89_Y": 4582917.345, "Data_Instalacio": "21/04/2015", "Data_DesInstalacio": null, "Font": "TRÀNSIT", "nearest_node": 4222882539, "street_centrality": 0.016522962210889613 }, "geometry": { "type": "Point", "coordinates": [ 2.153191, 41.394676 ] } },
{ "type": "Feature", "properties": { "Id_Instal": 652, "Codi_Carrer": 144601, "Tipus_Via": "Av", "Nom_Carrer": "Diagonal", "Num_Carrer": "570", "Codi_Barri": 26, "Nom_Barri": "Galvany", "Codi_Districte": 5, "Nom_Districte": "Sarrià-Sant Gervasi", "Latitud": 41.393994, "Longitud": 2.149141, "ETRS89_X": 428868.933, "ETRS89_Y": 4582844.932, "Data_Instalacio": "21/04/2015", "Data_DesInstalacio": "06/02/2017", "Font": "TRÀNSIT", "nearest_node": 442540300, "street_centrality": 0.031193155445750593 }, "geometry": { "type": "Point", "coordinates": [ 2.149141, 41.393994 ] } },
{ "type": "Feature", "properties": { "Id_Instal": 653, "Codi_Carrer": 144601, "Tipus_Via": "Av", "Nom_Carrer": "Diagonal", "Num_Carrer": "600", "Codi_Barri": 26, "Nom_Barri": "Galvany", "Codi_Districte": 5, "Nom_Districte": "Sarrià-Sant Gervasi", "Latitud": 41.393036, "Longitud": 2.145348, "ETRS89_X": 428550.794, "ETRS89_Y": 4582741.628, "Data_Instalacio": "21/04/2015", "Data_DesInstalacio": "20/03/2018", "Font": "TRÀNSIT", "nearest_node": 12884134295, "street_centrality": 0.049659498967158697 }, "geometry": { "type": "Point", "coordinates": [ 2.145348, 41.393036 ] } },
{ "type": "Feature", "properties": { "Id_Instal": 654, "Codi_Carrer": 305100, "Tipus_Via": "Pg", "Nom_Carrer": "Sant Joan", "Num_Carrer": "39", "Codi_Barri": 7, "Nom_Barri": "la Dreta de l'Eixample", "Codi_Districte": 2, "Nom_Districte": "L'Eixample", "Latitud": 41.395867, "Longitud": 2.174102, "ETRS89_X": 430957.671, "ETRS89_Y": 4583032.698, "Data_Instalacio": "21/04/2015", "Data_DesInstalacio": "17/06/2016", "Font": "TRÀNSIT", "nearest_node": 250793733, "street_centrality": 0.0044152407706393153 }, "geometry": { "type": "Point", "coordinates": [ 2.174102, 41.395867 ] } },
{ "type": "Feature", "properties": { "Id_Instal": 655, "Codi_Carrer": 305100, "Tipus_Via": "Pg", "Nom_Carrer": "Sant Joan", "Num_Carrer": "60", "Codi_Barri": 7, "Nom_Barri": "la Dreta de l'Eixample", "Codi_Districte": 2, "Nom_Districte": "L'Eixample", "Latitud": 41.396355, "Longitud": 2.173764, "ETRS89_X": 430929.894, "ETRS89_Y": 4583087.076, "Data_Instalacio": "21/04/2015", "Data_DesInstalacio": "29/06/2016", "Font": "TRÀNSIT", "nearest_node": 2264591782, "street_centrality": 0.00069056729452829054 }, "geometry": { "type": "Point", "coordinates": [ 2.173764, 41.396355 ] } },
{ "type": "Feature", "properties": { "Id_Instal": 656, "Codi_Carrer": 305100, "Tipus_Via": "Pg", "Nom_Carrer": "Sant Joan", "Num_Carrer": "82", "Codi_Barri": 7, "Nom_Barri": "la Dreta de l'Eixample", "Codi_Districte": 2, "Nom_Districte": "L'Eixample", "Latitud": 41.397398, "Longitud": 2.172381, "ETRS89_X": 430815.407, "ETRS89_Y": 4583204.012, "Data_Instalacio": "21/04/2015", "Data_DesInstalacio": "29/06/2016", "Font": "TRÀNSIT", "nearest_node": 126797324, "street_centrality": 0.02922219646821345 }, "geometry": { "type": "Point", "coordinates": [ 2.172381, 41.397398 ] } },
{ "type": "Feature", "properties": { "Id_Instal": 657, "Codi_Carrer": 305100, "Tipus_Via": "Pg", "Nom_Carrer": "Sant Joan", "Num_Carrer": "97", "Codi_Barri": 7, "Nom_Barri": "la Dreta de l'Eixample", "Codi_Districte": 2, "Nom_Districte": "L'Eixample", "Latitud": 41.398882, "Longitud": 2.17011, "ETRS89_X": 430627.176, "ETRS89_Y": 4583370.537, "Data_Instalacio": "21/04/2015", "Data_DesInstalacio": "16/06/2016", "Font": "TRÀNSIT", "nearest_node": 442540272, "street_centrality": 0.025652858422656466 }, "geometry": { "type": "Point", "coordinates": [ 2.17011, 41.398882 ] } },
{ "type": "Feature", "properties": { "Id_Instal": 658, "Codi_Carrer": 236700, "Tipus_Via": "C", "Nom_Carrer": "Or", "Num_Carrer": "10", "Codi_Barri": 31, "Nom_Barri": "la Vila de Gràcia", "Codi_Districte": 6, "Nom_Districte": "Gràcia", "Latitud": 41.403978, "Longitud": 2.156015, "ETRS89_X": 429454.426, "ETRS89_Y": 4583947.753, "Data_Instalacio": "30/10/2015", "Data_DesInstalacio": "16/12/2016", "Font": "OCI", "nearest_node": 30554955, "street_centrality": 0.00065511029407573781 }, "geometry": { "type": "Point", "coordinates": [ 2.156015, 41.403978 ] } },
{ "type": "Feature", "properties": { "Id_Instal": 659, "Codi_Carrer": 159507, "Tipus_Via": "Pl", "Nom_Carrer": "Eivissa", "Num_Carrer": "21", "Codi_Barri": 43, "Nom_Barri": "Horta", "Codi_Districte": 7, "Nom_Districte": "Horta-Guinardó", "Latitud": 41.43043, "Longitud": 2.160996, "ETRS89_X": 429899.213, "ETRS89_Y": 4586880.301, "Data_Instalacio": "30/10/2015", "Data_DesInstalacio": null, "Font": "OCI", "nearest_node": 257747680, "street_centrality": 0.0 }, "geometry": { "type": "Point", "coordinates": [ 2.160996, 41.43043 ] } },
{ "type": "Feature", "properties": { "Id_Instal": 666, "Codi_Carrer": 322608, "Tipus_Via": "C", "Nom_Carrer": "Selva de Mar", "Num_Carrer": "170", "Codi_Barri": 72, "Nom_Barri": "Sant Martí de Provençals", "Codi_Districte": 10, "Nom_Districte": "Sant Martí", "Latitud": 41.414817, "Longitud": 2.201259, "ETRS89_X": 433247.275, "ETRS89_Y": 4585115.217, "Data_Instalacio": "09/11/2015", "Data_DesInstalacio": null, "Font": "TRÀNSIT", "nearest_node": 597933742, "street_centrality": 0.0044073614372054145 }, "geometry": { "type": "Point", "coordinates": [ 2.201259, 41.414817 ] } },
{ "type": "Feature", "properties": { "Id_Instal": 667, "Codi_Carrer": 322608, "Tipus_Via": "C", "Nom_Carrer": "Selva de Mar", "Num_Carrer": "208", "Codi_Barri": 72, "Nom_Barri": "Sant Martí de Provençals", "Codi_Districte": 10, "Nom_Districte": "Sant Martí", "Latitud": 41.416959, "Longitud": 2.198612, "ETRS89_X": 433028.275, "ETRS89_Y": 4585355.037, "Data_Instalacio": "09/11/2015", "Data_DesInstalacio": "13/12/2021", "Font": "TRÀNSIT", "nearest_node": 30297371, "street_centrality": 0.0096673793138650748 }, "geometry": { "type": "Point", "coordinates": [ 2.198612, 41.416959 ] } },
{ "type": "Feature", "properties": { "Id_Instal": 669, "Codi_Carrer": 335100, "Tipus_Via": "Pl", "Nom_Carrer": "Tetuan", "Num_Carrer": "4", "Codi_Barri": 7, "Nom_Barri": "la Dreta de l'Eixample", "Codi_Districte": 2, "Nom_Districte": "L'Eixample", "Latitud": 41.394316, "Longitud": 2.175891, "ETRS89_X": 431105.539, "ETRS89_Y": 4582859.073, "Data_Instalacio": "16/11/2015", "Data_DesInstalacio": "17/06/2016", "Font": "TRÀNSIT", "nearest_node": 126812844, "street_centrality": 0.0033746059478334395 }, "geometry": { "type": "Point", "coordinates": [ 2.175891, 41.394316 ] } },
{ "type": "Feature", "properties": { "Id_Instal": 670, "Codi_Carrer": 305100, "Tipus_Via": "Pg", "Nom_Carrer": "Sant Joan", "Num_Carrer": "15", "Codi_Barri": 7, "Nom_Barri": "la Dreta de l'Eixample", "Codi_Districte": 2, "Nom_Districte": "L'Eixample", "Latitud": 41.392678, "Longitud": 2.178319, "ETRS89_X": 431306.843, "ETRS89_Y": 4582675.321, "Data_Instalacio": "16/11/2015", "Data_DesInstalacio": "17/06/2016", "Font": "TRÀNSIT", "nearest_node": 126800097, "street_centrality": 0.0023789958875069959 }, "geometry": { "type": "Point", "coordinates": [ 2.178319, 41.392678 ] } },
{ "type": "Feature", "properties": { "Id_Instal": 671, "Codi_Carrer": 305100, "Tipus_Via": "Pg", "Nom_Carrer": "Sant Joan", "Num_Carrer": "34", "Codi_Barri": 5, "Nom_Barri": "el Fort Pienc", "Codi_Districte": 2, "Nom_Districte": "L'Eixample", "Latitud": 41.393295, "Longitud": 2.177816, "ETRS89_X": 431265.454, "ETRS89_Y": 4582744.133, "Data_Instalacio": "16/11/2015", "Data_DesInstalacio": "17/06/2016", "Font": "TRÀNSIT", "nearest_node": 126798002, "street_centrality": 0.00078737053385906971 }, "geometry": { "type": "Point", "coordinates": [ 2.177816, 41.393295 ] } },
{ "type": "Feature", "properties": { "Id_Instal": 686, "Codi_Carrer": 209900, "Tipus_Via": "Av", "Nom_Carrer": "Meridiana", "Num_Carrer": "181", "Codi_Barri": 64, "Nom_Barri": "el Camp de l'Arpa del Clot", "Codi_Districte": 10, "Nom_Districte": "Sant Martí", "Latitud": 41.413401, "Longitud": 2.186218, "ETRS89_X": 431988.827, "ETRS89_Y": 4584969.637, "Data_Instalacio": "28/12/2015", "Data_DesInstalacio": "12/04/2022", "Font": "TRÀNSIT", "nearest_node": 30555502, "street_centrality": 0.0001215668586944668 }, "geometry": { "type": "Point", "coordinates": [ 2.186218, 41.413401 ] } },
{ "type": "Feature", "properties": { "Id_Instal": 707, "Codi_Carrer": 197302, "Tipus_Via": "C", "Nom_Carrer": "Marina", "Num_Carrer": "155", "Codi_Barri": 5, "Nom_Barri": "el Fort Pienc", "Codi_Districte": 2, "Nom_Districte": "L'Eixample", "Latitud": 41.398089, "Longitud": 2.181526, "ETRS89_X": 431580.607, "ETRS89_Y": 4583273.454, "Data_Instalacio": "26/01/2016", "Data_DesInstalacio": "08/11/2016", "Font": "OCI", "nearest_node": 536418264, "street_centrality": 0.0062303015080914237 }, "geometry": { "type": "Point", "coordinates": [ 2.181526, 41.398089 ] } },
{ "type": "Feature", "properties": { "Id_Instal": 726, "Codi_Carrer": 76308, "Tipus_Via": "Pl", "Nom_Carrer": "Centre", "Num_Carrer": "11", "Codi_Barri": 19, "Nom_Barri": "les Corts", "Codi_Districte": 4, "Nom_Districte": "Les Corts", "Latitud": 41.38204, "Longitud": 2.13592, "ETRS89_X": 427750.458, "ETRS89_Y": 4581528.776, "Data_Instalacio": "28/01/2016", "Data_DesInstalacio": null, "Font": "TRÀNSIT", "nearest_node": 1477718847, "street_centrality": 0.0099651055557603199 }, "geometry": { "type": "Point", "coordinates": [ 2.13592, 41.38204 ] } },
{ "type": "Feature", "properties": { "Id_Instal": 727, "Codi_Carrer": 143904, "Tipus_Via": "Rda", "Nom_Carrer": "General Mitre", "Num_Carrer": "149", "Codi_Barri": 25, "Nom_Barri": "la Bonanova", "Codi_Districte": 5, "Nom_Districte": "Sarrià-Sant Gervasi", "Latitud": 41.403409, "Longitud": 2.138553, "ETRS89_X": 427994.195, "ETRS89_Y": 4583898.894, "Data_Instalacio": "28/01/2016", "Data_DesInstalacio": "21/03/2022", "Font": "TRÀNSIT", "nearest_node": 3055187872, "street_centrality": 0.00015983790680198414 }, "geometry": { "type": "Point", "coordinates": [ 2.138553, 41.403409 ] } },
{ "type": "Feature", "properties": { "Id_Instal": 728, "Codi_Carrer": 143904, "Tipus_Via": "Rda", "Nom_Carrer": "General Mitre", "Num_Carrer": "137", "Codi_Barri": 25, "Nom_Barri": "la Bonanova", "Codi_Districte": 5, "Nom_Districte": "Sarrià-Sant Gervasi", "Latitud": 41.402451, "Longitud": 2.137393, "ETRS89_X": 427896.148, "ETRS89_Y": 4583793.539, "Data_Instalacio": "28/01/2016", "Data_DesInstalacio": null, "Font": "TRÀNSIT", "nearest_node": 30617578, "street_centrality": 0.032056505266293701 }, "geometry": { "type": "Point", "coordinates": [ 2.137393, 41.402451 ] } },
{ "type": "Feature", "properties": { "Id_Instal": 786, "Codi_Carrer": 11200, "Tipus_Via": "C", "Nom_Carrer": "Almogàvers", "Num_Carrer": "120", "Codi_Barri": 66, "Nom_Barri": "el Parc i la Llacuna del Poblenou", "Codi_Districte": 10, "Nom_Districte": "Sant Martí", "Latitud": 41.397383, "Longitud": 2.190215, "ETRS89_X": 432306.225, "ETRS89_Y": 4583188.274, "Data_Instalacio": "19/12/2015", "Data_DesInstalacio": "14/06/2016", "Font": "OCI", "nearest_node": 30689522, "street_centrality": 0.0040893740521944248 }, "geometry": { "type": "Point", "coordinates": [ 2.190215, 41.397383 ] } },
{ "type": "Feature", "properties": { "Id_Instal": 806, "Codi_Carrer": 273003, "Tipus_Via": "C", "Nom_Carrer": "Quito", "Num_Carrer": "14", "Codi_Barri": 58, "Nom_Barri": "Baró de Viver", "Codi_Districte": 9, "Nom_Districte": "Sant Andreu", "Latitud": 41.446353, "Longitud": 2.200934, "ETRS89_X": 433252.421, "ETRS89_Y": 4588616.566, "Data_Instalacio": "18/02/2016", "Data_DesInstalacio": "06/05/2022", "Font": "TRÀNSIT", "nearest_node": 2920082947, "street_centrality": 0.0043325077695833582 }, "geometry": { "type": "Point", "coordinates": [ 2.200934, 41.446353 ] } },
{ "type": "Feature", "properties": { "Id_Instal": 826, "Codi_Carrer": 284804, "Tipus_Via": "C", "Nom_Carrer": "Robador", "Num_Carrer": "31", "Codi_Barri": 1, "Nom_Barri": "el Raval", "Codi_Districte": 1, "Nom_Districte": "Ciutat Vella", "Latitud": 41.379396, "Longitud": 2.170909, "ETRS89_X": 430673.242, "ETRS89_Y": 4581206.666, "Data_Instalacio": "11/03/2016", "Data_DesInstalacio": "17/11/2016", "Font": "OCI", "nearest_node": 30884353, "street_centrality": 0.0 }, "geometry": { "type": "Point", "coordinates": [ 2.170909, 41.379396 ] } },
{ "type": "Feature", "properties": { "Id_Instal": 827, "Codi_Carrer": 21306, "Tipus_Via": "C", "Nom_Carrer": "Arc del Teatre", "Num_Carrer": "5", "Codi_Barri": 1, "Nom_Barri": "el Raval", "Codi_Districte": 1, "Nom_Districte": "Ciutat Vella", "Latitud": 41.378242, "Longitud": 2.175112, "ETRS89_X": 431023.452, "ETRS89_Y": 4581075.134, "Data_Instalacio": "11/03/2016", "Data_DesInstalacio": "17/11/2016", "Font": "OCI", "nearest_node": 1400747727, "street_centrality": 0.0075011254290733957 }, "geometry": { "type": "Point", "coordinates": [ 2.175112, 41.378242 ] } },
{ "type": "Feature", "properties": { "Id_Instal": 846, "Codi_Carrer": 162002, "Tipus_Via": "Av", "Nom_Carrer": "Josep Tarradellas", "Num_Carrer": "120", "Codi_Barri": 8, "Nom_Barri": "l'Antiga Esquerra de l'Eixample", "Codi_Districte": 2, "Nom_Districte": "L'Eixample", "Latitud": 41.390615, "Longitud": 2.14393, "ETRS89_X": 428429.605, "ETRS89_Y": 4582474.094, "Data_Instalacio": "21/03/2016", "Data_DesInstalacio": "29/03/2016", "Font": "TRÀNSIT", "nearest_node": 1382873567, "street_centrality": 0.021014182268212969 }, "geometry": { "type": "Point", "coordinates": [ 2.14393, 41.390615 ] } },
{ "type": "Feature", "properties": { "Id_Instal": 847, "Codi_Carrer": 162002, "Tipus_Via": "Av", "Nom_Carrer": "Josep Tarradellas", "Num_Carrer": "151", "Codi_Barri": 19, "Nom_Barri": "les Corts", "Codi_Districte": 4, "Nom_Districte": "Les Corts", "Latitud": 41.391342, "Longitud": 2.143644, "ETRS89_X": 428406.478, "ETRS89_Y": 4582554.979, "Data_Instalacio": "21/03/2016", "Data_DesInstalacio": null, "Font": "TRÀNSIT", "nearest_node": 1382873617, "street_centrality": 0.019362336294748803 }, "geometry": { "type": "Point", "coordinates": [ 2.143644, 41.391342 ] } },
{ "type": "Feature", "properties": { "Id_Instal": 926, "Codi_Carrer": 112208, "Tipus_Via": "C", "Nom_Carrer": "Escudellers", "Num_Carrer": "34", "Codi_Barri": 2, "Nom_Barri": "el Barri Gòtic", "Codi_Districte": 1, "Nom_Districte": "Ciutat Vella", "Latitud": 41.380128, "Longitud": 2.176933, "ETRS89_X": 431177.722, "ETRS89_Y": 4581283.046, "Data_Instalacio": "12/04/2016", "Data_DesInstalacio": "02/03/2017", "Font": "OCI", "nearest_node": 30243946, "street_centrality": 0.0016152633539496283 }, "geometry": { "type": "Point", "coordinates": [ 2.176933, 41.380128 ] } },
{ "type": "Feature", "properties": { "Id_Instal": 927, "Codi_Carrer": 167709, "Tipus_Via": "C", "Nom_Carrer": "Joaquín Costa", "Num_Carrer": "33", "Codi_Barri": 1, "Nom_Barri": "el Raval", "Codi_Districte": 1, "Nom_Districte": "Ciutat Vella", "Latitud": 41.382336, "Longitud": 2.165958, "ETRS89_X": 430262.387, "ETRS89_Y": 4581537.016, "Data_Instalacio": "12/04/2016", "Data_DesInstalacio": "28/11/2016", "Font": "OCI", "nearest_node": 30227196, "street_centrality": 0.00094214315488211765 }, "geometry": { "type": "Point", "coordinates": [ 2.165958, 41.382336 ] } },
{ "type": "Feature", "properties": { "Id_Instal": 928, "Codi_Carrer": 298004, "Tipus_Via": "C", "Nom_Carrer": "Sant Carles", "Num_Carrer": "27", "Codi_Barri": 3, "Nom_Barri": "la Barceloneta", "Codi_Districte": 1, "Nom_Districte": "Ciutat Vella", "Latitud": 41.379559, "Longitud": 2.191076, "ETRS89_X": 432359.737, "ETRS89_Y": 4581208.798, "Data_Instalacio": "12/04/2016", "Data_DesInstalacio": "28/11/2016", "Font": "OCI", "nearest_node": 30343489, "street_centrality": 0.0010192480606281452 }, "geometry": { "type": "Point", "coordinates": [ 2.191076, 41.379559 ] } },
{ "type": "Feature", "properties": { "Id_Instal": 966, "Codi_Carrer": 184708, "Tipus_Via": "Ptge", "Nom_Carrer": "Llavallol", "Num_Carrer": "17", "Codi_Barri": 32, "Nom_Barri": "el Camp d'en Grassot i Gràcia Nova", "Codi_Districte": 6, "Nom_Districte": "Gràcia", "Latitud": 41.405397, "Longitud": 2.167532, "ETRS89_X": 430418.578, "ETRS89_Y": 4584095.897, "Data_Instalacio": "18/05/2016", "Data_DesInstalacio": "14/11/2017", "Font": "OCI", "nearest_node": 2579362585, "street_centrality": 0.010856033043322083 }, "geometry": { "type": "Point", "coordinates": [ 2.167532, 41.405397 ] } },
{ "type": "Feature", "properties": { "Id_Instal": 1006, "Codi_Carrer": 167505, "Tipus_Via": "Pl", "Nom_Carrer": "Joanic", "Num_Carrer": "7", "Codi_Barri": 31, "Nom_Barri": "la Vila de Gràcia", "Codi_Districte": 6, "Nom_Districte": "Gràcia", "Latitud": 41.405521, "Longitud": 2.162211, "ETRS89_X": 429973.94, "ETRS89_Y": 4584113.95, "Data_Instalacio": "18/04/2016", "Data_DesInstalacio": "01/03/2017", "Font": "OCI", "nearest_node": 6960234560, "street_centrality": 0.010236942559229892 }, "geometry": { "type": "Point", "coordinates": [ 2.162211, 41.405521 ] } },
{ "type": "Feature", "properties": { "Id_Instal": 1026, "Codi_Carrer": 348500, "Tipus_Via": "C", "Nom_Carrer": "Ulldecona", "Num_Carrer": "27", "Codi_Barri": 12, "Nom_Barri": "la Marina del Prat Vermell", "Codi_Districte": 3, "Nom_Districte": "Sants-Montjuïc", "Latitud": 41.350292, "Longitud": 2.139862, "ETRS89_X": 428045.027, "ETRS89_Y": 4578000.835, "Data_Instalacio": "12/05/2016", "Data_DesInstalacio": null, "Font": "TRÀNSIT", "nearest_node": 3683481332, "street_centrality": 5.6280953099290183e-06 }, "geometry": { "type": "Point", "coordinates": [ 2.139862, 41.350292 ] } },
{ "type": "Feature", "properties": { "Id_Instal": 1027, "Codi_Carrer": 348500, "Tipus_Via": "C", "Nom_Carrer": "Ulldecona", "Num_Carrer": "77", "Codi_Barri": 12, "Nom_Barri": "la Marina del Prat Vermell", "Codi_Districte": 3, "Nom_Districte": "Sants-Montjuïc", "Latitud": 41.352796, "Longitud": 2.143929, "ETRS89_X": 428388.008, "ETRS89_Y": 4578275.487, "Data_Instalacio": "12/05/2016", "Data_DesInstalacio": "09/06/2022", "Font": "TRÀNSIT", "nearest_node": 3683481331, "street_centrality": 0.026911863343487587 }, "geometry": { "type": "Point", "coordinates": [ 2.143929, 41.352796 ] } },
{ "type": "Feature", "properties": { "Id_Instal": 1046, "Codi_Carrer": 138405, "Tipus_Via": "Pl", "Nom_Carrer": "Gal·la Placídia", "Num_Carrer": "6", "Codi_Barri": 31, "Nom_Barri": "la Vila de Gràcia", "Codi_Districte": 6, "Nom_Districte": "Gràcia", "Latitud": 41.399699, "Longitud": 2.15241, "ETRS89_X": 429148.436, "ETRS89_Y": 4583475.629, "Data_Instalacio": "12/05/2016", "Data_DesInstalacio": "30/05/2017", "Font": "OCI", "nearest_node": 678297060, "street_centrality": 0.019219945483407597 }, "geometry": { "type": "Point", "coordinates": [ 2.15241, 41.399699 ] } },
{ "type": "Feature", "properties": { "Id_Instal": 1086, "Codi_Carrer": 46409, "Tipus_Via": "Pg", "Nom_Carrer": "Born", "Num_Carrer": "19", "Codi_Barri": 4, "Nom_Barri": "Sant Pere, Santa Caterina i la Ribera", "Codi_Districte": 1, "Nom_Districte": "Ciutat Vella", "Latitud": 41.384925, "Longitud": 2.182772, "ETRS89_X": 431671.0, "ETRS89_Y": 4581811.0, "Data_Instalacio": "24/05/2016", "Data_DesInstalacio": "08/06/2017", "Font": "OCI", "nearest_node": 13197779092, "street_centrality": 0.00401283195597939 }, "geometry": { "type": "Point", "coordinates": [ 2.182772, 41.384925 ] } },
{ "type": "Feature", "properties": { "Id_Instal": 1106, "Codi_Carrer": 146902, "Tipus_Via": "Pl", "Nom_Carrer": "Glòries Catalanes", "Num_Carrer": "19", "Codi_Barri": 65, "Nom_Barri": "el Clot", "Codi_Districte": 10, "Nom_Districte": "Sant Martí", "Latitud": 41.404791, "Longitud": 2.187438, "ETRS89_X": 432081.778, "ETRS89_Y": 4584012.853, "Data_Instalacio": "02/06/2016", "Data_DesInstalacio": "25/08/2016", "Font": "OBRES", "nearest_node": 2589060116, "street_centrality": 0.047591173940759783 }, "geometry": { "type": "Point", "coordinates": [ 2.187438, 41.404791 ] } },
{ "type": "Feature", "properties": { "Id_Instal": 1126, "Codi_Carrer": 348408, "Tipus_Via": "C", "Nom_Carrer": "Tuset", "Num_Carrer": "8", "Codi_Barri": 26, "Nom_Barri": "Galvany", "Codi_Districte": 5, "Nom_Districte": "Sarrià-Sant Gervasi", "Latitud": 41.39545, "Longitud": 2.152753, "ETRS89_X": 429172.441, "ETRS89_Y": 4583003.592, "Data_Instalacio": "12/05/2016", "Data_DesInstalacio": "01/03/2017", "Font": "OCI", "nearest_node": 5094317308, "street_centrality": 0.0031900044216677677 }, "geometry": { "type": "Point", "coordinates": [ 2.152753, 41.39545 ] } },
{ "type": "Feature", "properties": { "Id_Instal": 1146, "Codi_Carrer": 365702, "Tipus_Via": "Av", "Nom_Carrer": "Mare de Déu de Montserrat", "Num_Carrer": "263", "Codi_Barri": 35, "Nom_Barri": "el Guinardó", "Codi_Districte": 7, "Nom_Districte": "Horta-Guinardó", "Latitud": 41.42456, "Longitud": 2.176158, "ETRS89_X": 431159.822, "ETRS89_Y": 4586216.46, "Data_Instalacio": "18/04/2016", "Data_DesInstalacio": "01/03/2017", "Font": "TRÀNSIT", "nearest_node": 387127705, "street_centrality": 0.023309319535602023 }, "geometry": { "type": "Point", "coordinates": [ 2.176158, 41.42456 ] } },
{ "type": "Feature", "properties": { "Id_Instal": 1166, "Codi_Carrer": 305100, "Tipus_Via": "Pg", "Nom_Carrer": "Sant Joan", "Num_Carrer": "97", "Codi_Barri": 7, "Nom_Barri": "la Dreta de l'Eixample", "Codi_Districte": 2, "Nom_Districte": "L'Eixample", "Latitud": 41.398882, "Longitud": 2.17011, "ETRS89_X": 430627.176, "ETRS89_Y": 4583370.537, "Data_Instalacio": "17/06/2016", "Data_DesInstalacio": "29/06/2016", "Font": "TRÀNSIT", "nearest_node": 442540272, "street_centrality": 0.025652858422656466 }, "geometry": { "type": "Point", "coordinates": [ 2.17011, 41.398882 ] } },
{ "type": "Feature", "properties": { "Id_Instal": 1167, "Codi_Carrer": 305100, "Tipus_Via": "Pg", "Nom_Carrer": "Sant Joan", "Num_Carrer": "39", "Codi_Barri": 7, "Nom_Barri": "la Dreta de l'Eixample", "Codi_Districte": 2, "Nom_Districte": "L'Eixample", "Latitud": 41.395867, "Longitud": 2.174102, "ETRS89_X": 430957.671, "ETRS89_Y": 4583032.698, "Data_Instalacio": "17/06/2016", "Data_DesInstalacio": "29/06/2016", "Font": "TRÀNSIT", "nearest_node": 250793733, "street_centrality": 0.0044152407706393153 }, "geometry": { "type": "Point", "coordinates": [ 2.174102, 41.395867 ] } },
{ "type": "Feature", "properties": { "Id_Instal": 1168, "Codi_Carrer": 335100, "Tipus_Via": "Pl", "Nom_Carrer": "Tetuan", "Num_Carrer": "4", "Codi_Barri": 7, "Nom_Barri": "la Dreta de l'Eixample", "Codi_Districte": 2, "Nom_Districte": "L'Eixample", "Latitud": 41.394316, "Longitud": 2.175891, "ETRS89_X": 431105.539, "ETRS89_Y": 4582859.073, "Data_Instalacio": "17/06/2016", "Data_DesInstalacio": "29/06/2016", "Font": "TRÀNSIT", "nearest_node": 126812844, "street_centrality": 0.0033746059478334395 }, "geometry": { "type": "Point", "coordinates": [ 2.175891, 41.394316 ] } },
{ "type": "Feature", "properties": { "Id_Instal": 1169, "Codi_Carrer": 305100, "Tipus_Via": "Pg", "Nom_Carrer": "Sant Joan", "Num_Carrer": "34", "Codi_Barri": 5, "Nom_Barri": "el Fort Pienc", "Codi_Districte": 2, "Nom_Districte": "L'Eixample", "Latitud": 41.393295, "Longitud": 2.177816, "ETRS89_X": 431265.454, "ETRS89_Y": 4582744.133, "Data_Instalacio": "17/06/2016", "Data_DesInstalacio": "29/06/2016", "Font": "TRÀNSIT", "nearest_node": 126798002, "street_centrality": 0.00078737053385906971 }, "geometry": { "type": "Point", "coordinates": [ 2.177816, 41.393295 ] } },
{ "type": "Feature", "properties": { "Id_Instal": 1170, "Codi_Carrer": 305100, "Tipus_Via": "Pg", "Nom_Carrer": "Sant Joan", "Num_Carrer": "15", "Codi_Barri": 7, "Nom_Barri": "la Dreta de l'Eixample", "Codi_Districte": 2, "Nom_Districte": "L'Eixample", "Latitud": 41.392678, "Longitud": 2.178319, "ETRS89_X": 431306.843, "ETRS89_Y": 4582675.321, "Data_Instalacio": "17/06/2016", "Data_DesInstalacio": "29/06/2016", "Font": "TRÀNSIT", "nearest_node": 126800097, "street_centrality": 0.0023789958875069959 }, "geometry": { "type": "Point", "coordinates": [ 2.178319, 41.392678 ] } },
{ "type": "Feature", "properties": { "Id_Instal": 1171, "Codi_Carrer": 148307, "Tipus_Via": "Pg", "Nom_Carrer": "Gràcia", "Num_Carrer": "124", "Codi_Barri": 31, "Nom_Barri": "la Vila de Gràcia", "Codi_Districte": 6, "Nom_Districte": "Gràcia", "Latitud": 41.397772, "Longitud": 2.158115, "ETRS89_X": 429623.234, "ETRS89_Y": 4583256.978, "Data_Instalacio": "17/06/2016", "Data_DesInstalacio": "29/06/2016", "Font": "TRÀNSIT", "nearest_node": 1457931649, "street_centrality": 0.013985254035642618 }, "geometry": { "type": "Point", "coordinates": [ 2.158115, 41.397772 ] } },
{ "type": "Feature", "properties": { "Id_Instal": 1172, "Codi_Carrer": 148307, "Tipus_Via": "Pg", "Nom_Carrer": "Gràcia", "Num_Carrer": "111", "Codi_Barri": 31, "Nom_Barri": "la Vila de Gràcia", "Codi_Districte": 6, "Nom_Districte": "Gràcia", "Latitud": 41.396968, "Longitud": 2.158797, "ETRS89_X": 429679.4, "ETRS89_Y": 4583167.165, "Data_Instalacio": "17/06/2016", "Data_DesInstalacio": "29/06/2016", "Font": "TRÀNSIT", "nearest_node": 442540249, "street_centrality": 0.024131021450851661 }, "geometry": { "type": "Point", "coordinates": [ 2.158797, 41.396968 ] } },
{ "type": "Feature", "properties": { "Id_Instal": 1173, "Codi_Carrer": 148307, "Tipus_Via": "Pg", "Nom_Carrer": "Gràcia", "Num_Carrer": "51", "Codi_Barri": 7, "Nom_Barri": "la Dreta de l'Eixample", "Codi_Districte": 2, "Nom_Districte": "L'Eixample", "Latitud": 41.392571, "Longitud": 2.164247, "ETRS89_X": 430130.284, "ETRS89_Y": 4582674.66, "Data_Instalacio": "17/06/2016", "Data_DesInstalacio": "29/06/2016", "Font": "TRÀNSIT", "nearest_node": 442540251, "street_centrality": 0.014411300850604245 }, "geometry": { "type": "Point", "coordinates": [ 2.164247, 41.392571 ] } },
{ "type": "Feature", "properties": { "Id_Instal": 1174, "Codi_Carrer": 148307, "Tipus_Via": "Pg", "Nom_Carrer": "Gràcia", "Num_Carrer": "27", "Codi_Barri": 7, "Nom_Barri": "la Dreta de l'Eixample", "Codi_Districte": 2, "Nom_Districte": "L'Eixample", "Latitud": 41.390799, "Longitud": 2.16644, "ETRS89_X": 430311.695, "ETRS89_Y": 4582476.112, "Data_Instalacio": "17/06/2016", "Data_DesInstalacio": null, "Font": "TRÀNSIT", "nearest_node": 442540253, "street_centrality": 0.0072546148544985044 }, "geometry": { "type": "Point", "coordinates": [ 2.16644, 41.390799 ] } },
{ "type": "Feature", "properties": { "Id_Instal": 1175, "Codi_Carrer": 148307, "Tipus_Via": "Pg", "Nom_Carrer": "Gràcia", "Num_Carrer": "13", "Codi_Barri": 7, "Nom_Barri": "la Dreta de l'Eixample", "Codi_Districte": 2, "Nom_Districte": "L'Eixample", "Latitud": 41.389653, "Longitud": 2.167858, "ETRS89_X": 430429.031, "ETRS89_Y": 4582347.78, "Data_Instalacio": "17/06/2016", "Data_DesInstalacio": "29/06/2016", "Font": "TRÀNSIT", "nearest_node": 1311770050, "street_centrality": 0.0082147679143723951 }, "geometry": { "type": "Point", "coordinates": [ 2.167858, 41.389653 ] } },
{ "type": "Feature", "properties": { "Id_Instal": 1186, "Codi_Carrer": 305100, "Tipus_Via": "Pg", "Nom_Carrer": "Sant Joan", "Num_Carrer": "97", "Codi_Barri": 7, "Nom_Barri": "la Dreta de l'Eixample", "Codi_Districte": 2, "Nom_Districte": "L'Eixample", "Latitud": 41.398882, "Longitud": 2.17011, "ETRS89_X": 430627.176, "ETRS89_Y": 4583370.537, "Data_Instalacio": "30/06/2016", "Data_DesInstalacio": "15/03/2017", "Font": "TRÀNSIT", "nearest_node": 442540272, "street_centrality": 0.025652858422656466 }, "geometry": { "type": "Point", "coordinates": [ 2.17011, 41.398882 ] } },
{ "type": "Feature", "properties": { "Id_Instal": 1187, "Codi_Carrer": 305100, "Tipus_Via": "Pg", "Nom_Carrer": "Sant Joan", "Num_Carrer": "39", "Codi_Barri": 7, "Nom_Barri": "la Dreta de l'Eixample", "Codi_Districte": 2, "Nom_Districte": "L'Eixample", "Latitud": 41.395867, "Longitud": 2.174102, "ETRS89_X": 430957.671, "ETRS89_Y": 4583032.698, "Data_Instalacio": "30/06/2016", "Data_DesInstalacio": "30/09/2021", "Font": "SUPERILLA", "nearest_node": 250793733, "street_centrality": 0.0044152407706393153 }, "geometry": { "type": "Point", "coordinates": [ 2.174102, 41.395867 ] } },
{ "type": "Feature", "properties": { "Id_Instal": 1188, "Codi_Carrer": 335100, "Tipus_Via": "Pl", "Nom_Carrer": "Tetuan", "Num_Carrer": "4", "Codi_Barri": 7, "Nom_Barri": "la Dreta de l'Eixample", "Codi_Districte": 2, "Nom_Districte": "L'Eixample", "Latitud": 41.394316, "Longitud": 2.175891, "ETRS89_X": 431105.539, "ETRS89_Y": 4582859.073, "Data_Instalacio": "30/06/2016", "Data_DesInstalacio": "24/10/2016", "Font": "TRÀNSIT", "nearest_node": 126812844, "street_centrality": 0.0033746059478334395 }, "geometry": { "type": "Point", "coordinates": [ 2.175891, 41.394316 ] } },
{ "type": "Feature", "properties": { "Id_Instal": 1189, "Codi_Carrer": 305100, "Tipus_Via": "Pg", "Nom_Carrer": "Sant Joan", "Num_Carrer": "34", "Codi_Barri": 5, "Nom_Barri": "el Fort Pienc", "Codi_Districte": 2, "Nom_Districte": "L'Eixample", "Latitud": 41.393295, "Longitud": 2.177816, "ETRS89_X": 431265.454, "ETRS89_Y": 4582744.133, "Data_Instalacio": "30/06/2016", "Data_DesInstalacio": null, "Font": "TRÀNSIT", "nearest_node": 126798002, "street_centrality": 0.00078737053385906971 }, "geometry": { "type": "Point", "coordinates": [ 2.177816, 41.393295 ] } },
{ "type": "Feature", "properties": { "Id_Instal": 1190, "Codi_Carrer": 305100, "Tipus_Via": "Pg", "Nom_Carrer": "Sant Joan", "Num_Carrer": "15", "Codi_Barri": 7, "Nom_Barri": "la Dreta de l'Eixample", "Codi_Districte": 2, "Nom_Districte": "L'Eixample", "Latitud": 41.392678, "Longitud": 2.178319, "ETRS89_X": 431306.843, "ETRS89_Y": 4582675.321, "Data_Instalacio": "30/06/2016", "Data_DesInstalacio": "15/03/2017", "Font": "TRÀNSIT", "nearest_node": 126800097, "street_centrality": 0.0023789958875069959 }, "geometry": { "type": "Point", "coordinates": [ 2.178319, 41.392678 ] } },
{ "type": "Feature", "properties": { "Id_Instal": 1191, "Codi_Carrer": 148307, "Tipus_Via": "Pg", "Nom_Carrer": "Gràcia", "Num_Carrer": "124", "Codi_Barri": 31, "Nom_Barri": "la Vila de Gràcia", "Codi_Districte": 6, "Nom_Districte": "Gràcia", "Latitud": 41.397772, "Longitud": 2.158115, "ETRS89_X": 429623.234, "ETRS89_Y": 4583256.978, "Data_Instalacio": "30/06/2016", "Data_DesInstalacio": "13/03/2017", "Font": "TRÀNSIT", "nearest_node": 1457931649, "street_centrality": 0.013985254035642618 }, "geometry": { "type": "Point", "coordinates": [ 2.158115, 41.397772 ] } },
{ "type": "Feature", "properties": { "Id_Instal": 1192, "Codi_Carrer": 148307, "Tipus_Via": "Pg", "Nom_Carrer": "Gràcia", "Num_Carrer": "111", "Codi_Barri": 31, "Nom_Barri": "la Vila de Gràcia", "Codi_Districte": 6, "Nom_Districte": "Gràcia", "Latitud": 41.396968, "Longitud": 2.158797, "ETRS89_X": 429679.4, "ETRS89_Y": 4583167.165, "Data_Instalacio": "30/06/2016", "Data_DesInstalacio": null, "Font": "TRÀNSIT", "nearest_node": 442540249, "street_centrality": 0.024131021450851661 }, "geometry": { "type": "Point", "coordinates": [ 2.158797, 41.396968 ] } },
{ "type": "Feature", "properties": { "Id_Instal": 1193, "Codi_Carrer": 148307, "Tipus_Via": "Pg", "Nom_Carrer": "Gràcia", "Num_Carrer": "81", "Codi_Barri": 7, "Nom_Barri": "la Dreta de l'Eixample", "Codi_Districte": 2, "Nom_Districte": "L'Eixample", "Latitud": 41.394328, "Longitud": 2.162069, "ETRS89_X": 429950.045, "ETRS89_Y": 4582871.451, "Data_Instalacio": "30/06/2016", "Data_DesInstalacio": null, "Font": "TRÀNSIT", "nearest_node": 30238029, "street_centrality": 0.005545925118404055 }, "geometry": { "type": "Point", "coordinates": [ 2.162069, 41.394328 ] } },
{ "type": "Feature", "properties": { "Id_Instal": 1194, "Codi_Carrer": 148307, "Tipus_Via": "Pg", "Nom_Carrer": "Gràcia", "Num_Carrer": "51", "Codi_Barri": 7, "Nom_Barri": "la Dreta de l'Eixample", "Codi_Districte": 2, "Nom_Districte": "L'Eixample", "Latitud": 41.392571, "Longitud": 2.164247, "ETRS89_X": 430130.284, "ETRS89_Y": 4582674.66, "Data_Instalacio": "30/06/2016", "Data_DesInstalacio": "29/09/2021", "Font": "TRÀNSIT", "nearest_node": 442540251, "street_centrality": 0.014411300850604245 }, "geometry": { "type": "Point", "coordinates": [ 2.164247, 41.392571 ] } },
{ "type": "Feature", "properties": { "Id_Instal": 1195, "Codi_Carrer": 148307, "Tipus_Via": "Pg", "Nom_Carrer": "Gràcia", "Num_Carrer": "13", "Codi_Barri": 7, "Nom_Barri": "la Dreta de l'Eixample", "Codi_Districte": 2, "Nom_Districte": "L'Eixample", "Latitud": 41.389653, "Longitud": 2.167858, "ETRS89_X": 430429.031, "ETRS89_Y": 4582347.78, "Data_Instalacio": "30/06/2016", "Data_DesInstalacio": "29/09/2021", "Font": "TRÀNSIT", "nearest_node": 1311770050, "street_centrality": 0.0082147679143723951 }, "geometry": { "type": "Point", "coordinates": [ 2.167858, 41.389653 ] } },
{ "type": "Feature", "properties": { "Id_Instal": 1196, "Codi_Carrer": 305100, "Tipus_Via": "Pg", "Nom_Carrer": "Sant Joan", "Num_Carrer": "82", "Codi_Barri": 7, "Nom_Barri": "la Dreta de l'Eixample", "Codi_Districte": 2, "Nom_Districte": "L'Eixample", "Latitud": 41.397398, "Longitud": 2.172381, "ETRS89_X": 430815.407, "ETRS89_Y": 4583204.012, "Data_Instalacio": "30/06/2016", "Data_DesInstalacio": null, "Font": "TRÀNSIT", "nearest_node": 126797324, "street_centrality": 0.02922219646821345 }, "geometry": { "type": "Point", "coordinates": [ 2.172381, 41.397398 ] } },
{ "type": "Feature", "properties": { "Id_Instal": 1197, "Codi_Carrer": 305100, "Tipus_Via": "Pg", "Nom_Carrer": "Sant Joan", "Num_Carrer": "60", "Codi_Barri": 7, "Nom_Barri": "la Dreta de l'Eixample", "Codi_Districte": 2, "Nom_Districte": "L'Eixample", "Latitud": 41.396355, "Longitud": 2.173764, "ETRS89_X": 430929.894, "ETRS89_Y": 4583087.076, "Data_Instalacio": "30/06/2016", "Data_DesInstalacio": "30/09/2021", "Font": "SUPERILLA", "nearest_node": 2264591782, "street_centrality": 0.00069056729452829054 }, "geometry": { "type": "Point", "coordinates": [ 2.173764, 41.396355 ] } },
{ "type": "Feature", "properties": { "Id_Instal": 1226, "Codi_Carrer": 121708, "Tipus_Via": "C", "Nom_Carrer": "Felipe de Paz", "Num_Carrer": "20", "Codi_Barri": 20, "Nom_Barri": "la Maternitat i Sant Ramon", "Codi_Districte": 4, "Nom_Districte": "Les Corts", "Latitud": 41.379443, "Longitud": 2.125801, "ETRS89_X": 426901.408, "ETRS89_Y": 4581248.896, "Data_Instalacio": "13/07/2016", "Data_DesInstalacio": "22/10/2016", "Font": "SUPERILLA", "nearest_node": 60591465, "street_centrality": 0.00020542547881240917 }, "geometry": { "type": "Point", "coordinates": [ 2.125801, 41.379443 ] } },
{ "type": "Feature", "properties": { "Id_Instal": 1227, "Codi_Carrer": 701278, "Tipus_Via": "Pg", "Nom_Carrer": "Taulat", "Num_Carrer": "263", "Codi_Barri": 69, "Nom_Barri": "Diagonal Mar i el Front Marítim del Poblenou", "Codi_Districte": 10, "Nom_Districte": "Sant Martí", "Latitud": 41.405017, "Longitud": 2.212947, "ETRS89_X": 434214.228, "ETRS89_Y": 4584018.225, "Data_Instalacio": "13/07/2016", "Data_DesInstalacio": "20/09/2016", "Font": "TRÀNSIT", "nearest_node": 243342788, "street_centrality": 0.0010079918700082872 }, "geometry": { "type": "Point", "coordinates": [ 2.212947, 41.405017 ] } },
{ "type": "Feature", "properties": { "Id_Instal": 1228, "Codi_Carrer": 62700, "Tipus_Via": "C", "Nom_Carrer": "Bosch i Gimpera", "Num_Carrer": "28", "Codi_Barri": 23, "Nom_Barri": "Sarrià", "Codi_Districte": 5, "Nom_Districte": "Sarrià-Sant Gervasi", "Latitud": 41.395461, "Longitud": 2.117319, "ETRS89_X": 426210.314, "ETRS89_Y": 4583034.374, "Data_Instalacio": "13/07/2016", "Data_DesInstalacio": "01/03/2017", "Font": "TRÀNSIT", "nearest_node": 7234883287, "street_centrality": 0.00026339486050467806 }, "geometry": { "type": "Point", "coordinates": [ 2.117319, 41.395461 ] } },
{ "type": "Feature", "properties": { "Id_Instal": 1248, "Codi_Carrer": 325107, "Tipus_Via": "C", "Nom_Carrer": "Trelawny", "Num_Carrer": "2", "Codi_Barri": 3, "Nom_Barri": "la Barceloneta", "Codi_Districte": 1, "Nom_Districte": "Ciutat Vella", "Latitud": 41.384941, "Longitud": 2.195578, "ETRS89_X": 432741.722, "ETRS89_Y": 4581802.828, "Data_Instalacio": "28/07/2016", "Data_DesInstalacio": "08/11/2016", "Font": "OCI", "nearest_node": 30312391, "street_centrality": 0.0034168166626579073 }, "geometry": { "type": "Point", "coordinates": [ 2.195578, 41.384941 ] } },
{ "type": "Feature", "properties": { "Id_Instal": 1266, "Codi_Carrer": 198702, "Tipus_Via": "Av", "Nom_Carrer": "Francesc Ferrer i Guàrdia", "Num_Carrer": "13", "Codi_Barri": 11, "Nom_Barri": "el Poble Sec", "Codi_Districte": 3, "Nom_Districte": "Sants-Montjuïc", "Latitud": 41.369498, "Longitud": 2.146542, "ETRS89_X": 428624.886, "ETRS89_Y": 4580127.546, "Data_Instalacio": "28/07/2016", "Data_DesInstalacio": "28/11/2016", "Font": "OCI", "nearest_node": 4111370382, "street_centrality": 0.00042098152918269057 }, "geometry": { "type": "Point", "coordinates": [ 2.146542, 41.369498 ] } },
{ "type": "Feature", "properties": { "Id_Instal": 1286, "Codi_Carrer": 209300, "Tipus_Via": "Ptge", "Nom_Carrer": "Valeri Serra", "Num_Carrer": "18", "Codi_Barri": 8, "Nom_Barri": "l'Antiga Esquerra de l'Eixample", "Codi_Districte": 2, "Nom_Districte": "L'Eixample", "Latitud": 41.384986, "Longitud": 2.160491, "ETRS89_X": 429808.118, "ETRS89_Y": 4581835.568, "Data_Instalacio": "17/08/2016", "Data_DesInstalacio": "20/12/2017", "Font": "TRÀNSIT", "nearest_node": 2501701155, "street_centrality": 0.0078067310044025416 }, "geometry": { "type": "Point", "coordinates": [ 2.160491, 41.384986 ] } },
{ "type": "Feature", "properties": { "Id_Instal": 1287, "Codi_Carrer": 189202, "Tipus_Via": "C", "Nom_Carrer": "Magalhães", "Num_Carrer": "29", "Codi_Barri": 11, "Nom_Barri": "el Poble Sec", "Codi_Districte": 3, "Nom_Districte": "Sants-Montjuïc", "Latitud": 41.371966, "Longitud": 2.164059, "ETRS89_X": 430092.511, "ETRS89_Y": 4580387.283, "Data_Instalacio": "17/08/2016", "Data_DesInstalacio": "31/01/2017", "Font": "TRÀNSIT", "nearest_node": 30236750, "street_centrality": 0.0020345564545393401 }, "geometry": { "type": "Point", "coordinates": [ 2.164059, 41.371966 ] } },
{ "type": "Feature", "properties": { "Id_Instal": 1288, "Codi_Carrer": 142402, "Tipus_Via": "C", "Nom_Carrer": "Gavà", "Num_Carrer": "17", "Codi_Barri": 16, "Nom_Barri": "la Bordeta", "Codi_Districte": 3, "Nom_Districte": "Sants-Montjuïc", "Latitud": 41.371928, "Longitud": 2.141203, "ETRS89_X": 428181.076, "ETRS89_Y": 4580401.723, "Data_Instalacio": "17/08/2016", "Data_DesInstalacio": "31/01/2017", "Font": "TRÀNSIT", "nearest_node": 7037105630, "street_centrality": 0.0015674245438152318 }, "geometry": { "type": "Point", "coordinates": [ 2.141203, 41.371928 ] } },
{ "type": "Feature", "properties": { "Id_Instal": 1289, "Codi_Carrer": 348805, "Tipus_Via": "Pl", "Nom_Carrer": "Revolució de Setembre 1868", "Num_Carrer": "3", "Codi_Barri": 31, "Nom_Barri": "la Vila de Gràcia", "Codi_Districte": 6, "Nom_Districte": "Gràcia", "Latitud": 41.402754, "Longitud": 2.158158, "ETRS89_X": 429632.212, "ETRS89_Y": 4583810.119, "Data_Instalacio": "18/08/2016", "Data_DesInstalacio": "05/11/2021", "Font": "OCI", "nearest_node": 30554853, "street_centrality": 0.0048486041095038498 }, "geometry": { "type": "Point", "coordinates": [ 2.158158, 41.402754 ] } },
{ "type": "Feature", "properties": { "Id_Instal": 1290, "Codi_Carrer": 106103, "Tipus_Via": "Pl", "Nom_Carrer": "Sarrià", "Num_Carrer": "9", "Codi_Barri": 23, "Nom_Barri": "Sarrià", "Codi_Districte": 5, "Nom_Districte": "Sarrià-Sant Gervasi", "Latitud": 41.399835, "Longitud": 2.121861, "ETRS89_X": 426594.883, "ETRS89_Y": 4583516.189, "Data_Instalacio": "18/08/2016", "Data_DesInstalacio": "06/02/2017", "Font": "TRÀNSIT", "nearest_node": 30294569, "street_centrality": 0.030492457579664428 }, "geometry": { "type": "Point", "coordinates": [ 2.121861, 41.399835 ] } },
{ "type": "Feature", "properties": { "Id_Instal": 1291, "Codi_Carrer": 37350, "Tipus_Via": "Av", "Nom_Carrer": "J. V. Foix", "Num_Carrer": "66", "Codi_Barri": 23, "Nom_Barri": "Sarrià", "Codi_Districte": 5, "Nom_Districte": "Sarrià-Sant Gervasi", "Latitud": 41.396055, "Longitud": 2.119916, "ETRS89_X": 426428.061, "ETRS89_Y": 4583098.117, "Data_Instalacio": "18/08/2016", "Data_DesInstalacio": "15/11/2017", "Font": "TRÀNSIT", "nearest_node": 30294510, "street_centrality": 0.0011655785386862998 }, "geometry": { "type": "Point", "coordinates": [ 2.119916, 41.396055 ] } },
{ "type": "Feature", "properties": { "Id_Instal": 1306, "Codi_Carrer": 111908, "Tipus_Via": "Av", "Nom_Carrer": "Escolapi Càncer", "Num_Carrer": "3", "Codi_Barri": 54, "Nom_Barri": "Torre Baró", "Codi_Districte": 8, "Nom_Districte": "Nou Barris", "Latitud": 41.45987, "Longitud": 2.181325, "ETRS89_X": 431628.622, "ETRS89_Y": 4590132.523, "Data_Instalacio": "23/08/2016", "Data_DesInstalacio": "20/09/2016", "Font": "TRÀNSIT", "nearest_node": 420051108, "street_centrality": 0.0082997521535523242 }, "geometry": { "type": "Point", "coordinates": [ 2.181325, 41.45987 ] } },
{ "type": "Feature", "properties": { "Id_Instal": 1326, "Codi_Carrer": 701278, "Tipus_Via": "Pg", "Nom_Carrer": "Taulat", "Num_Carrer": "263", "Codi_Barri": 69, "Nom_Barri": "Diagonal Mar i el Front Marítim del Poblenou", "Codi_Districte": 10, "Nom_Districte": "Sant Martí", "Latitud": 41.405017, "Longitud": 2.212947, "ETRS89_X": 434214.228, "ETRS89_Y": 4584018.225, "Data_Instalacio": "13/07/2016", "Data_DesInstalacio": "18/06/2018", "Font": "TRÀNSIT", "nearest_node": 243342788, "street_centrality": 0.0010079918700082872 }, "geometry": { "type": "Point", "coordinates": [ 2.212947, 41.405017 ] } },
{ "type": "Feature", "properties": { "Id_Instal": 1346, "Codi_Carrer": 249304, "Tipus_Via": "C", "Nom_Carrer": "Pere IV", "Num_Carrer": "100", "Codi_Barri": 68, "Nom_Barri": "el Poblenou", "Codi_Districte": 10, "Nom_Districte": "Sant Martí", "Latitud": 41.398428, "Longitud": 2.194265, "ETRS89_X": 432645.836, "ETRS89_Y": 4583301.159, "Data_Instalacio": "20/09/2016", "Data_DesInstalacio": "10/11/2016", "Font": "SUPERILLA", "nearest_node": 442870114, "street_centrality": 0.0048322826331050556 }, "geometry": { "type": "Point", "coordinates": [ 2.194265, 41.398428 ] } },
{ "type": "Feature", "properties": { "Id_Instal": 1347, "Codi_Carrer": 11200, "Tipus_Via": "C", "Nom_Carrer": "Almogàvers", "Num_Carrer": "188", "Codi_Barri": 66, "Nom_Barri": "el Parc i la Llacuna del Poblenou", "Codi_Districte": 10, "Nom_Districte": "Sant Martí", "Latitud": 41.400734, "Longitud": 2.195192, "ETRS89_X": 432725.748, "ETRS89_Y": 4583556.392, "Data_Instalacio": "20/09/2016", "Data_DesInstalacio": "21/03/2017", "Font": "SUPERILLA", "nearest_node": 2291722043, "street_centrality": 0.0014132147323231766 }, "geometry": { "type": "Point", "coordinates": [ 2.195192, 41.400734 ] } },
{ "type": "Feature", "properties": { "Id_Instal": 1348, "Codi_Carrer": 311703, "Tipus_Via": "C", "Nom_Carrer": "Sancho de Ávila", "Num_Carrer": "133", "Codi_Barri": 66, "Nom_Barri": "el Parc i la Llacuna del Poblenou", "Codi_Districte": 10, "Nom_Districte": "Sant Martí", "Latitud": 41.402437, "Longitud": 2.19476, "ETRS89_X": 432691.389, "ETRS89_Y": 4583745.789, "Data_Instalacio": "20/09/2016", "Data_DesInstalacio": "04/10/2022", "Font": "TRÀNSIT", "nearest_node": 4385152385, "street_centrality": 0.0056449795958588055 }, "geometry": { "type": "Point", "coordinates": [ 2.19476, 41.402437 ] } },
{ "type": "Feature", "properties": { "Id_Instal": 1349, "Codi_Carrer": 183603, "Tipus_Via": "C", "Nom_Carrer": "Llacuna", "Num_Carrer": "122", "Codi_Barri": 68, "Nom_Barri": "el Poblenou", "Codi_Districte": 10, "Nom_Districte": "Sant Martí", "Latitud": 41.404116, "Longitud": 2.195181, "ETRS89_X": 432728.307, "ETRS89_Y": 4583931.925, "Data_Instalacio": "20/09/2016", "Data_DesInstalacio": "20/12/2016", "Font": "SUPERILLA", "nearest_node": 4385157797, "street_centrality": 0.020896555076235453 }, "geometry": { "type": "Point", "coordinates": [ 2.195181, 41.404116 ] } },
{ "type": "Feature", "properties": { "Id_Instal": 1386, "Codi_Carrer": 32700, "Tipus_Via": "C", "Nom_Carrer": "Balmes", "Num_Carrer": "232", "Codi_Barri": 26, "Nom_Barri": "Galvany", "Codi_Districte": 5, "Nom_Districte": "Sarrià-Sant Gervasi", "Latitud": 41.39893, "Longitud": 2.1509, "ETRS89_X": 429021.324, "ETRS89_Y": 4583391.477, "Data_Instalacio": "21/10/2016", "Data_DesInstalacio": "10/11/2016", "Font": "TRÀNSIT", "nearest_node": 30247416, "street_centrality": 0.0047782529181297365 }, "geometry": { "type": "Point", "coordinates": [ 2.1509, 41.39893 ] } },
{ "type": "Feature", "properties": { "Id_Instal": 1387, "Codi_Carrer": 32700, "Tipus_Via": "C", "Nom_Carrer": "Balmes", "Num_Carrer": "173", "Codi_Barri": 26, "Nom_Barri": "Galvany", "Codi_Districte": 5, "Nom_Districte": "Sarrià-Sant Gervasi", "Latitud": 41.396109, "Longitud": 2.153807, "ETRS89_X": 429261.336, "ETRS89_Y": 4583075.952, "Data_Instalacio": "21/10/2016", "Data_DesInstalacio": "08/06/2022", "Font": "TRÀNSIT", "nearest_node": 30247429, "street_centrality": 0.0016585996878360817 }, "geometry": { "type": "Point", "coordinates": [ 2.153807, 41.396109 ] } },
{ "type": "Feature", "properties": { "Id_Instal": 1388, "Codi_Carrer": 192502, "Tipus_Via": "C", "Nom_Carrer": "Manso", "Num_Carrer": "1", "Codi_Barri": 10, "Nom_Barri": "Sant Antoni", "Codi_Districte": 2, "Nom_Districte": "L'Eixample", "Latitud": 41.375392, "Longitud": 2.158681, "ETRS89_X": 429646.454, "ETRS89_Y": 4580771.979, "Data_Instalacio": "21/10/2016", "Data_DesInstalacio": null, "Font": "TRÀNSIT", "nearest_node": 905811222, "street_centrality": 0.0054817648318708639 }, "geometry": { "type": "Point", "coordinates": [ 2.158681, 41.375392 ] } },
{ "type": "Feature", "properties": { "Id_Instal": 1389, "Codi_Carrer": 329902, "Tipus_Via": "C", "Nom_Carrer": "Tamarit", "Num_Carrer": "89", "Codi_Barri": 10, "Nom_Barri": "Sant Antoni", "Codi_Districte": 2, "Nom_Districte": "L'Eixample", "Latitud": 41.375415, "Longitud": 2.156424, "ETRS89_X": 429457.687, "ETRS89_Y": 4580776.359, "Data_Instalacio": "21/10/2016", "Data_DesInstalacio": null, "Font": "TRÀNSIT", "nearest_node": 903233293, "street_centrality": 0.011662539101234912 }, "geometry": { "type": "Point", "coordinates": [ 2.156424, 41.375415 ] } },
{ "type": "Feature", "properties": { "Id_Instal": 1566, "Codi_Carrer": 191204, "Tipus_Via": "C", "Nom_Carrer": "Mallorca", "Num_Carrer": "75", "Codi_Barri": 9, "Nom_Barri": "la Nova Esquerra de l'Eixample", "Codi_Districte": 2, "Nom_Districte": "L'Eixample", "Latitud": 41.384638, "Longitud": 2.150265, "ETRS89_X": 428952.731, "ETRS89_Y": 4581805.351, "Data_Instalacio": "11/11/2016", "Data_DesInstalacio": "28/11/2016", "Font": "OBRES", "nearest_node": 30243362, "street_centrality": 0.0092790407374799735 }, "geometry": { "type": "Point", "coordinates": [ 2.150265, 41.384638 ] } },
{ "type": "Feature", "properties": { "Id_Instal": 1586, "Codi_Carrer": 158901, "Tipus_Via": "Pl", "Nom_Carrer": "Osca", "Num_Carrer": "2", "Codi_Barri": 18, "Nom_Barri": "Sants", "Codi_Districte": 3, "Nom_Districte": "Sants-Montjuïc", "Latitud": 41.376198, "Longitud": 2.138527, "ETRS89_X": 427962.0, "ETRS89_Y": 4580878.0, "Data_Instalacio": "17/11/2016", "Data_DesInstalacio": "20/12/2016", "Font": "OCI", "nearest_node": 30294200, "street_centrality": 0.00011143628713659457 }, "geometry": { "type": "Point", "coordinates": [ 2.138527, 41.376198 ] } },
{ "type": "Feature", "properties": { "Id_Instal": 1606, "Codi_Carrer": 191204, "Tipus_Via": "C", "Nom_Carrer": "Mallorca", "Num_Carrer": "75", "Codi_Barri": 9, "Nom_Barri": "la Nova Esquerra de l'Eixample", "Codi_Districte": 2, "Nom_Districte": "L'Eixample", "Latitud": 41.384638, "Longitud": 2.150265, "ETRS89_X": 428952.731, "ETRS89_Y": 4581805.351, "Data_Instalacio": "28/11/2016", "Data_DesInstalacio": "28/06/2017", "Font": "OBRES", "nearest_node": 30243362, "street_centrality": 0.0092790407374799735 }, "geometry": { "type": "Point", "coordinates": [ 2.150265, 41.384638 ] } },
{ "type": "Feature", "properties": { "Id_Instal": 1627, "Codi_Carrer": 32700, "Tipus_Via": "C", "Nom_Carrer": "Balmes", "Num_Carrer": "232", "Codi_Barri": 26, "Nom_Barri": "Galvany", "Codi_Districte": 5, "Nom_Districte": "Sarrià-Sant Gervasi", "Latitud": 41.39893, "Longitud": 2.1509, "ETRS89_X": 429021.324, "ETRS89_Y": 4583391.477, "Data_Instalacio": "11/11/2016", "Data_DesInstalacio": null, "Font": "TRÀNSIT", "nearest_node": 30247416, "street_centrality": 0.0047782529181297365 }, "geometry": { "type": "Point", "coordinates": [ 2.1509, 41.39893 ] } },
{ "type": "Feature", "properties": { "Id_Instal": 1686, "Codi_Carrer": 270901, "Tipus_Via": "C", "Nom_Carrer": "Pujades", "Num_Carrer": "166", "Codi_Barri": 68, "Nom_Barri": "el Poblenou", "Codi_Districte": 10, "Nom_Districte": "Sant Martí", "Latitud": 41.40056, "Longitud": 2.199448, "ETRS89_X": 433081.352, "ETRS89_Y": 4583533.771, "Data_Instalacio": "19/12/2016", "Data_DesInstalacio": "05/10/2022", "Font": "TRÀNSIT", "nearest_node": 2593809553, "street_centrality": 0.014259342277236161 }, "geometry": { "type": "Point", "coordinates": [ 2.199448, 41.40056 ] } },
{ "type": "Feature", "properties": { "Id_Instal": 1726, "Codi_Carrer": 158901, "Tipus_Via": "Pl", "Nom_Carrer": "Osca", "Num_Carrer": "2", "Codi_Barri": 18, "Nom_Barri": "Sants", "Codi_Districte": 3, "Nom_Districte": "Sants-Montjuïc", "Latitud": 41.376198, "Longitud": 2.138527, "ETRS89_X": 427962.0, "ETRS89_Y": 4580878.0, "Data_Instalacio": "20/12/2016", "Data_DesInstalacio": "26/05/2017", "Font": "OCI", "nearest_node": 30294200, "street_centrality": 0.00011143628713659457 }, "geometry": { "type": "Point", "coordinates": [ 2.138527, 41.376198 ] } },
{ "type": "Feature", "properties": { "Id_Instal": 1746, "Codi_Carrer": 325107, "Tipus_Via": "C", "Nom_Carrer": "Trelawny", "Num_Carrer": "2", "Codi_Barri": 3, "Nom_Barri": "la Barceloneta", "Codi_Districte": 1, "Nom_Districte": "Ciutat Vella", "Latitud": 41.384941, "Longitud": 2.195578, "ETRS89_X": 432741.722, "ETRS89_Y": 4581802.828, "Data_Instalacio": "29/12/2016", "Data_DesInstalacio": "08/11/2017", "Font": "OCI", "nearest_node": 30312391, "street_centrality": 0.0034168166626579073 }, "geometry": { "type": "Point", "coordinates": [ 2.195578, 41.384941 ] } },
{ "type": "Feature", "properties": { "Id_Instal": 1866, "Codi_Carrer": 208001, "Tipus_Via": "C", "Nom_Carrer": "Torrent de l'Olla", "Num_Carrer": "218", "Codi_Barri": 31, "Nom_Barri": "la Vila de Gràcia", "Codi_Districte": 6, "Nom_Districte": "Gràcia", "Latitud": 41.406216, "Longitud": 2.152848, "ETRS89_X": 429192.067, "ETRS89_Y": 4584198.701, "Data_Instalacio": "19/01/2017", "Data_DesInstalacio": "26/02/2017", "Font": "TRÀNSIT", "nearest_node": 30960868, "street_centrality": 0.011212854285971583 }, "geometry": { "type": "Point", "coordinates": [ 2.152848, 41.406216 ] } },
{ "type": "Feature", "properties": { "Id_Instal": 1867, "Codi_Carrer": 208001, "Tipus_Via": "C", "Nom_Carrer": "Torrent de l'Olla", "Num_Carrer": "218", "Codi_Barri": 31, "Nom_Barri": "la Vila de Gràcia", "Codi_Districte": 6, "Nom_Districte": "Gràcia", "Latitud": 41.406216, "Longitud": 2.152848, "ETRS89_X": 429192.067, "ETRS89_Y": 4584198.701, "Data_Instalacio": "19/01/2017", "Data_DesInstalacio": "26/02/2017", "Font": "TRÀNSIT", "nearest_node": 30960868, "street_centrality": 0.011212854285971583 }, "geometry": { "type": "Point", "coordinates": [ 2.152848, 41.406216 ] } },
{ "type": "Feature", "properties": { "Id_Instal": 1868, "Codi_Carrer": 208001, "Tipus_Via": "C", "Nom_Carrer": "Torrent de l'Olla", "Num_Carrer": "218", "Codi_Barri": 31, "Nom_Barri": "la Vila de Gràcia", "Codi_Districte": 6, "Nom_Districte": "Gràcia", "Latitud": 41.406216, "Longitud": 2.152848, "ETRS89_X": 429192.067, "ETRS89_Y": 4584198.701, "Data_Instalacio": "19/01/2017", "Data_DesInstalacio": "26/02/2017", "Font": "TRÀNSIT", "nearest_node": 30960868, "street_centrality": 0.011212854285971583 }, "geometry": { "type": "Point", "coordinates": [ 2.152848, 41.406216 ] } },
{ "type": "Feature", "properties": { "Id_Instal": 1869, "Codi_Carrer": 208001, "Tipus_Via": "C", "Nom_Carrer": "Torrent de l'Olla", "Num_Carrer": "218", "Codi_Barri": 31, "Nom_Barri": "la Vila de Gràcia", "Codi_Districte": 6, "Nom_Districte": "Gràcia", "Latitud": 41.406216, "Longitud": 2.152848, "ETRS89_X": 429192.067, "ETRS89_Y": 4584198.701, "Data_Instalacio": "19/01/2017", "Data_DesInstalacio": "26/02/2017", "Font": "TRÀNSIT", "nearest_node": 30960868, "street_centrality": 0.011212854285971583 }, "geometry": { "type": "Point", "coordinates": [ 2.152848, 41.406216 ] } },
{ "type": "Feature", "properties": { "Id_Instal": 1870, "Codi_Carrer": 208001, "Tipus_Via": "C", "Nom_Carrer": "Torrent de l'Olla", "Num_Carrer": "218", "Codi_Barri": 31, "Nom_Barri": "la Vila de Gràcia", "Codi_Districte": 6, "Nom_Districte": "Gràcia", "Latitud": 41.406216, "Longitud": 2.152848, "ETRS89_X": 429192.067, "ETRS89_Y": 4584198.701, "Data_Instalacio": "19/01/2017", "Data_DesInstalacio": "26/02/2017", "Font": "TRÀNSIT", "nearest_node": 30960868, "street_centrality": 0.011212854285971583 }, "geometry": { "type": "Point", "coordinates": [ 2.152848, 41.406216 ] } },
{ "type": "Feature", "properties": { "Id_Instal": 1871, "Codi_Carrer": 208001, "Tipus_Via": "C", "Nom_Carrer": "Torrent de l'Olla", "Num_Carrer": "218", "Codi_Barri": 31, "Nom_Barri": "la Vila de Gràcia", "Codi_Districte": 6, "Nom_Districte": "Gràcia", "Latitud": 41.406216, "Longitud": 2.152848, "ETRS89_X": 429192.067, "ETRS89_Y": 4584198.701, "Data_Instalacio": "19/01/2017", "Data_DesInstalacio": "26/02/2017", "Font": "TRÀNSIT", "nearest_node": 30960868, "street_centrality": 0.011212854285971583 }, "geometry": { "type": "Point", "coordinates": [ 2.152848, 41.406216 ] } },
{ "type": "Feature", "properties": { "Id_Instal": 1872, "Codi_Carrer": 208001, "Tipus_Via": "C", "Nom_Carrer": "Torrent de l'Olla", "Num_Carrer": "218", "Codi_Barri": 31, "Nom_Barri": "la Vila de Gràcia", "Codi_Districte": 6, "Nom_Districte": "Gràcia", "Latitud": 41.406216, "Longitud": 2.152848, "ETRS89_X": 429192.067, "ETRS89_Y": 4584198.701, "Data_Instalacio": "19/01/2017", "Data_DesInstalacio": "26/02/2017", "Font": "TRÀNSIT", "nearest_node": 30960868, "street_centrality": 0.011212854285971583 }, "geometry": { "type": "Point", "coordinates": [ 2.152848, 41.406216 ] } },
{ "type": "Feature", "properties": { "Id_Instal": 1873, "Codi_Carrer": 208001, "Tipus_Via": "C", "Nom_Carrer": "Torrent de l'Olla", "Num_Carrer": "218", "Codi_Barri": 31, "Nom_Barri": "la Vila de Gràcia", "Codi_Districte": 6, "Nom_Districte": "Gràcia", "Latitud": 41.406216, "Longitud": 2.152848, "ETRS89_X": 429192.067, "ETRS89_Y": 4584198.701, "Data_Instalacio": "19/01/2017", "Data_DesInstalacio": "26/02/2017", "Font": "TRÀNSIT", "nearest_node": 30960868, "street_centrality": 0.011212854285971583 }, "geometry": { "type": "Point", "coordinates": [ 2.152848, 41.406216 ] } },
{ "type": "Feature", "properties": { "Id_Instal": 1874, "Codi_Carrer": 208001, "Tipus_Via": "C", "Nom_Carrer": "Torrent de l'Olla", "Num_Carrer": "218", "Codi_Barri": 31, "Nom_Barri": "la Vila de Gràcia", "Codi_Districte": 6, "Nom_Districte": "Gràcia", "Latitud": 41.406216, "Longitud": 2.152848, "ETRS89_X": 429192.067, "ETRS89_Y": 4584198.701, "Data_Instalacio": "19/01/2017", "Data_DesInstalacio": "26/02/2017", "Font": "TRÀNSIT", "nearest_node": 30960868, "street_centrality": 0.011212854285971583 }, "geometry": { "type": "Point", "coordinates": [ 2.152848, 41.406216 ] } },
{ "type": "Feature", "properties": { "Id_Instal": 1875, "Codi_Carrer": 208001, "Tipus_Via": "C", "Nom_Carrer": "Torrent de l'Olla", "Num_Carrer": "218", "Codi_Barri": 31, "Nom_Barri": "la Vila de Gràcia", "Codi_Districte": 6, "Nom_Districte": "Gràcia", "Latitud": 41.406216, "Longitud": 2.152848, "ETRS89_X": 429192.067, "ETRS89_Y": 4584198.701, "Data_Instalacio": "19/01/2017", "Data_DesInstalacio": "26/02/2017", "Font": "TRÀNSIT", "nearest_node": 30960868, "street_centrality": 0.011212854285971583 }, "geometry": { "type": "Point", "coordinates": [ 2.152848, 41.406216 ] } },
{ "type": "Feature", "properties": { "Id_Instal": 1886, "Codi_Carrer": 236700, "Tipus_Via": "C", "Nom_Carrer": "Or", "Num_Carrer": "10", "Codi_Barri": 31, "Nom_Barri": "la Vila de Gràcia", "Codi_Districte": 6, "Nom_Districte": "Gràcia", "Latitud": 41.403978, "Longitud": 2.156015, "ETRS89_X": 429454.426, "ETRS89_Y": 4583947.753, "Data_Instalacio": "19/01/2017", "Data_DesInstalacio": null, "Font": "OCI", "nearest_node": 30554955, "street_centrality": 0.00065511029407573781 }, "geometry": { "type": "Point", "coordinates": [ 2.156015, 41.403978 ] } },
{ "type": "Feature", "properties": { "Id_Instal": 1887, "Codi_Carrer": 326904, "Tipus_Via": "Pl", "Nom_Carrer": "Sol", "Num_Carrer": "2", "Codi_Barri": 31, "Nom_Barri": "la Vila de Gràcia", "Codi_Districte": 6, "Nom_Districte": "Gràcia", "Latitud": 41.401519, "Longitud": 2.156852, "ETRS89_X": 429521.701, "ETRS89_Y": 4583674.03, "Data_Instalacio": "19/01/2017", "Data_DesInstalacio": null, "Font": "OCI", "nearest_node": 1368518996, "street_centrality": 0.0 }, "geometry": { "type": "Point", "coordinates": [ 2.156852, 41.401519 ] } },
{ "type": "Feature", "properties": { "Id_Instal": 1888, "Codi_Carrer": 183603, "Tipus_Via": "C", "Nom_Carrer": "Llacuna", "Num_Carrer": "122", "Codi_Barri": 68, "Nom_Barri": "el Poblenou", "Codi_Districte": 10, "Nom_Districte": "Sant Martí", "Latitud": 41.404116, "Longitud": 2.195181, "ETRS89_X": 432728.307, "ETRS89_Y": 4583931.925, "Data_Instalacio": "19/01/2017", "Data_DesInstalacio": "04/10/2022", "Font": "TRÀNSIT", "nearest_node": 4385157797, "street_centrality": 0.020896555076235453 }, "geometry": { "type": "Point", "coordinates": [ 2.195181, 41.404116 ] } },
{ "type": "Feature", "properties": { "Id_Instal": 1906, "Codi_Carrer": 226400, "Tipus_Via": "C", "Nom_Carrer": "Las Navas de Tolosa", "Num_Carrer": "278", "Codi_Barri": 63, "Nom_Barri": "Navas", "Codi_Districte": 9, "Nom_Districte": "Sant Andreu", "Latitud": 41.415571, "Longitud": 2.186405, "ETRS89_X": 432006.728, "ETRS89_Y": 4585210.429, "Data_Instalacio": "23/01/2017", "Data_DesInstalacio": null, "Font": "TRÀNSIT", "nearest_node": 30332643, "street_centrality": 0.013101080262452769 }, "geometry": { "type": "Point", "coordinates": [ 2.186405, 41.415571 ] } },
{ "type": "Feature", "properties": { "Id_Instal": 1926, "Codi_Carrer": 102500, "Tipus_Via": "C", "Nom_Carrer": "Doctor Joaquín Albarrán", "Num_Carrer": "5", "Codi_Barri": 21, "Nom_Barri": "Pedralbes", "Codi_Districte": 4, "Nom_Districte": "Les Corts", "Latitud": 41.389814, "Longitud": 2.107345, "ETRS89_X": 425370.0, "ETRS89_Y": 4582416.0, "Data_Instalacio": "25/01/2017", "Data_DesInstalacio": "26/01/2017", "Font": "TRÀNSIT", "nearest_node": 359236627, "street_centrality": 0.0033633497572135816 }, "geometry": { "type": "Point", "coordinates": [ 2.107345, 41.389814 ] } },
{ "type": "Feature", "properties": { "Id_Instal": 1946, "Codi_Carrer": 102500, "Tipus_Via": "C", "Nom_Carrer": "Doctor Joaquín Albarrán", "Num_Carrer": "5", "Codi_Barri": 21, "Nom_Barri": "Pedralbes", "Codi_Districte": 4, "Nom_Districte": "Les Corts", "Latitud": 41.389814, "Longitud": 2.107345, "ETRS89_X": 425370.0, "ETRS89_Y": 4582416.0, "Data_Instalacio": "26/01/2017", "Data_DesInstalacio": "03/03/2017", "Font": "TRÀNSIT", "nearest_node": 359236627, "street_centrality": 0.0033633497572135816 }, "geometry": { "type": "Point", "coordinates": [ 2.107345, 41.389814 ] } },
{ "type": "Feature", "properties": { "Id_Instal": 1947, "Codi_Carrer": 284804, "Tipus_Via": "C", "Nom_Carrer": "Robador", "Num_Carrer": "31", "Codi_Barri": 1, "Nom_Barri": "el Raval", "Codi_Districte": 1, "Nom_Districte": "Ciutat Vella", "Latitud": 41.379396, "Longitud": 2.170909, "ETRS89_X": 430673.242, "ETRS89_Y": 4581206.666, "Data_Instalacio": "24/01/2017", "Data_DesInstalacio": "26/04/2017", "Font": "OCI", "nearest_node": 30884353, "street_centrality": 0.0 }, "geometry": { "type": "Point", "coordinates": [ 2.170909, 41.379396 ] } },
{ "type": "Feature", "properties": { "Id_Instal": 1948, "Codi_Carrer": 21306, "Tipus_Via": "C", "Nom_Carrer": "Arc del Teatre", "Num_Carrer": "5", "Codi_Barri": 1, "Nom_Barri": "el Raval", "Codi_Districte": 1, "Nom_Districte": "Ciutat Vella", "Latitud": 41.378242, "Longitud": 2.175112, "ETRS89_X": 431023.452, "ETRS89_Y": 4581075.134, "Data_Instalacio": "24/01/2017", "Data_DesInstalacio": "14/12/2017", "Font": "OCI", "nearest_node": 1400747727, "street_centrality": 0.0075011254290733957 }, "geometry": { "type": "Point", "coordinates": [ 2.175112, 41.378242 ] } },
{ "type": "Feature", "properties": { "Id_Instal": 1967, "Codi_Carrer": 255602, "Tipus_Via": "Pg", "Nom_Carrer": "Pineda", "Num_Carrer": "52", "Codi_Barri": 56, "Nom_Barri": "Vallbona", "Codi_Districte": 8, "Nom_Districte": "Nou Barris", "Latitud": 41.466363, "Longitud": 2.182726, "ETRS89_X": 431752.501, "ETRS89_Y": 4590852.27, "Data_Instalacio": "31/01/2017", "Data_DesInstalacio": "25/05/2017", "Font": "TRÀNSIT", "nearest_node": 1599256238, "street_centrality": 0.0 }, "geometry": { "type": "Point", "coordinates": [ 2.182726, 41.466363 ] } },
{ "type": "Feature", "properties": { "Id_Instal": 1968, "Codi_Carrer": 236801, "Tipus_Via": "C", "Nom_Carrer": "Orpí", "Num_Carrer": "7", "Codi_Barri": 56, "Nom_Barri": "Vallbona", "Codi_Districte": 8, "Nom_Districte": "Nou Barris", "Latitud": 41.462215, "Longitud": 2.18302, "ETRS89_X": 431772.703, "ETRS89_Y": 4590391.5, "Data_Instalacio": "31/01/2017", "Data_DesInstalacio": "21/04/2017", "Font": "TRÀNSIT", "nearest_node": 1297790778, "street_centrality": 0.0030954524204609602 }, "geometry": { "type": "Point", "coordinates": [ 2.18302, 41.462215 ] } },
{ "type": "Feature", "properties": { "Id_Instal": 1987, "Codi_Carrer": 167709, "Tipus_Via": "C", "Nom_Carrer": "Joaquín Costa", "Num_Carrer": "33", "Codi_Barri": 1, "Nom_Barri": "el Raval", "Codi_Districte": 1, "Nom_Districte": "Ciutat Vella", "Latitud": 41.382336, "Longitud": 2.165958, "ETRS89_X": 430262.387, "ETRS89_Y": 4581537.016, "Data_Instalacio": "01/02/2017", "Data_DesInstalacio": "21/12/2017", "Font": "OCI", "nearest_node": 30227196, "street_centrality": 0.00094214315488211765 }, "geometry": { "type": "Point", "coordinates": [ 2.165958, 41.382336 ] } },
{ "type": "Feature", "properties": { "Id_Instal": 1988, "Codi_Carrer": 112208, "Tipus_Via": "C", "Nom_Carrer": "Escudellers", "Num_Carrer": "48", "Codi_Barri": 2, "Nom_Barri": "el Barri Gòtic", "Codi_Districte": 1, "Nom_Districte": "Ciutat Vella", "Latitud": 41.38039, "Longitud": 2.177537, "ETRS89_X": 431228.473, "ETRS89_Y": 4581311.696, "Data_Instalacio": "01/02/2017", "Data_DesInstalacio": "14/12/2017", "Font": "OCI", "nearest_node": 30243952, "street_centrality": 0.0034657810918542896 }, "geometry": { "type": "Point", "coordinates": [ 2.177537, 41.38039 ] } },
{ "type": "Feature", "properties": { "Id_Instal": 1989, "Codi_Carrer": 349309, "Tipus_Via": "Rda", "Nom_Carrer": "Universitat", "Num_Carrer": "27", "Codi_Barri": 7, "Nom_Barri": "la Dreta de l'Eixample", "Codi_Districte": 2, "Nom_Districte": "L'Eixample", "Latitud": 41.386795, "Longitud": 2.166683, "ETRS89_X": 430327.761, "ETRS89_Y": 4582031.484, "Data_Instalacio": "01/02/2017", "Data_DesInstalacio": "25/05/2017", "Font": "TRÀNSIT", "nearest_node": 26057304, "street_centrality": 0.01287820768817958 }, "geometry": { "type": "Point", "coordinates": [ 2.166683, 41.386795 ] } },
{ "type": "Feature", "properties": { "Id_Instal": 2006, "Codi_Carrer": 54906, "Tipus_Via": "C", "Nom_Carrer": "Calatrava", "Num_Carrer": "73", "Codi_Barri": 24, "Nom_Barri": "les Tres Torres", "Codi_Districte": 5, "Nom_Districte": "Sarrià-Sant Gervasi", "Latitud": 41.40193, "Longitud": 2.127948, "ETRS89_X": 427106.079, "ETRS89_Y": 4583743.547, "Data_Instalacio": "06/02/2017", "Data_DesInstalacio": "20/06/2017", "Font": "TRÀNSIT", "nearest_node": 535228371, "street_centrality": 0.0052752137339964695 }, "geometry": { "type": "Point", "coordinates": [ 2.127948, 41.40193 ] } },
{ "type": "Feature", "properties": { "Id_Instal": 2026, "Codi_Carrer": 148409, "Tipus_Via": "Ctra", "Nom_Carrer": "Sant Cugat", "Num_Carrer": "95", "Codi_Barri": 28, "Nom_Barri": "Vallcarca i els Penitents", "Codi_Districte": 6, "Nom_Districte": "Gràcia", "Latitud": 41.422393, "Longitud": 2.138327, "ETRS89_X": 427996.228, "ETRS89_Y": 4586006.683, "Data_Instalacio": "08/02/2017", "Data_DesInstalacio": "20/06/2017", "Font": "TRÀNSIT", "nearest_node": 1349242026, "street_centrality": 0.0042942367214758408 }, "geometry": { "type": "Point", "coordinates": [ 2.138327, 41.422393 ] } },
{ "type": "Feature", "properties": { "Id_Instal": 2027, "Codi_Carrer": 320908, "Tipus_Via": "Ctra", "Nom_Carrer": "Sarrià a Vallvidrera", "Num_Carrer": "97", "Codi_Barri": 23, "Nom_Barri": "Sarrià", "Codi_Districte": 5, "Nom_Districte": "Sarrià-Sant Gervasi", "Latitud": 41.40806, "Longitud": 2.111839, "ETRS89_X": 425766.502, "ETRS89_Y": 4584437.858, "Data_Instalacio": "08/02/2017", "Data_DesInstalacio": "24/05/2017", "Font": "TRÀNSIT", "nearest_node": 1349534663, "street_centrality": 0.038721295732311645 }, "geometry": { "type": "Point", "coordinates": [ 2.111839, 41.40806 ] } },
{ "type": "Feature", "properties": { "Id_Instal": 2028, "Codi_Carrer": 157308, "Tipus_Via": "Ctra", "Nom_Carrer": "Horta a Cerdanyola", "Num_Carrer": "20", "Codi_Barri": 43, "Nom_Barri": "Horta", "Codi_Districte": 7, "Nom_Districte": "Horta-Guinardó", "Latitud": 41.441201, "Longitud": 2.154997, "ETRS89_X": 429409.652, "ETRS89_Y": 4588080.95, "Data_Instalacio": "08/02/2017", "Data_DesInstalacio": "26/05/2017", "Font": "TRÀNSIT", "nearest_node": 391084137, "street_centrality": 0.0057907472643859668 }, "geometry": { "type": "Point", "coordinates": [ 2.154997, 41.441201 ] } },
{ "type": "Feature", "properties": { "Id_Instal": 2046, "Codi_Carrer": 344101, "Tipus_Via": "Trav", "Nom_Carrer": "Gràcia", "Num_Carrer": "313", "Codi_Barri": 32, "Nom_Barri": "el Camp d'en Grassot i Gràcia Nova", "Codi_Districte": 6, "Nom_Districte": "Gràcia", "Latitud": 41.406299, "Longitud": 2.165618, "ETRS89_X": 430259.543, "ETRS89_Y": 4584197.569, "Data_Instalacio": "27/02/2017", "Data_DesInstalacio": "04/06/2018", "Font": "SUPERILLA", "nearest_node": 126547387, "street_centrality": 0.0065685500362181572 }, "geometry": { "type": "Point", "coordinates": [ 2.165618, 41.406299 ] } },
{ "type": "Feature", "properties": { "Id_Instal": 2047, "Codi_Carrer": 31300, "Tipus_Via": "C", "Nom_Carrer": "Bailèn", "Num_Carrer": "214", "Codi_Barri": 32, "Nom_Barri": "el Camp d'en Grassot i Gràcia Nova", "Codi_Districte": 6, "Nom_Districte": "Gràcia", "Latitud": 41.402231, "Longitud": 2.163695, "ETRS89_X": 430094.489, "ETRS89_Y": 4583747.566, "Data_Instalacio": "27/02/2017", "Data_DesInstalacio": "06/06/2018", "Font": "SUPERILLA", "nearest_node": 415935210, "street_centrality": 0.0014689328758914738 }, "geometry": { "type": "Point", "coordinates": [ 2.163695, 41.402231 ] } },
{ "type": "Feature", "properties": { "Id_Instal": 2048, "Codi_Carrer": 305100, "Tipus_Via": "Pg", "Nom_Carrer": "Sant Joan", "Num_Carrer": "153", "Codi_Barri": 32, "Nom_Barri": "el Camp d'en Grassot i Gràcia Nova", "Codi_Districte": 6, "Nom_Districte": "Gràcia", "Latitud": 41.402055, "Longitud": 2.165841, "ETRS89_X": 430273.667, "ETRS89_Y": 4583726.218, "Data_Instalacio": "27/02/2017", "Data_DesInstalacio": "06/06/2018", "Font": "SUPERILLA", "nearest_node": 126803331, "street_centrality": 0.02265139519387132 }, "geometry": { "type": "Point", "coordinates": [ 2.165841, 41.402055 ] } },
{ "type": "Feature", "properties": { "Id_Instal": 2049, "Codi_Carrer": 286504, "Tipus_Via": "C", "Nom_Carrer": "Roger de Flor", "Num_Carrer": "274", "Codi_Barri": 32, "Nom_Barri": "el Camp d'en Grassot i Gràcia Nova", "Codi_Districte": 6, "Nom_Districte": "Gràcia", "Latitud": 41.403048, "Longitud": 2.167147, "ETRS89_X": 430383.901, "ETRS89_Y": 4583835.478, "Data_Instalacio": "27/02/2017", "Data_DesInstalacio": "09/03/2017", "Font": "SUPERILLA", "nearest_node": 30243115, "street_centrality": 0.026898918724274752 }, "geometry": { "type": "Point", "coordinates": [ 2.167147, 41.403048 ] } },
{ "type": "Feature", "properties": { "Id_Instal": 2050, "Codi_Carrer": 76807, "Tipus_Via": "C", "Nom_Carrer": "Sardenya", "Num_Carrer": "390", "Codi_Barri": 6, "Nom_Barri": "la Sagrada Família", "Codi_Districte": 2, "Nom_Districte": "L'Eixample", "Latitud": 41.406612, "Longitud": 2.169174, "ETRS89_X": 430557.096, "ETRS89_Y": 4584229.482, "Data_Instalacio": "27/02/2017", "Data_DesInstalacio": "04/06/2018", "Font": "SUPERILLA", "nearest_node": 30242957, "street_centrality": 0.013352093313275604 }, "geometry": { "type": "Point", "coordinates": [ 2.169174, 41.406612 ] } },
{ "type": "Feature", "properties": { "Id_Instal": 2051, "Codi_Carrer": 119003, "Tipus_Via": "Pg", "Nom_Carrer": "Fabra i Puig", "Num_Carrer": "409", "Codi_Barri": 43, "Nom_Barri": "Horta", "Codi_Districte": 7, "Nom_Districte": "Horta-Guinardó", "Latitud": 41.434538, "Longitud": 2.16368, "ETRS89_X": 430127.87, "ETRS89_Y": 4587334.206, "Data_Instalacio": "28/02/2017", "Data_DesInstalacio": "04/06/2018", "Font": "SUPERILLA", "nearest_node": 770847836, "street_centrality": 0.011154322094748322 }, "geometry": { "type": "Point", "coordinates": [ 2.16368, 41.434538 ] } },
{ "type": "Feature", "properties": { "Id_Instal": 2052, "Codi_Carrer": 107401, "Tipus_Via": "C", "Nom_Carrer": "Eduard Toda", "Num_Carrer": "51", "Codi_Barri": 43, "Nom_Barri": "Horta", "Codi_Districte": 7, "Nom_Districte": "Horta-Guinardó", "Latitud": 41.435841, "Longitud": 2.1565, "ETRS89_X": 429529.378, "ETRS89_Y": 4587484.701, "Data_Instalacio": "28/02/2017", "Data_DesInstalacio": "04/06/2018", "Font": "SUPERILLA", "nearest_node": 790024593, "street_centrality": 0.0017931111657433854 }, "geometry": { "type": "Point", "coordinates": [ 2.1565, 41.435841 ] } },
{ "type": "Feature", "properties": { "Id_Instal": 2053, "Codi_Carrer": 58102, "Tipus_Via": "C", "Nom_Carrer": "Campoamor", "Num_Carrer": "37", "Codi_Barri": 43, "Nom_Barri": "Horta", "Codi_Districte": 7, "Nom_Districte": "Horta-Guinardó", "Latitud": 41.433986, "Longitud": 2.156117, "ETRS89_X": 429495.371, "ETRS89_Y": 4587279.036, "Data_Instalacio": "28/02/2017", "Data_DesInstalacio": "06/06/2018", "Font": "SUPERILLA", "nearest_node": 948980792, "street_centrality": 0.0017362674031131022 }, "geometry": { "type": "Point", "coordinates": [ 2.156117, 41.433986 ] } },
{ "type": "Feature", "properties": { "Id_Instal": 2054, "Codi_Carrer": 351901, "Tipus_Via": "Pg", "Nom_Carrer": "Valldaura", "Num_Carrer": "24", "Codi_Barri": 43, "Nom_Barri": "Horta", "Codi_Districte": 7, "Nom_Districte": "Horta-Guinardó", "Latitud": 41.437482, "Longitud": 2.156005, "ETRS89_X": 429489.839, "ETRS89_Y": 4587667.269, "Data_Instalacio": "28/02/2017", "Data_DesInstalacio": "28/02/2017", "Font": "SUPERILLA", "nearest_node": 770847795, "street_centrality": 0.014775438617156652 }, "geometry": { "type": "Point", "coordinates": [ 2.156005, 41.437482 ] } },
{ "type": "Feature", "properties": { "Id_Instal": 2055, "Codi_Carrer": 351901, "Tipus_Via": "Pg", "Nom_Carrer": "Valldaura", "Num_Carrer": "24", "Codi_Barri": 43, "Nom_Barri": "Horta", "Codi_Districte": 7, "Nom_Districte": "Horta-Guinardó", "Latitud": 41.437482, "Longitud": 2.156005, "ETRS89_X": 429489.839, "ETRS89_Y": 4587667.269, "Data_Instalacio": "28/02/2017", "Data_DesInstalacio": "28/02/2017", "Font": "SUPERILLA", "nearest_node": 770847795, "street_centrality": 0.014775438617156652 }, "geometry": { "type": "Point", "coordinates": [ 2.156005, 41.437482 ] } },
{ "type": "Feature", "properties": { "Id_Instal": 2066, "Codi_Carrer": 351901, "Tipus_Via": "Pg", "Nom_Carrer": "Valldaura", "Num_Carrer": "24", "Codi_Barri": 43, "Nom_Barri": "Horta", "Codi_Districte": 7, "Nom_Districte": "Horta-Guinardó", "Latitud": 41.437482, "Longitud": 2.156005, "ETRS89_X": 429489.839, "ETRS89_Y": 4587667.269, "Data_Instalacio": "01/03/2017", "Data_DesInstalacio": "04/06/2018", "Font": "SUPERILLA", "nearest_node": 770847795, "street_centrality": 0.014775438617156652 }, "geometry": { "type": "Point", "coordinates": [ 2.156005, 41.437482 ] } },
{ "type": "Feature", "properties": { "Id_Instal": 2067, "Codi_Carrer": 329505, "Tipus_Via": "C", "Nom_Carrer": "Tajo", "Num_Carrer": "56", "Codi_Barri": 43, "Nom_Barri": "Horta", "Codi_Districte": 7, "Nom_Districte": "Horta-Guinardó", "Latitud": 41.429716, "Longitud": 2.160326, "ETRS89_X": 429842.482, "ETRS89_Y": 4586801.62, "Data_Instalacio": "01/03/2017", "Data_DesInstalacio": "04/06/2018", "Font": "SUPERILLA", "nearest_node": 258563358, "street_centrality": 0.01226530810892831 }, "geometry": { "type": "Point", "coordinates": [ 2.160326, 41.429716 ] } },
{ "type": "Feature", "properties": { "Id_Instal": 2086, "Codi_Carrer": 208001, "Tipus_Via": "C", "Nom_Carrer": "Torrent de l'Olla", "Num_Carrer": "218", "Codi_Barri": 31, "Nom_Barri": "la Vila de Gràcia", "Codi_Districte": 6, "Nom_Districte": "Gràcia", "Latitud": 41.406216, "Longitud": 2.152848, "ETRS89_X": 429192.067, "ETRS89_Y": 4584198.701, "Data_Instalacio": "13/03/2017", "Data_DesInstalacio": "21/03/2017", "Font": "TRÀNSIT", "nearest_node": 30960868, "street_centrality": 0.011212854285971583 }, "geometry": { "type": "Point", "coordinates": [ 2.152848, 41.406216 ] } },
{ "type": "Feature", "properties": { "Id_Instal": 2106, "Codi_Carrer": 249304, "Tipus_Via": "C", "Nom_Carrer": "Pere IV", "Num_Carrer": "100", "Codi_Barri": 68, "Nom_Barri": "el Poblenou", "Codi_Districte": 10, "Nom_Districte": "Sant Martí", "Latitud": 41.398428, "Longitud": 2.194265, "ETRS89_X": 432645.836, "ETRS89_Y": 4583301.159, "Data_Instalacio": "10/11/2016", "Data_DesInstalacio": "18/01/2023", "Font": "TRÀNSIT", "nearest_node": 442870114, "street_centrality": 0.0048322826331050556 }, "geometry": { "type": "Point", "coordinates": [ 2.194265, 41.398428 ] } },
{ "type": "Feature", "properties": { "Id_Instal": 2166, "Codi_Carrer": 279600, "Tipus_Via": "Av", "Nom_Carrer": "República Argentina", "Num_Carrer": "223", "Codi_Barri": 27, "Nom_Barri": "el Putxet i el Farró", "Codi_Districte": 5, "Nom_Districte": "Sarrià-Sant Gervasi", "Latitud": 41.411733, "Longitud": 2.140767, "ETRS89_X": 428188.375, "ETRS89_Y": 4584821.187, "Data_Instalacio": "11/10/2016", "Data_DesInstalacio": "25/05/2022", "Font": "TRÀNSIT", "nearest_node": 1369500099, "street_centrality": 0.0376148121943796 }, "geometry": { "type": "Point", "coordinates": [ 2.140767, 41.411733 ] } },
{ "type": "Feature", "properties": { "Id_Instal": 2186, "Codi_Carrer": 286504, "Tipus_Via": "C", "Nom_Carrer": "Roger de Flor", "Num_Carrer": "274", "Codi_Barri": 32, "Nom_Barri": "el Camp d'en Grassot i Gràcia Nova", "Codi_Districte": 6, "Nom_Districte": "Gràcia", "Latitud": 41.403048, "Longitud": 2.167147, "ETRS89_X": 430383.901, "ETRS89_Y": 4583835.478, "Data_Instalacio": "22/03/2017", "Data_DesInstalacio": "04/06/2018", "Font": "SUPERILLA", "nearest_node": 30243115, "street_centrality": 0.026898918724274752 }, "geometry": { "type": "Point", "coordinates": [ 2.167147, 41.403048 ] } },
{ "type": "Feature", "properties": { "Id_Instal": 2206, "Codi_Carrer": 297001, "Tipus_Via": "C", "Nom_Carrer": "Sant Antoni Maria Claret", "Num_Carrer": "373", "Codi_Barri": 61, "Nom_Barri": "la Sagrera", "Codi_Districte": 9, "Nom_Districte": "Sant Andreu", "Latitud": 41.421297, "Longitud": 2.187865, "ETRS89_X": 432134.708, "ETRS89_Y": 4585844.985, "Data_Instalacio": "23/03/2017", "Data_DesInstalacio": "06/02/2020", "Font": "TRÀNSIT", "nearest_node": 30332598, "street_centrality": 0.0014430436374658004 }, "geometry": { "type": "Point", "coordinates": [ 2.187865, 41.421297 ] } },
{ "type": "Feature", "properties": { "Id_Instal": 2207, "Codi_Carrer": 297001, "Tipus_Via": "C", "Nom_Carrer": "Sant Antoni Maria Claret", "Num_Carrer": "403", "Codi_Barri": 61, "Nom_Barri": "la Sagrera", "Codi_Districte": 9, "Nom_Districte": "Sant Andreu", "Latitud": 41.42235, "Longitud": 2.18889, "ETRS89_X": 432221.42, "ETRS89_Y": 4585961.13, "Data_Instalacio": "23/03/2017", "Data_DesInstalacio": "12/04/2022", "Font": "TRÀNSIT", "nearest_node": 434437196, "street_centrality": 0.0036475685703649969 }, "geometry": { "type": "Point", "coordinates": [ 2.18889, 41.42235 ] } },
{ "type": "Feature", "properties": { "Id_Instal": 2208, "Codi_Carrer": 339906, "Tipus_Via": "C", "Nom_Carrer": "Torre dels Pardals", "Num_Carrer": "45", "Codi_Barri": 35, "Nom_Barri": "el Guinardó", "Codi_Districte": 7, "Nom_Districte": "Horta-Guinardó", "Latitud": 41.422861, "Longitud": 2.174795, "ETRS89_X": 431044.149, "ETRS89_Y": 4586028.925, "Data_Instalacio": "23/03/2017", "Data_DesInstalacio": null, "Font": "TRÀNSIT", "nearest_node": 30295335, "street_centrality": 0.024778252411493496 }, "geometry": { "type": "Point", "coordinates": [ 2.174795, 41.422861 ] } },
{ "type": "Feature", "properties": { "Id_Instal": 2209, "Codi_Carrer": 339906, "Tipus_Via": "C", "Nom_Carrer": "Torre dels Pardals", "Num_Carrer": "96", "Codi_Barri": 35, "Nom_Barri": "el Guinardó", "Codi_Districte": 7, "Nom_Districte": "Horta-Guinardó", "Latitud": 41.423756, "Longitud": 2.172718, "ETRS89_X": 430871.562, "ETRS89_Y": 4586129.993, "Data_Instalacio": "23/03/2017", "Data_DesInstalacio": "05/05/2022", "Font": "TRÀNSIT", "nearest_node": 30295331, "street_centrality": 0.0047022736314456951 }, "geometry": { "type": "Point", "coordinates": [ 2.172718, 41.423756 ] } },
{ "type": "Feature", "properties": { "Id_Instal": 2246, "Codi_Carrer": 11200, "Tipus_Via": "C", "Nom_Carrer": "Almogàvers", "Num_Carrer": "188", "Codi_Barri": 66, "Nom_Barri": "el Parc i la Llacuna del Poblenou", "Codi_Districte": 10, "Nom_Districte": "Sant Martí", "Latitud": 41.400734, "Longitud": 2.195192, "ETRS89_X": 432725.748, "ETRS89_Y": 4583556.392, "Data_Instalacio": "26/04/2017", "Data_DesInstalacio": "18/01/2023", "Font": "TRÀNSIT", "nearest_node": 2291722043, "street_centrality": 0.0014132147323231766 }, "geometry": { "type": "Point", "coordinates": [ 2.195192, 41.400734 ] } },
{ "type": "Feature", "properties": { "Id_Instal": 2266, "Codi_Carrer": 87009, "Tipus_Via": "C", "Nom_Carrer": "Comte Borrell", "Num_Carrer": "81", "Codi_Barri": 10, "Nom_Barri": "Sant Antoni", "Codi_Districte": 2, "Nom_Districte": "L'Eixample", "Latitud": 41.378636, "Longitud": 2.160708, "ETRS89_X": 429819.453, "ETRS89_Y": 4581130.453, "Data_Instalacio": "26/04/2017", "Data_DesInstalacio": "05/03/2018", "Font": "SUPERILLA", "nearest_node": 3214268719, "street_centrality": 0.00046656910119311564 }, "geometry": { "type": "Point", "coordinates": [ 2.160708, 41.378636 ] } },
{ "type": "Feature", "properties": { "Id_Instal": 2267, "Codi_Carrer": 361406, "Tipus_Via": "C", "Nom_Carrer": "Viladomat", "Num_Carrer": "71", "Codi_Barri": 10, "Nom_Barri": "Sant Antoni", "Codi_Districte": 2, "Nom_Districte": "L'Eixample", "Latitud": 41.378219, "Longitud": 2.159149, "ETRS89_X": 429688.604, "ETRS89_Y": 4581085.397, "Data_Instalacio": "26/04/2017", "Data_DesInstalacio": null, "Font": "TRÀNSIT", "nearest_node": 30243890, "street_centrality": 0.0064959476067200728 }, "geometry": { "type": "Point", "coordinates": [ 2.159149, 41.378219 ] } },
{ "type": "Feature", "properties": { "Id_Instal": 2268, "Codi_Carrer": 285807, "Tipus_Via": "C", "Nom_Carrer": "Rocafort", "Num_Carrer": "47", "Codi_Barri": 10, "Nom_Barri": "Sant Antoni", "Codi_Districte": 2, "Nom_Districte": "L'Eixample", "Latitud": 41.377418, "Longitud": 2.155691, "ETRS89_X": 429398.561, "ETRS89_Y": 4580999.344, "Data_Instalacio": "26/04/2017", "Data_DesInstalacio": "17/04/2019", "Font": "SUPERILLA", "nearest_node": 30243878, "street_centrality": 0.0079896441019752344 }, "geometry": { "type": "Point", "coordinates": [ 2.155691, 41.377418 ] } },
{ "type": "Feature", "properties": { "Id_Instal": 2306, "Codi_Carrer": 32700, "Tipus_Via": "C", "Nom_Carrer": "Balmes", "Num_Carrer": "45", "Codi_Barri": 8, "Nom_Barri": "l'Antiga Esquerra de l'Eixample", "Codi_Districte": 2, "Nom_Districte": "L'Eixample", "Latitud": 41.389053, "Longitud": 2.162752, "ETRS89_X": 430001.51, "ETRS89_Y": 4582285.334, "Data_Instalacio": "19/05/2017", "Data_DesInstalacio": "09/06/2022", "Font": "TRÀNSIT", "nearest_node": 3314294600, "street_centrality": 0.0029969607525372022 }, "geometry": { "type": "Point", "coordinates": [ 2.162752, 41.389053 ] } },
{ "type": "Feature", "properties": { "Id_Instal": 2326, "Codi_Carrer": 158901, "Tipus_Via": "Pl", "Nom_Carrer": "Osca", "Num_Carrer": "2", "Codi_Barri": 18, "Nom_Barri": "Sants", "Codi_Districte": 3, "Nom_Districte": "Sants-Montjuïc", "Latitud": 41.376198, "Longitud": 2.138527, "ETRS89_X": 427962.0, "ETRS89_Y": 4580878.0, "Data_Instalacio": "26/05/2017", "Data_DesInstalacio": "24/10/2017", "Font": "OCI", "nearest_node": 30294200, "street_centrality": 0.00011143628713659457 }, "geometry": { "type": "Point", "coordinates": [ 2.138527, 41.376198 ] } },
{ "type": "Feature", "properties": { "Id_Instal": 2327, "Codi_Carrer": 284804, "Tipus_Via": "C", "Nom_Carrer": "Robador", "Num_Carrer": "31", "Codi_Barri": 1, "Nom_Barri": "el Raval", "Codi_Districte": 1, "Nom_Districte": "Ciutat Vella", "Latitud": 41.379396, "Longitud": 2.170909, "ETRS89_X": 430673.242, "ETRS89_Y": 4581206.666, "Data_Instalacio": "26/05/2017", "Data_DesInstalacio": "14/12/2017", "Font": "OCI", "nearest_node": 30884353, "street_centrality": 0.0 }, "geometry": { "type": "Point", "coordinates": [ 2.170909, 41.379396 ] } },
{ "type": "Feature", "properties": { "Id_Instal": 2347, "Codi_Carrer": 43400, "Tipus_Via": "C", "Nom_Carrer": "Blai", "Num_Carrer": "52", "Codi_Barri": 11, "Nom_Barri": "el Poble Sec", "Codi_Districte": 3, "Nom_Districte": "Sants-Montjuïc", "Latitud": 41.374325, "Longitud": 2.16286, "ETRS89_X": 429994.723, "ETRS89_Y": 4580650.149, "Data_Instalacio": "30/05/2017", "Data_DesInstalacio": "17/04/2018", "Font": "OCI", "nearest_node": 4834501649, "street_centrality": 0.011633273005623281 }, "geometry": { "type": "Point", "coordinates": [ 2.16286, 41.374325 ] } },
{ "type": "Feature", "properties": { "Id_Instal": 2348, "Codi_Carrer": 167505, "Tipus_Via": "Pl", "Nom_Carrer": "Joanic", "Num_Carrer": "7", "Codi_Barri": 31, "Nom_Barri": "la Vila de Gràcia", "Codi_Districte": 6, "Nom_Districte": "Gràcia", "Latitud": 41.405521, "Longitud": 2.162211, "ETRS89_X": 429973.94, "ETRS89_Y": 4584113.95, "Data_Instalacio": "30/05/2017", "Data_DesInstalacio": "18/04/2018", "Font": "OCI", "nearest_node": 6960234560, "street_centrality": 0.010236942559229892 }, "geometry": { "type": "Point", "coordinates": [ 2.162211, 41.405521 ] } },
{ "type": "Feature", "properties": { "Id_Instal": 2349, "Codi_Carrer": 348408, "Tipus_Via": "C", "Nom_Carrer": "Tuset", "Num_Carrer": "8", "Codi_Barri": 26, "Nom_Barri": "Galvany", "Codi_Districte": 5, "Nom_Districte": "Sarrià-Sant Gervasi", "Latitud": 41.39545, "Longitud": 2.152753, "ETRS89_X": 429172.441, "ETRS89_Y": 4583003.592, "Data_Instalacio": "30/05/2017", "Data_DesInstalacio": "19/04/2018", "Font": "OCI", "nearest_node": 5094317308, "street_centrality": 0.0031900044216677677 }, "geometry": { "type": "Point", "coordinates": [ 2.152753, 41.39545 ] } },
{ "type": "Feature", "properties": { "Id_Instal": 2366, "Codi_Carrer": 268808, "Tipus_Via": "Av", "Nom_Carrer": "Portal de l'Àngel", "Num_Carrer": "24", "Codi_Barri": 2, "Nom_Barri": "el Barri Gòtic", "Codi_Districte": 1, "Nom_Districte": "Ciutat Vella", "Latitud": 41.385747, "Longitud": 2.172972, "ETRS89_X": 430852.47, "ETRS89_Y": 4581910.055, "Data_Instalacio": "30/05/2017", "Data_DesInstalacio": "21/12/2017", "Font": "OCI", "nearest_node": 30252452, "street_centrality": 0.0 }, "geometry": { "type": "Point", "coordinates": [ 2.172972, 41.385747 ] } },
{ "type": "Feature", "properties": { "Id_Instal": 2367, "Codi_Carrer": 366400, "Tipus_Via": "Pl", "Nom_Carrer": "Virreina", "Num_Carrer": "91", "Codi_Barri": 31, "Nom_Barri": "la Vila de Gràcia", "Codi_Districte": 6, "Nom_Districte": "Gràcia", "Latitud": 41.405085, "Longitud": 2.157202, "ETRS89_X": 429554.781, "ETRS89_Y": 4584069.67, "Data_Instalacio": "30/05/2017", "Data_DesInstalacio": "14/11/2017", "Font": "OCI", "nearest_node": 567448762, "street_centrality": 0.00024482214598191233 }, "geometry": { "type": "Point", "coordinates": [ 2.157202, 41.405085 ] } },
{ "type": "Feature", "properties": { "Id_Instal": 2368, "Codi_Carrer": 229001, "Tipus_Via": "Pl", "Nom_Carrer": "Nord", "Num_Carrer": "7", "Codi_Barri": 31, "Nom_Barri": "la Vila de Gràcia", "Codi_Districte": 6, "Nom_Districte": "Gràcia", "Latitud": 41.407009, "Longitud": 2.155295, "ETRS89_X": 429397.517, "ETRS89_Y": 4584284.741, "Data_Instalacio": "30/05/2017", "Data_DesInstalacio": "10/07/2019", "Font": "OCI", "nearest_node": 30960850, "street_centrality": 0.0021640026466677076 }, "geometry": { "type": "Point", "coordinates": [ 2.155295, 41.407009 ] } },
{ "type": "Feature", "properties": { "Id_Instal": 2406, "Codi_Carrer": 296508, "Tipus_Via": "Rda", "Nom_Carrer": "Sant Antoni", "Num_Carrer": "31", "Codi_Barri": 10, "Nom_Barri": "Sant Antoni", "Codi_Districte": 2, "Nom_Districte": "L'Eixample", "Latitud": 41.381565, "Longitud": 2.163384, "ETRS89_X": 430046.338, "ETRS89_Y": 4581453.494, "Data_Instalacio": "30/05/2017", "Data_DesInstalacio": "05/07/2017", "Font": "TRÀNSIT", "nearest_node": 30227134, "street_centrality": 0.00030391714673616701 }, "geometry": { "type": "Point", "coordinates": [ 2.163384, 41.381565 ] } },
{ "type": "Feature", "properties": { "Id_Instal": 2426, "Codi_Carrer": 284305, "Tipus_Via": "Pl", "Nom_Carrer": "Vila de Gràcia", "Num_Carrer": "1", "Codi_Barri": 31, "Nom_Barri": "la Vila de Gràcia", "Codi_Districte": 6, "Nom_Districte": "Gràcia", "Latitud": 41.400127, "Longitud": 2.157939, "ETRS89_X": 429611.073, "ETRS89_Y": 4583518.628, "Data_Instalacio": "09/06/2017", "Data_DesInstalacio": "10/07/2019", "Font": "OCI", "nearest_node": 30254390, "street_centrality": 0.0003894641954470881 }, "geometry": { "type": "Point", "coordinates": [ 2.157939, 41.400127 ] } },
{ "type": "Feature", "properties": { "Id_Instal": 2446, "Codi_Carrer": 46409, "Tipus_Via": "Pg", "Nom_Carrer": "Born", "Num_Carrer": "19", "Codi_Barri": 4, "Nom_Barri": "Sant Pere, Santa Caterina i la Ribera", "Codi_Districte": 1, "Nom_Districte": "Ciutat Vella", "Latitud": 41.384925, "Longitud": 2.182772, "ETRS89_X": 431671.0, "ETRS89_Y": 4581811.0, "Data_Instalacio": "08/06/2017", "Data_DesInstalacio": "11/04/2018", "Font": "OCI", "nearest_node": 13197779092, "street_centrality": 0.00401283195597939 }, "geometry": { "type": "Point", "coordinates": [ 2.182772, 41.384925 ] } },
{ "type": "Feature", "properties": { "Id_Instal": 2489, "Codi_Carrer": 208001, "Tipus_Via": "C", "Nom_Carrer": "Torrent de l'Olla", "Num_Carrer": "218", "Codi_Barri": 31, "Nom_Barri": "la Vila de Gràcia", "Codi_Districte": 6, "Nom_Districte": "Gràcia", "Latitud": 41.406216, "Longitud": 2.152848, "ETRS89_X": 429192.067, "ETRS89_Y": 4584198.701, "Data_Instalacio": "21/06/2017", "Data_DesInstalacio": "03/08/2017", "Font": "OCI", "nearest_node": 30960868, "street_centrality": 0.011212854285971583 }, "geometry": { "type": "Point", "coordinates": [ 2.152848, 41.406216 ] } },
{ "type": "Feature", "properties": { "Id_Instal": 2508, "Codi_Carrer": 346800, "Tipus_Via": "Rbla", "Nom_Carrer": "Poblenou", "Num_Carrer": "44", "Codi_Barri": 68, "Nom_Barri": "el Poblenou", "Codi_Districte": 10, "Nom_Districte": "Sant Martí", "Latitud": 41.400018, "Longitud": 2.202882, "ETRS89_X": 433367.828, "ETRS89_Y": 4583470.992, "Data_Instalacio": "27/06/2017", "Data_DesInstalacio": null, "Font": "OCI", "nearest_node": 2473393781, "street_centrality": 0.00017278252601482088 }, "geometry": { "type": "Point", "coordinates": [ 2.202882, 41.400018 ] } },
{ "type": "Feature", "properties": { "Id_Instal": 2526, "Codi_Carrer": 181200, "Tipus_Via": "C", "Nom_Carrer": "Lucà", "Num_Carrer": "18", "Codi_Barri": 27, "Nom_Barri": "el Putxet i el Farró", "Codi_Districte": 5, "Nom_Districte": "Sarrià-Sant Gervasi", "Latitud": 41.41126, "Longitud": 2.138516, "ETRS89_X": 427999.709, "ETRS89_Y": 4584770.508, "Data_Instalacio": "14/06/2017", "Data_DesInstalacio": "25/05/2022", "Font": "TRÀNSIT", "nearest_node": 8253104587, "street_centrality": 0.013476474219625036 }, "geometry": { "type": "Point", "coordinates": [ 2.138516, 41.41126 ] } },
{ "type": "Feature", "properties": { "Id_Instal": 2547, "Codi_Carrer": 348408, "Tipus_Via": "C", "Nom_Carrer": "Tuset", "Num_Carrer": "13", "Codi_Barri": 26, "Nom_Barri": "Galvany", "Codi_Districte": 5, "Nom_Districte": "Sarrià-Sant Gervasi", "Latitud": 41.396035, "Longitud": 2.151733, "ETRS89_X": 429087.879, "ETRS89_Y": 4583069.384, "Data_Instalacio": "06/07/2017", "Data_DesInstalacio": "07/06/2022", "Font": "OCI", "nearest_node": 30556617, "street_centrality": 0.0031432912305953569 }, "geometry": { "type": "Point", "coordinates": [ 2.151733, 41.396035 ] } },
{ "type": "Feature", "properties": { "Id_Instal": 2548, "Codi_Carrer": 112208, "Tipus_Via": "C", "Nom_Carrer": "Escudellers", "Num_Carrer": "34", "Codi_Barri": 2, "Nom_Barri": "el Barri Gòtic", "Codi_Districte": 1, "Nom_Districte": "Ciutat Vella", "Latitud": 41.380128, "Longitud": 2.176933, "ETRS89_X": 431177.722, "ETRS89_Y": 4581283.046, "Data_Instalacio": "06/07/2017", "Data_DesInstalacio": "28/09/2023", "Font": "OCI", "nearest_node": 30243946, "street_centrality": 0.0016152633539496283 }, "geometry": { "type": "Point", "coordinates": [ 2.176933, 41.380128 ] } },
{ "type": "Feature", "properties": { "Id_Instal": 2549, "Codi_Carrer": 296508, "Tipus_Via": "Rda", "Nom_Carrer": "Sant Antoni", "Num_Carrer": "59", "Codi_Barri": 10, "Nom_Barri": "Sant Antoni", "Codi_Districte": 2, "Nom_Districte": "L'Eixample", "Latitud": 41.384606, "Longitud": 2.163802, "ETRS89_X": 430084.516, "ETRS89_Y": 4581790.72, "Data_Instalacio": "05/07/2017", "Data_DesInstalacio": "28/11/2019", "Font": "SUPERILLA", "nearest_node": 112426103, "street_centrality": 0.014245834848492331 }, "geometry": { "type": "Point", "coordinates": [ 2.163802, 41.384606 ] } },
{ "type": "Feature", "properties": { "Id_Instal": 2586, "Codi_Carrer": 198509, "Tipus_Via": "Av", "Nom_Carrer": "Marquès de Castellbell", "Num_Carrer": "21", "Codi_Barri": 42, "Nom_Barri": "la Clota", "Codi_Districte": 7, "Nom_Districte": "Horta-Guinardó", "Latitud": 41.429071, "Longitud": 2.155578, "ETRS89_X": 429445.07, "ETRS89_Y": 4586733.868, "Data_Instalacio": "02/08/2017", "Data_DesInstalacio": "24/01/2018", "Font": "TRÀNSIT", "nearest_node": 8463439353, "street_centrality": 0.0 }, "geometry": { "type": "Point", "coordinates": [ 2.155578, 41.429071 ] } },
{ "type": "Feature", "properties": { "Id_Instal": 2587, "Codi_Carrer": 344101, "Tipus_Via": "Trav", "Nom_Carrer": "Gràcia", "Num_Carrer": "79", "Codi_Barri": 26, "Nom_Barri": "Galvany", "Codi_Districte": 5, "Nom_Districte": "Sarrià-Sant Gervasi", "Latitud": 41.397107, "Longitud": 2.151024, "ETRS89_X": 429029.735, "ETRS89_Y": 4583188.935, "Data_Instalacio": "02/08/2017", "Data_DesInstalacio": "15/11/2017", "Font": "OCI", "nearest_node": 364722133, "street_centrality": 0.020047838303498156 }, "geometry": { "type": "Point", "coordinates": [ 2.151024, 41.397107 ] } },
{ "type": "Feature", "properties": { "Id_Instal": 2588, "Codi_Carrer": 193108, "Tipus_Via": "Pg", "Nom_Carrer": "Manuel Girona", "Num_Carrer": "10", "Codi_Barri": 21, "Nom_Barri": "Pedralbes", "Codi_Districte": 4, "Nom_Districte": "Les Corts", "Latitud": 41.389896, "Longitud": 2.120558, "ETRS89_X": 426474.748, "ETRS89_Y": 4582413.78, "Data_Instalacio": "02/08/2017", "Data_DesInstalacio": "15/11/2017", "Font": "TRÀNSIT", "nearest_node": 359236960, "street_centrality": 0.0081809993425128215 }, "geometry": { "type": "Point", "coordinates": [ 2.120558, 41.389896 ] } },
{ "type": "Feature", "properties": { "Id_Instal": 2589, "Codi_Carrer": 130403, "Tipus_Via": "C", "Nom_Carrer": "Fontanella", "Num_Carrer": "4", "Codi_Barri": 2, "Nom_Barri": "el Barri Gòtic", "Codi_Districte": 1, "Nom_Districte": "Ciutat Vella", "Latitud": 41.387314, "Longitud": 2.171858, "ETRS89_X": 430761.014, "ETRS89_Y": 4582084.943, "Data_Instalacio": "02/08/2017", "Data_DesInstalacio": "11/10/2017", "Font": "TRÀNSIT", "nearest_node": 216350784, "street_centrality": 0.027478049731666447 }, "geometry": { "type": "Point", "coordinates": [ 2.171858, 41.387314 ] } },
{ "type": "Feature", "properties": { "Id_Instal": 2590, "Codi_Carrer": 191204, "Tipus_Via": "C", "Nom_Carrer": "Mallorca", "Num_Carrer": "75", "Codi_Barri": 9, "Nom_Barri": "la Nova Esquerra de l'Eixample", "Codi_Districte": 2, "Nom_Districte": "L'Eixample", "Latitud": 41.384638, "Longitud": 2.150265, "ETRS89_X": 428952.731, "ETRS89_Y": 4581805.351, "Data_Instalacio": "02/08/2017", "Data_DesInstalacio": "22/12/2017", "Font": "OBRES", "nearest_node": 30243362, "street_centrality": 0.0092790407374799735 }, "geometry": { "type": "Point", "coordinates": [ 2.150265, 41.384638 ] } },
{ "type": "Feature", "properties": { "Id_Instal": 2591, "Codi_Carrer": 209900, "Tipus_Via": "Av", "Nom_Carrer": "Meridiana", "Num_Carrer": "274", "Codi_Barri": 61, "Nom_Barri": "la Sagrera", "Codi_Districte": 9, "Nom_Districte": "Sant Andreu", "Latitud": 41.420539, "Longitud": 2.187096, "ETRS89_X": 432069.62, "ETRS89_Y": 4585761.407, "Data_Instalacio": "03/08/2017", "Data_DesInstalacio": "08/11/2017", "Font": "TRÀNSIT", "nearest_node": 2293731665, "street_centrality": 0.020867851790154816 }, "geometry": { "type": "Point", "coordinates": [ 2.187096, 41.420539 ] } },
{ "type": "Feature", "properties": { "Id_Instal": 2592, "Codi_Carrer": 241200, "Tipus_Via": "C", "Nom_Carrer": "Palamós", "Num_Carrer": "85", "Codi_Barri": 53, "Nom_Barri": "la Trinitat Nova", "Codi_Districte": 8, "Nom_Districte": "Nou Barris", "Latitud": 41.45288, "Longitud": 2.187212, "ETRS89_X": 432113.008, "ETRS89_Y": 4589351.826, "Data_Instalacio": "03/08/2017", "Data_DesInstalacio": "24/01/2018", "Font": "TRÀNSIT", "nearest_node": 9445929962, "street_centrality": 0.015411976196709625 }, "geometry": { "type": "Point", "coordinates": [ 2.187212, 41.45288 ] } },
{ "type": "Feature", "properties": { "Id_Instal": 2593, "Codi_Carrer": 23709, "Tipus_Via": "C", "Nom_Carrer": "Arítjols", "Num_Carrer": "27", "Codi_Barri": 52, "Nom_Barri": "la Prosperitat", "Codi_Districte": 8, "Nom_Districte": "Nou Barris", "Latitud": 41.44251, "Longitud": 2.1823, "ETRS89_X": 431691.89, "ETRS89_Y": 4588204.411, "Data_Instalacio": "03/08/2017", "Data_DesInstalacio": "24/01/2018", "Font": "TRÀNSIT", "nearest_node": 30296144, "street_centrality": 0.0022957000769200466 }, "geometry": { "type": "Point", "coordinates": [ 2.1823, 41.44251 ] } },
{ "type": "Feature", "properties": { "Id_Instal": 2594, "Codi_Carrer": 127205, "Tipus_Via": "C", "Nom_Carrer": "Flor de Neu", "Num_Carrer": "57", "Codi_Barri": 52, "Nom_Barri": "la Prosperitat", "Codi_Districte": 8, "Nom_Districte": "Nou Barris", "Latitud": 41.445022, "Longitud": 2.183468, "ETRS89_X": 431792.082, "ETRS89_Y": 4588482.43, "Data_Instalacio": "03/08/2017", "Data_DesInstalacio": "25/01/2018", "Font": "TRÀNSIT", "nearest_node": 30296151, "street_centrality": 0.0011543223480664417 }, "geometry": { "type": "Point", "coordinates": [ 2.183468, 41.445022 ] } },
{ "type": "Feature", "properties": { "Id_Instal": 2595, "Codi_Carrer": 156509, "Tipus_Via": "C", "Nom_Carrer": "Hondures", "Num_Carrer": "41", "Codi_Barri": 61, "Nom_Barri": "la Sagrera", "Codi_Districte": 9, "Nom_Districte": "Sant Andreu", "Latitud": 41.420688, "Longitud": 2.188674, "ETRS89_X": 432201.636, "ETRS89_Y": 4585776.706, "Data_Instalacio": "03/08/2017", "Data_DesInstalacio": "09/10/2017", "Font": "TRÀNSIT", "nearest_node": 1873048563, "street_centrality": 0.0026767221294022414 }, "geometry": { "type": "Point", "coordinates": [ 2.188674, 41.420688 ] } },
{ "type": "Feature", "properties": { "Id_Instal": 2596, "Codi_Carrer": 322007, "Tipus_Via": "C", "Nom_Carrer": "Segre", "Num_Carrer": "123", "Codi_Barri": 60, "Nom_Barri": "Sant Andreu", "Codi_Districte": 9, "Nom_Districte": "Sant Andreu", "Latitud": 41.430954, "Longitud": 2.194811, "ETRS89_X": 432725.08, "ETRS89_Y": 4586911.725, "Data_Instalacio": "03/08/2017", "Data_DesInstalacio": "07/09/2017", "Font": "TRÀNSIT", "nearest_node": 769906819, "street_centrality": 0.01577217429654508 }, "geometry": { "type": "Point", "coordinates": [ 2.194811, 41.430954 ] } },
{ "type": "Feature", "properties": { "Id_Instal": 2597, "Codi_Carrer": 266405, "Tipus_Via": "Rbla", "Nom_Carrer": "Prim", "Num_Carrer": "19", "Codi_Barri": 70, "Nom_Barri": "el Besòs i el Maresme", "Codi_Districte": 10, "Nom_Districte": "Sant Martí", "Latitud": 41.411656, "Longitud": 2.218416, "ETRS89_X": 434678.029, "ETRS89_Y": 4584751.178, "Data_Instalacio": "03/08/2017", "Data_DesInstalacio": "18/07/2018", "Font": "OCI", "nearest_node": 1297470708, "street_centrality": 0.00080144077213389225 }, "geometry": { "type": "Point", "coordinates": [ 2.218416, 41.411656 ] } },
{ "type": "Feature", "properties": { "Id_Instal": 2626, "Codi_Carrer": 237600, "Tipus_Via": "C", "Nom_Carrer": "Pau Alcover", "Num_Carrer": "41", "Codi_Barri": 24, "Nom_Barri": "les Tres Torres", "Codi_Districte": 5, "Nom_Districte": "Sarrià-Sant Gervasi", "Latitud": 41.400335, "Longitud": 2.128454, "ETRS89_X": 427146.605, "ETRS89_Y": 4583566.066, "Data_Instalacio": "02/08/2017", "Data_DesInstalacio": "24/01/2018", "Font": "TRÀNSIT", "nearest_node": 535228353, "street_centrality": 0.00037257990951730104 }, "geometry": { "type": "Point", "coordinates": [ 2.128454, 41.400335 ] } },
{ "type": "Feature", "properties": { "Id_Instal": 2646, "Codi_Carrer": 30307, "Tipus_Via": "Pl", "Nom_Carrer": "Bacardí", "Num_Carrer": "2", "Codi_Barri": 43, "Nom_Barri": "Horta", "Codi_Districte": 7, "Nom_Districte": "Horta-Guinardó", "Latitud": 41.429704, "Longitud": 2.163648, "ETRS89_X": 430119.968, "ETRS89_Y": 4586797.592, "Data_Instalacio": "13/09/2017", "Data_DesInstalacio": "11/10/2017", "Font": "TRÀNSIT", "nearest_node": 616880477, "street_centrality": 0.009950472507954505 }, "geometry": { "type": "Point", "coordinates": [ 2.163648, 41.429704 ] } },
{ "type": "Feature", "properties": { "Id_Instal": 2706, "Codi_Carrer": 701753, "Tipus_Via": "Jard", "Nom_Carrer": "Ramon Aramon i Serra", "Num_Carrer": "2", "Codi_Barri": 15, "Nom_Barri": "Hostafrancs", "Codi_Districte": 3, "Nom_Districte": "Sants-Montjuïc", "Latitud": 41.374615, "Longitud": 2.146871, "ETRS89_X": 428657.952, "ETRS89_Y": 4580695.36, "Data_Instalacio": "11/10/2017", "Data_DesInstalacio": "01/03/2018", "Font": "OCI", "nearest_node": 178526454, "street_centrality": 0.00014126519227921836 }, "geometry": { "type": "Point", "coordinates": [ 2.146871, 41.374615 ] } },
{ "type": "Feature", "properties": { "Id_Instal": 2707, "Codi_Carrer": 30307, "Tipus_Via": "Pl", "Nom_Carrer": "Bacardí", "Num_Carrer": "2", "Codi_Barri": 43, "Nom_Barri": "Horta", "Codi_Districte": 7, "Nom_Districte": "Horta-Guinardó", "Latitud": 41.429704, "Longitud": 2.163648, "ETRS89_X": 430119.968, "ETRS89_Y": 4586797.592, "Data_Instalacio": "12/10/2017", "Data_DesInstalacio": "21/03/2018", "Font": "TRÀNSIT", "nearest_node": 616880477, "street_centrality": 0.009950472507954505 }, "geometry": { "type": "Point", "coordinates": [ 2.163648, 41.429704 ] } },
{ "type": "Feature", "properties": { "Id_Instal": 2726, "Codi_Carrer": 158901, "Tipus_Via": "Pl", "Nom_Carrer": "Osca", "Num_Carrer": "2", "Codi_Barri": 18, "Nom_Barri": "Sants", "Codi_Districte": 3, "Nom_Districte": "Sants-Montjuïc", "Latitud": 41.376198, "Longitud": 2.138527, "ETRS89_X": 427962.0, "ETRS89_Y": 4580878.0, "Data_Instalacio": "26/10/2017", "Data_DesInstalacio": "14/12/2017", "Font": "OCI", "nearest_node": 30294200, "street_centrality": 0.00011143628713659457 }, "geometry": { "type": "Point", "coordinates": [ 2.138527, 41.376198 ] } },
{ "type": "Feature", "properties": { "Id_Instal": 2746, "Codi_Carrer": 50905, "Tipus_Via": "C", "Nom_Carrer": "Ventura Plaja", "Num_Carrer": "28", "Codi_Barri": 17, "Nom_Barri": "Badal", "Codi_Districte": 3, "Nom_Districte": "Sants-Montjuïc", "Latitud": 41.374656, "Longitud": 2.126152, "ETRS89_X": 426925.407, "ETRS89_Y": 4580717.121, "Data_Instalacio": "08/11/2017", "Data_DesInstalacio": "04/12/2017", "Font": "OCI", "nearest_node": 30314648, "street_centrality": 0.0039661187649069791 }, "geometry": { "type": "Point", "coordinates": [ 2.126152, 41.374656 ] } },
{ "type": "Feature", "properties": { "Id_Instal": 2766, "Codi_Carrer": 161101, "Tipus_Via": "C", "Nom_Carrer": "Independència", "Num_Carrer": "349", "Codi_Barri": 64, "Nom_Barri": "el Camp de l'Arpa del Clot", "Codi_Districte": 10, "Nom_Districte": "Sant Martí", "Latitud": 41.410734, "Longitud": 2.17935, "ETRS89_X": 431412.0, "ETRS89_Y": 4584679.0, "Data_Instalacio": "08/11/2017", "Data_DesInstalacio": "19/12/2017", "Font": "TRÀNSIT", "nearest_node": 1860575765, "street_centrality": 0.025920755759409088 }, "geometry": { "type": "Point", "coordinates": [ 2.17935, 41.410734 ] } },
{ "type": "Feature", "properties": { "Id_Instal": 2786, "Codi_Carrer": 325107, "Tipus_Via": "C", "Nom_Carrer": "Trelawny", "Num_Carrer": "2", "Codi_Barri": 3, "Nom_Barri": "la Barceloneta", "Codi_Districte": 1, "Nom_Districte": "Ciutat Vella", "Latitud": 41.384941, "Longitud": 2.195578, "ETRS89_X": 432741.722, "ETRS89_Y": 4581802.828, "Data_Instalacio": "08/11/2017", "Data_DesInstalacio": "02/05/2018", "Font": "OCI", "nearest_node": 30312391, "street_centrality": 0.0034168166626579073 }, "geometry": { "type": "Point", "coordinates": [ 2.195578, 41.384941 ] } },
{ "type": "Feature", "properties": { "Id_Instal": 2806, "Codi_Carrer": 32700, "Tipus_Via": "C", "Nom_Carrer": "Balmes", "Num_Carrer": "417", "Codi_Barri": 25, "Nom_Barri": "la Bonanova", "Codi_Districte": 5, "Nom_Districte": "Sarrià-Sant Gervasi", "Latitud": 41.407806, "Longitud": 2.138004, "ETRS89_X": 427953.132, "ETRS89_Y": 4584387.543, "Data_Instalacio": "15/11/2017", "Data_DesInstalacio": "12/12/2017", "Font": "TRÀNSIT", "nearest_node": 30294856, "street_centrality": 0.041201597335397369 }, "geometry": { "type": "Point", "coordinates": [ 2.138004, 41.407806 ] } },
{ "type": "Feature", "properties": { "Id_Instal": 2808, "Codi_Carrer": 278200, "Tipus_Via": "Av", "Nom_Carrer": "Reina Maria Cristina", "Num_Carrer": "8", "Codi_Barri": 11, "Nom_Barri": "el Poble Sec", "Codi_Districte": 3, "Nom_Districte": "Sants-Montjuïc", "Latitud": 41.371794, "Longitud": 2.150782, "ETRS89_X": 428982.0, "ETRS89_Y": 4580379.0, "Data_Instalacio": "17/11/2017", "Data_DesInstalacio": "06/08/2019", "Font": "OCI", "nearest_node": 178503437, "street_centrality": 0.010206550844556276 }, "geometry": { "type": "Point", "coordinates": [ 2.150782, 41.371794 ] } },
{ "type": "Feature", "properties": { "Id_Instal": 2826, "Codi_Carrer": 169409, "Tipus_Via": "G.V.", "Nom_Carrer": "Corts Catalanes", "Num_Carrer": "120", "Codi_Barri": 13, "Nom_Barri": "la Marina de Port", "Codi_Districte": 3, "Nom_Districte": "Sants-Montjuïc", "Latitud": 41.363549, "Longitud": 2.134546, "ETRS89_X": 427615.0, "ETRS89_Y": 4579477.0, "Data_Instalacio": "01/12/2017", "Data_DesInstalacio": "22/02/2018", "Font": "TRÀNSIT", "nearest_node": 938093330, "street_centrality": 0.0018077442135492007 }, "geometry": { "type": "Point", "coordinates": [ 2.134546, 41.363549 ] } },
{ "type": "Feature", "properties": { "Id_Instal": 2846, "Codi_Carrer": 366400, "Tipus_Via": "Pl", "Nom_Carrer": "Virreina", "Num_Carrer": "91", "Codi_Barri": 31, "Nom_Barri": "la Vila de Gràcia", "Codi_Districte": 6, "Nom_Districte": "Gràcia", "Latitud": 41.405085, "Longitud": 2.157202, "ETRS89_X": 429554.781, "ETRS89_Y": 4584069.67, "Data_Instalacio": "14/12/2017", "Data_DesInstalacio": "18/01/2018", "Font": "OCI", "nearest_node": 567448762, "street_centrality": 0.00024482214598191233 }, "geometry": { "type": "Point", "coordinates": [ 2.157202, 41.405085 ] } },
{ "type": "Feature", "properties": { "Id_Instal": 2886, "Codi_Carrer": 213908, "Tipus_Via": "Av", "Nom_Carrer": "Mistral", "Num_Carrer": "29", "Codi_Barri": 10, "Nom_Barri": "Sant Antoni", "Codi_Districte": 2, "Nom_Districte": "L'Eixample", "Latitud": 41.37678, "Longitud": 2.157351, "ETRS89_X": 429536.744, "ETRS89_Y": 4580927.142, "Data_Instalacio": "20/12/2017", "Data_DesInstalacio": null, "Font": "OCI", "nearest_node": 30243888, "street_centrality": 0.0029603781330226637 }, "geometry": { "type": "Point", "coordinates": [ 2.157351, 41.37678 ] } },
{ "type": "Feature", "properties": { "Id_Instal": 2906, "Codi_Carrer": 223606, "Tipus_Via": "C", "Nom_Carrer": "Muntaner", "Num_Carrer": "54", "Codi_Barri": 8, "Nom_Barri": "l'Antiga Esquerra de l'Eixample", "Codi_Districte": 2, "Nom_Districte": "L'Eixample", "Latitud": 41.386508, "Longitud": 2.159824, "ETRS89_X": 429753.97, "ETRS89_Y": 4582005.105, "Data_Instalacio": "20/12/2017", "Data_DesInstalacio": "17/04/2018", "Font": "OCI", "nearest_node": 10181609597, "street_centrality": 0.011365938478401652 }, "geometry": { "type": "Point", "coordinates": [ 2.159824, 41.386508 ] } },
{ "type": "Feature", "properties": { "Id_Instal": 2907, "Codi_Carrer": 246000, "Tipus_Via": "C", "Nom_Carrer": "Parlament", "Num_Carrer": "25", "Codi_Barri": 10, "Nom_Barri": "Sant Antoni", "Codi_Districte": 2, "Nom_Districte": "L'Eixample", "Latitud": 41.376425, "Longitud": 2.162425, "ETRS89_X": 429960.622, "ETRS89_Y": 4580883.642, "Data_Instalacio": "20/12/2017", "Data_DesInstalacio": "24/01/2018", "Font": "OCI", "nearest_node": 30246669, "street_centrality": 0.006607383893856668 }, "geometry": { "type": "Point", "coordinates": [ 2.162425, 41.376425 ] } },
{ "type": "Feature", "properties": { "Id_Instal": 2908, "Codi_Carrer": 110304, "Tipus_Via": "C", "Nom_Carrer": "Enric Granados", "Num_Carrer": "30", "Codi_Barri": 8, "Nom_Barri": "l'Antiga Esquerra de l'Eixample", "Codi_Districte": 2, "Nom_Districte": "L'Eixample", "Latitud": 41.390262, "Longitud": 2.159182, "ETRS89_X": 429704.312, "ETRS89_Y": 4582422.348, "Data_Instalacio": "20/12/2017", "Data_DesInstalacio": "17/07/2018", "Font": "OCI", "nearest_node": 30243322, "street_centrality": 0.036026000888386638 }, "geometry": { "type": "Point", "coordinates": [ 2.159182, 41.390262 ] } },
{ "type": "Feature", "properties": { "Id_Instal": 2909, "Codi_Carrer": 213908, "Tipus_Via": "Av", "Nom_Carrer": "Mistral", "Num_Carrer": "52", "Codi_Barri": 10, "Nom_Barri": "Sant Antoni", "Codi_Districte": 2, "Nom_Districte": "L'Eixample", "Latitud": 41.376092, "Longitud": 2.154296, "ETRS89_X": 429280.499, "ETRS89_Y": 4580853.22, "Data_Instalacio": "21/12/2017", "Data_DesInstalacio": "17/04/2018", "Font": "OCI", "nearest_node": 2828177967, "street_centrality": 0.00013732552556226804 }, "geometry": { "type": "Point", "coordinates": [ 2.154296, 41.376092 ] } },
{ "type": "Feature", "properties": { "Id_Instal": 2946, "Codi_Carrer": 158901, "Tipus_Via": "Pl", "Nom_Carrer": "Osca", "Num_Carrer": "2", "Codi_Barri": 18, "Nom_Barri": "Sants", "Codi_Districte": 3, "Nom_Districte": "Sants-Montjuïc", "Latitud": 41.376198, "Longitud": 2.138527, "ETRS89_X": 427962.0, "ETRS89_Y": 4580878.0, "Data_Instalacio": "24/01/2018", "Data_DesInstalacio": "10/01/2019", "Font": "SUPERILLA", "nearest_node": 30294200, "street_centrality": 0.00011143628713659457 }, "geometry": { "type": "Point", "coordinates": [ 2.138527, 41.376198 ] } },
{ "type": "Feature", "properties": { "Id_Instal": 2948, "Codi_Carrer": 246000, "Tipus_Via": "C", "Nom_Carrer": "Parlament", "Num_Carrer": "25", "Codi_Barri": 10, "Nom_Barri": "Sant Antoni", "Codi_Districte": 2, "Nom_Districte": "L'Eixample", "Latitud": 41.376425, "Longitud": 2.162425, "ETRS89_X": 429960.622, "ETRS89_Y": 4580883.642, "Data_Instalacio": "24/01/2018", "Data_DesInstalacio": "01/06/2018", "Font": "OCI", "nearest_node": 30246669, "street_centrality": 0.006607383893856668 }, "geometry": { "type": "Point", "coordinates": [ 2.162425, 41.376425 ] } },
{ "type": "Feature", "properties": { "Id_Instal": 2966, "Codi_Carrer": 21306, "Tipus_Via": "C", "Nom_Carrer": "Arc del Teatre", "Num_Carrer": "5", "Codi_Barri": 1, "Nom_Barri": "el Raval", "Codi_Districte": 1, "Nom_Districte": "Ciutat Vella", "Latitud": 41.378242, "Longitud": 2.175112, "ETRS89_X": 431023.452, "ETRS89_Y": 4581075.134, "Data_Instalacio": "25/01/2018", "Data_DesInstalacio": "02/03/2018", "Font": "OCI", "nearest_node": 1400747727, "street_centrality": 0.0075011254290733957 }, "geometry": { "type": "Point", "coordinates": [ 2.175112, 41.378242 ] } },
{ "type": "Feature", "properties": { "Id_Instal": 2967, "Codi_Carrer": 112208, "Tipus_Via": "C", "Nom_Carrer": "Escudellers", "Num_Carrer": "48", "Codi_Barri": 2, "Nom_Barri": "el Barri Gòtic", "Codi_Districte": 1, "Nom_Districte": "Ciutat Vella", "Latitud": 41.38039, "Longitud": 2.177537, "ETRS89_X": 431228.473, "ETRS89_Y": 4581311.696, "Data_Instalacio": "25/01/2018", "Data_DesInstalacio": "13/11/2019", "Font": "OCI", "nearest_node": 30243952, "street_centrality": 0.0034657810918542896 }, "geometry": { "type": "Point", "coordinates": [ 2.177537, 41.38039 ] } },
{ "type": "Feature", "properties": { "Id_Instal": 2986, "Codi_Carrer": 11200, "Tipus_Via": "C", "Nom_Carrer": "Pamplona", "Num_Carrer": "103", "Codi_Barri": 66, "Nom_Barri": "el Parc i la Llacuna del Poblenou", "Codi_Districte": 10, "Nom_Districte": "Sant Martí", "Latitud": 41.397383, "Longitud": 2.190215, "ETRS89_X": 432306.225, "ETRS89_Y": 4583188.274, "Data_Instalacio": "31/01/2018", "Data_DesInstalacio": "13/11/2020", "Font": "OCI", "nearest_node": 30689522, "street_centrality": 0.0040893740521944248 }, "geometry": { "type": "Point", "coordinates": [ 2.190215, 41.397383 ] } },
{ "type": "Feature", "properties": { "Id_Instal": 3006, "Codi_Carrer": 72602, "Tipus_Via": "C", "Nom_Carrer": "Castelldefels", "Num_Carrer": "79", "Codi_Barri": 54, "Nom_Barri": "Torre Baró", "Codi_Districte": 8, "Nom_Districte": "Nou Barris", "Latitud": 41.454842, "Longitud": 2.17765, "ETRS89_X": 431316.398, "ETRS89_Y": 4589577.233, "Data_Instalacio": "31/01/2018", "Data_DesInstalacio": "22/03/2018", "Font": "TRÀNSIT", "nearest_node": 947196731, "street_centrality": 0.0003680774332693578 }, "geometry": { "type": "Point", "coordinates": [ 2.17765, 41.454842 ] } },
{ "type": "Feature", "properties": { "Id_Instal": 3007, "Codi_Carrer": 22615, "Tipus_Via": "C", "Nom_Carrer": "Castell d'Argençola", "Num_Carrer": "51", "Codi_Barri": 54, "Nom_Barri": "Torre Baró", "Codi_Districte": 8, "Nom_Districte": "Nou Barris", "Latitud": 41.454591, "Longitud": 2.174907, "ETRS89_X": 431087.032, "ETRS89_Y": 4589551.492, "Data_Instalacio": "31/01/2018", "Data_DesInstalacio": "22/03/2018", "Font": "TRÀNSIT", "nearest_node": 904491774, "street_centrality": 0.0010850967757543148 }, "geometry": { "type": "Point", "coordinates": [ 2.174907, 41.454591 ] } },
{ "type": "Feature", "properties": { "Id_Instal": 3026, "Codi_Carrer": 284804, "Tipus_Via": "C", "Nom_Carrer": "Robador", "Num_Carrer": "31", "Codi_Barri": 1, "Nom_Barri": "el Raval", "Codi_Districte": 1, "Nom_Districte": "Ciutat Vella", "Latitud": 41.379396, "Longitud": 2.170909, "ETRS89_X": 430673.242, "ETRS89_Y": 4581206.666, "Data_Instalacio": "31/01/2018", "Data_DesInstalacio": "03/06/2020", "Font": "OCI", "nearest_node": 30884353, "street_centrality": 0.0 }, "geometry": { "type": "Point", "coordinates": [ 2.170909, 41.379396 ] } },
{ "type": "Feature", "properties": { "Id_Instal": 3027, "Codi_Carrer": 167709, "Tipus_Via": "C", "Nom_Carrer": "Joaquín Costa", "Num_Carrer": "33", "Codi_Barri": 1, "Nom_Barri": "el Raval", "Codi_Districte": 1, "Nom_Districte": "Ciutat Vella", "Latitud": 41.382336, "Longitud": 2.165958, "ETRS89_X": 430262.387, "ETRS89_Y": 4581537.016, "Data_Instalacio": "31/01/2018", "Data_DesInstalacio": null, "Font": "OCI", "nearest_node": 30227196, "street_centrality": 0.00094214315488211765 }, "geometry": { "type": "Point", "coordinates": [ 2.165958, 41.382336 ] } },
{ "type": "Feature", "properties": { "Id_Instal": 3046, "Codi_Carrer": 43400, "Tipus_Via": "C", "Nom_Carrer": "Blai", "Num_Carrer": "41", "Codi_Barri": 11, "Nom_Barri": "el Poble Sec", "Codi_Districte": 3, "Nom_Districte": "Sants-Montjuïc", "Latitud": 41.374055, "Longitud": 2.163579, "ETRS89_X": 430054.558, "ETRS89_Y": 4580619.516, "Data_Instalacio": "22/02/2018", "Data_DesInstalacio": "02/03/2018", "Font": "OCI", "nearest_node": 4834501650, "street_centrality": 0.011524087956610658 }, "geometry": { "type": "Point", "coordinates": [ 2.163579, 41.374055 ] } },
{ "type": "Feature", "properties": { "Id_Instal": 3066, "Codi_Carrer": 249304, "Tipus_Via": "C", "Nom_Carrer": "Pere IV", "Num_Carrer": "162", "Codi_Barri": 68, "Nom_Barri": "el Poblenou", "Codi_Districte": 10, "Nom_Districte": "Sant Martí", "Latitud": 41.401749, "Longitud": 2.196942, "ETRS89_X": 432873.03, "ETRS89_Y": 4583667.715, "Data_Instalacio": "22/02/2018", "Data_DesInstalacio": null, "Font": "TRÀNSIT", "nearest_node": 2238485654, "street_centrality": 0.0068471407540596435 }, "geometry": { "type": "Point", "coordinates": [ 2.196942, 41.401749 ] } },
{ "type": "Feature", "properties": { "Id_Instal": 3067, "Codi_Carrer": 73707, "Tipus_Via": "C", "Nom_Carrer": "Castella", "Num_Carrer": "1", "Codi_Barri": 68, "Nom_Barri": "el Poblenou", "Codi_Districte": 10, "Nom_Districte": "Sant Martí", "Latitud": 41.404479, "Longitud": 2.198932, "ETRS89_X": 433042.194, "ETRS89_Y": 4583969.259, "Data_Instalacio": "22/02/2018", "Data_DesInstalacio": null, "Font": "TRÀNSIT", "nearest_node": 4237804314, "street_centrality": 0.0030594326104774147 }, "geometry": { "type": "Point", "coordinates": [ 2.198932, 41.404479 ] } },
{ "type": "Feature", "properties": { "Id_Instal": 3068, "Codi_Carrer": 249304, "Tipus_Via": "C", "Nom_Carrer": "Pere IV", "Num_Carrer": "252", "Codi_Barri": 68, "Nom_Barri": "el Poblenou", "Codi_Districte": 10, "Nom_Districte": "Sant Martí", "Latitud": 41.405056, "Longitud": 2.199642, "ETRS89_X": 433102.124, "ETRS89_Y": 4584032.739, "Data_Instalacio": "22/02/2018", "Data_DesInstalacio": "20/11/2020", "Font": "TRÀNSIT", "nearest_node": 4263046378, "street_centrality": 0.0080673118172522543 }, "geometry": { "type": "Point", "coordinates": [ 2.199642, 41.405056 ] } },
{ "type": "Feature", "properties": { "Id_Instal": 3086, "Codi_Carrer": 344000, "Tipus_Via": "Trav", "Nom_Carrer": "Dalt", "Num_Carrer": "13", "Codi_Barri": 30, "Nom_Barri": "la Salut", "Codi_Districte": 6, "Nom_Districte": "Gràcia", "Latitud": 41.408346, "Longitud": 2.151499, "ETRS89_X": 429081.67, "ETRS89_Y": 4584436.311, "Data_Instalacio": "01/03/2018", "Data_DesInstalacio": null, "Font": "TRÀNSIT", "nearest_node": 126763485, "street_centrality": 0.040331493800482336 }, "geometry": { "type": "Point", "coordinates": [ 2.151499, 41.408346 ] } },
{ "type": "Feature", "properties": { "Id_Instal": 3087, "Codi_Carrer": 344000, "Tipus_Via": "Trav", "Nom_Carrer": "Dalt", "Num_Carrer": "48", "Codi_Barri": 30, "Nom_Barri": "la Salut", "Codi_Districte": 6, "Nom_Districte": "Gràcia", "Latitud": 41.409236, "Longitud": 2.154578, "ETRS89_X": 429340.018, "ETRS89_Y": 4584532.597, "Data_Instalacio": "01/03/2018", "Data_DesInstalacio": null, "Font": "TRÀNSIT", "nearest_node": 2463014352, "street_centrality": 0.032066073028320582 }, "geometry": { "type": "Point", "coordinates": [ 2.154578, 41.409236 ] } },
{ "type": "Feature", "properties": { "Id_Instal": 3088, "Codi_Carrer": 344000, "Tipus_Via": "Trav", "Nom_Carrer": "Dalt", "Num_Carrer": "91", "Codi_Barri": 30, "Nom_Barri": "la Salut", "Codi_Districte": 6, "Nom_Districte": "Gràcia", "Latitud": 41.410915, "Longitud": 2.156909, "ETRS89_X": 429536.597, "ETRS89_Y": 4584717.158, "Data_Instalacio": "01/03/2018", "Data_DesInstalacio": "28/09/2021", "Font": "TRÀNSIT", "nearest_node": 30617355, "street_centrality": 0.039078679784492143 }, "geometry": { "type": "Point", "coordinates": [ 2.156909, 41.410915 ] } },
{ "type": "Feature", "properties": { "Id_Instal": 3106, "Codi_Carrer": 107900, "Tipus_Via": "C", "Nom_Carrer": "Eiximenis", "Num_Carrer": "21", "Codi_Barri": 60, "Nom_Barri": "Sant Andreu", "Codi_Districte": 9, "Nom_Districte": "Sant Andreu", "Latitud": 41.441298, "Longitud": 2.189414, "ETRS89_X": 432284.902, "ETRS89_Y": 4588064.237, "Data_Instalacio": "01/03/2018", "Data_DesInstalacio": null, "Font": "TRÀNSIT", "nearest_node": 1299427202, "street_centrality": 0.0011019810616841018 }, "geometry": { "type": "Point", "coordinates": [ 2.189414, 41.441298 ] } },
{ "type": "Feature", "properties": { "Id_Instal": 3107, "Codi_Carrer": 21306, "Tipus_Via": "C", "Nom_Carrer": "Arc del Teatre", "Num_Carrer": "5", "Codi_Barri": 1, "Nom_Barri": "el Raval", "Codi_Districte": 1, "Nom_Districte": "Ciutat Vella", "Latitud": 41.378242, "Longitud": 2.175112, "ETRS89_X": 431023.452, "ETRS89_Y": 4581075.134, "Data_Instalacio": "02/03/2018", "Data_DesInstalacio": "13/09/2018", "Font": "OCI", "nearest_node": 1400747727, "street_centrality": 0.0075011254290733957 }, "geometry": { "type": "Point", "coordinates": [ 2.175112, 41.378242 ] } },
{ "type": "Feature", "properties": { "Id_Instal": 3126, "Codi_Carrer": 43400, "Tipus_Via": "C", "Nom_Carrer": "Blai", "Num_Carrer": "41", "Codi_Barri": 11, "Nom_Barri": "el Poble Sec", "Codi_Districte": 3, "Nom_Districte": "Sants-Montjuïc", "Latitud": 41.374055, "Longitud": 2.163579, "ETRS89_X": 430054.558, "ETRS89_Y": 4580619.516, "Data_Instalacio": "02/03/2018", "Data_DesInstalacio": "19/11/2018", "Font": "OCI", "nearest_node": 4834501650, "street_centrality": 0.011524087956610658 }, "geometry": { "type": "Point", "coordinates": [ 2.163579, 41.374055 ] } },
{ "type": "Feature", "properties": { "Id_Instal": 3146, "Codi_Carrer": 23403, "Tipus_Via": "C", "Nom_Carrer": "Aribau", "Num_Carrer": "74", "Codi_Barri": 8, "Nom_Barri": "l'Antiga Esquerra de l'Eixample", "Codi_Districte": 2, "Nom_Districte": "L'Eixample", "Latitud": 41.389345, "Longitud": 2.158162, "ETRS89_X": 429618.112, "ETRS89_Y": 4582321.474, "Data_Instalacio": "08/03/2018", "Data_DesInstalacio": "17/07/2018", "Font": "OCI", "nearest_node": 30237642, "street_centrality": 0.018854682097793205 }, "geometry": { "type": "Point", "coordinates": [ 2.158162, 41.389345 ] } },
{ "type": "Feature", "properties": { "Id_Instal": 3186, "Codi_Carrer": 366400, "Tipus_Via": "Pl", "Nom_Carrer": "Virreina", "Num_Carrer": "91", "Codi_Barri": 31, "Nom_Barri": "la Vila de Gràcia", "Codi_Districte": 6, "Nom_Districte": "Gràcia", "Latitud": 41.405085, "Longitud": 2.157202, "ETRS89_X": 429554.781, "ETRS89_Y": 4584069.67, "Data_Instalacio": "21/03/2018", "Data_DesInstalacio": "09/04/2018", "Font": "OCI", "nearest_node": 567448762, "street_centrality": 0.00024482214598191233 }, "geometry": { "type": "Point", "coordinates": [ 2.157202, 41.405085 ] } },
{ "type": "Feature", "properties": { "Id_Instal": 3187, "Codi_Carrer": 184708, "Tipus_Via": "Ptge", "Nom_Carrer": "Llavallol", "Num_Carrer": "17", "Codi_Barri": 32, "Nom_Barri": "el Camp d'en Grassot i Gràcia Nova", "Codi_Districte": 6, "Nom_Districte": "Gràcia", "Latitud": 41.405397, "Longitud": 2.167532, "ETRS89_X": 430418.578, "ETRS89_Y": 4584095.897, "Data_Instalacio": "21/03/2018", "Data_DesInstalacio": "01/02/2019", "Font": "OCI", "nearest_node": 2579362585, "street_centrality": 0.010856033043322083 }, "geometry": { "type": "Point", "coordinates": [ 2.167532, 41.405397 ] } },
{ "type": "Feature", "properties": { "Id_Instal": 3206, "Codi_Carrer": 169409, "Tipus_Via": "G.V.", "Nom_Carrer": "Corts Catalanes", "Num_Carrer": "769", "Codi_Barri": 5, "Nom_Barri": "el Fort Pienc", "Codi_Districte": 2, "Nom_Districte": "L'Eixample", "Latitud": 41.402124, "Longitud": 2.184799, "ETRS89_X": 431858.456, "ETRS89_Y": 4583718.788, "Data_Instalacio": "21/03/2018", "Data_DesInstalacio": "28/09/2022", "Font": "TRÀNSIT", "nearest_node": 243339207, "street_centrality": 0.043663326223960318 }, "geometry": { "type": "Point", "coordinates": [ 2.184799, 41.402124 ] } },
{ "type": "Feature", "properties": { "Id_Instal": 3207, "Codi_Carrer": 86403, "Tipus_Via": "Pl", "Nom_Carrer": "Concòrdia", "Num_Carrer": "7", "Codi_Barri": 19, "Nom_Barri": "les Corts", "Codi_Districte": 4, "Nom_Districte": "Les Corts", "Latitud": 41.386486, "Longitud": 2.132121, "ETRS89_X": 427437.693, "ETRS89_Y": 4582025.479, "Data_Instalacio": "20/03/2018", "Data_DesInstalacio": "18/06/2018", "Font": "OCI", "nearest_node": 998615847, "street_centrality": 0.0 }, "geometry": { "type": "Point", "coordinates": [ 2.132121, 41.386486 ] } },
{ "type": "Feature", "properties": { "Id_Instal": 3208, "Codi_Carrer": 169409, "Tipus_Via": "G.V.", "Nom_Carrer": "Corts Catalanes", "Num_Carrer": "891", "Codi_Barri": 65, "Nom_Barri": "el Clot", "Codi_Districte": 10, "Nom_Districte": "Sant Martí", "Latitud": 41.408257, "Longitud": 2.192991, "ETRS89_X": 432549.552, "ETRS89_Y": 4584393.262, "Data_Instalacio": "22/03/2018", "Data_DesInstalacio": "11/01/2019", "Font": "OBRES", "nearest_node": 5906608846, "street_centrality": 0.0023666140778251521 }, "geometry": { "type": "Point", "coordinates": [ 2.192991, 41.408257 ] } },
{ "type": "Feature", "properties": { "Id_Instal": 3209, "Codi_Carrer": 169409, "Tipus_Via": "G.V.", "Nom_Carrer": "Corts Catalanes", "Num_Carrer": "875", "Codi_Barri": 65, "Nom_Barri": "el Clot", "Codi_Districte": 10, "Nom_Districte": "Sant Martí", "Latitud": 41.407874, "Longitud": 2.192481, "ETRS89_X": 432506.528, "ETRS89_Y": 4584351.18, "Data_Instalacio": "22/03/2018", "Data_DesInstalacio": "10/01/2019", "Font": "OBRES", "nearest_node": 559418989, "street_centrality": 0.0022551777906885577 }, "geometry": { "type": "Point", "coordinates": [ 2.192481, 41.407874 ] } },
{ "type": "Feature", "properties": { "Id_Instal": 3226, "Codi_Carrer": 169409, "Tipus_Via": "G.V.", "Nom_Carrer": "Corts Catalanes", "Num_Carrer": "755", "Codi_Barri": 5, "Nom_Barri": "el Fort Pienc", "Codi_Districte": 2, "Nom_Districte": "L'Eixample", "Latitud": 41.401284, "Longitud": 2.183707, "ETRS89_X": 431766.261, "ETRS89_Y": 4583626.412, "Data_Instalacio": "21/03/2018", "Data_DesInstalacio": "22/01/2019", "Font": "OBRES", "nearest_node": 9605043050, "street_centrality": 0.0049977486352169682 }, "geometry": { "type": "Point", "coordinates": [ 2.183707, 41.401284 ] } },
{ "type": "Feature", "properties": { "Id_Instal": 3247, "Codi_Carrer": 326303, "Tipus_Via": "C", "Nom_Carrer": "Sitges", "Num_Carrer": "5", "Codi_Barri": 1, "Nom_Barri": "el Raval", "Codi_Districte": 1, "Nom_Districte": "Ciutat Vella", "Latitud": 41.384378, "Longitud": 2.16967, "ETRS89_X": 430574.9, "ETRS89_Y": 4581760.703, "Data_Instalacio": "27/03/2018", "Data_DesInstalacio": "29/06/2018", "Font": "OCI", "nearest_node": 30884265, "street_centrality": 0.0 }, "geometry": { "type": "Point", "coordinates": [ 2.16967, 41.384378 ] } },
{ "type": "Feature", "properties": { "Id_Instal": 3306, "Codi_Carrer": 128106, "Tipus_Via": "C", "Nom_Carrer": "Fluvià", "Num_Carrer": "129", "Codi_Barri": 71, "Nom_Barri": "Provençals del Poblenou", "Codi_Districte": 10, "Nom_Districte": "Sant Martí", "Latitud": 41.410096, "Longitud": 2.203376, "ETRS89_X": 433419.443, "ETRS89_Y": 4584589.452, "Data_Instalacio": "04/05/2018", "Data_DesInstalacio": null, "Font": "TRÀNSIT", "nearest_node": 544223009, "street_centrality": 0.0085744032046768601 }, "geometry": { "type": "Point", "coordinates": [ 2.203376, 41.410096 ] } },
{ "type": "Feature", "properties": { "Id_Instal": 3366, "Codi_Carrer": 144601, "Tipus_Via": "Av", "Nom_Carrer": "Diagonal", "Num_Carrer": "10", "Codi_Barri": 70, "Nom_Barri": "el Besòs i el Maresme", "Codi_Districte": 10, "Nom_Districte": "Sant Martí", "Latitud": 41.411262, "Longitud": 2.217595, "ETRS89_X": 434609.0, "ETRS89_Y": 4584708.0, "Data_Instalacio": "23/05/2018", "Data_DesInstalacio": "06/06/2018", "Font": "OCI", "nearest_node": 7160883598, "street_centrality": 0.00014464204946517577 }, "geometry": { "type": "Point", "coordinates": [ 2.217595, 41.411262 ] } },
{ "type": "Feature", "properties": { "Id_Instal": 3386, "Codi_Carrer": 700892, "Tipus_Via": "Pg", "Nom_Carrer": "Garcia Fària", "Num_Carrer": "81", "Codi_Barri": 69, "Nom_Barri": "Diagonal Mar i el Front Marítim del Poblenou", "Codi_Districte": 10, "Nom_Districte": "Sant Martí", "Latitud": 41.406537, "Longitud": 2.216946, "ETRS89_X": 434550.0, "ETRS89_Y": 4584184.0, "Data_Instalacio": "01/06/2018", "Data_DesInstalacio": "04/06/2018", "Font": "OCI", "nearest_node": 293527302, "street_centrality": 0.00011143628713659457 }, "geometry": { "type": "Point", "coordinates": [ 2.216946, 41.406537 ] } },
{ "type": "Feature", "properties": { "Id_Instal": 3406, "Codi_Carrer": 700084, "Tipus_Via": "C", "Nom_Carrer": "Beltrán i Rózpide", "Num_Carrer": "5", "Codi_Barri": 21, "Nom_Barri": "Pedralbes", "Codi_Districte": 4, "Nom_Districte": "Les Corts", "Latitud": 41.389054, "Longitud": 2.120976, "ETRS89_X": 426508.757, "ETRS89_Y": 4582319.994, "Data_Instalacio": "05/06/2018", "Data_DesInstalacio": "16/08/2018", "Font": "OCI", "nearest_node": 8119424269, "street_centrality": 0.0072731875690212706 }, "geometry": { "type": "Point", "coordinates": [ 2.120976, 41.389054 ] } },
{ "type": "Feature", "properties": { "Id_Instal": 3426, "Codi_Carrer": 169409, "Tipus_Via": "G.V.", "Nom_Carrer": "Corts Catalanes", "Num_Carrer": "839", "Codi_Barri": 65, "Nom_Barri": "el Clot", "Codi_Districte": 10, "Nom_Districte": "Sant Martí", "Latitud": 41.405467, "Longitud": 2.189321, "ETRS89_X": 432239.915, "ETRS89_Y": 4584086.445, "Data_Instalacio": "13/06/2018", "Data_DesInstalacio": "18/07/2018", "Font": "OBRES", "nearest_node": 3954437129, "street_centrality": 0.00017953624038673569 }, "geometry": { "type": "Point", "coordinates": [ 2.189321, 41.405467 ] } },
{ "type": "Feature", "properties": { "Id_Instal": 3447, "Codi_Carrer": 86403, "Tipus_Via": "Pl", "Nom_Carrer": "Concòrdia", "Num_Carrer": "7", "Codi_Barri": 19, "Nom_Barri": "les Corts", "Codi_Districte": 4, "Nom_Districte": "Les Corts", "Latitud": 41.386486, "Longitud": 2.132121, "ETRS89_X": 427437.693, "ETRS89_Y": 4582025.479, "Data_Instalacio": "18/06/2018", "Data_DesInstalacio": "27/09/2018", "Font": "OCI", "nearest_node": 998615847, "street_centrality": 0.0 }, "geometry": { "type": "Point", "coordinates": [ 2.132121, 41.386486 ] } },
{ "type": "Feature", "properties": { "Id_Instal": 3466, "Codi_Carrer": 8206, "Tipus_Via": "C", "Nom_Carrer": "Alella", "Num_Carrer": "45", "Codi_Barri": 45, "Nom_Barri": "Porta", "Codi_Districte": 8, "Nom_Districte": "Nou Barris", "Latitud": 41.431596, "Longitud": 2.177269, "ETRS89_X": 431260.112, "ETRS89_Y": 4586996.763, "Data_Instalacio": "12/06/2018", "Data_DesInstalacio": null, "Font": "TRÀNSIT", "nearest_node": 416012192, "street_centrality": 0.025890364044735471 }, "geometry": { "type": "Point", "coordinates": [ 2.177269, 41.431596 ] } },
{ "type": "Feature", "properties": { "Id_Instal": 3467, "Codi_Carrer": 319002, "Tipus_Via": "C", "Nom_Carrer": "Santanyí", "Num_Carrer": "28", "Codi_Barri": 45, "Nom_Barri": "Porta", "Codi_Districte": 8, "Nom_Districte": "Nou Barris", "Latitud": 41.431609, "Longitud": 2.175428, "ETRS89_X": 431106.241, "ETRS89_Y": 4586999.675, "Data_Instalacio": "12/06/2018", "Data_DesInstalacio": "20/05/2022", "Font": "TRÀNSIT", "nearest_node": 4395495454, "street_centrality": 0.0038479287633984699 }, "geometry": { "type": "Point", "coordinates": [ 2.175428, 41.431609 ] } },
{ "type": "Feature", "properties": { "Id_Instal": 3468, "Codi_Carrer": 194100, "Tipus_Via": "C", "Nom_Carrer": "La Maquinista", "Num_Carrer": "2", "Codi_Barri": 3, "Nom_Barri": "la Barceloneta", "Codi_Districte": 1, "Nom_Districte": "Ciutat Vella", "Latitud": 41.380438, "Longitud": 2.187454, "ETRS89_X": 432057.743, "ETRS89_Y": 4581309.258, "Data_Instalacio": "12/06/2018", "Data_DesInstalacio": "21/07/2020", "Font": "TRÀNSIT", "nearest_node": 30343461, "street_centrality": 0.0016895542120406914 }, "geometry": { "type": "Point", "coordinates": [ 2.187454, 41.380438 ] } },
{ "type": "Feature", "properties": { "Id_Instal": 3469, "Codi_Carrer": 342106, "Tipus_Via": "C", "Nom_Carrer": "Tortellà", "Num_Carrer": "20", "Codi_Barri": 68, "Nom_Barri": "el Poblenou", "Codi_Districte": 10, "Nom_Districte": "Sant Martí", "Latitud": 41.403624, "Longitud": 2.209016, "ETRS89_X": 433884.211, "ETRS89_Y": 4583866.548, "Data_Instalacio": "18/06/2018", "Data_DesInstalacio": null, "Font": "TRÀNSIT", "nearest_node": 597218424, "street_centrality": 0.00038439890966815199 }, "geometry": { "type": "Point", "coordinates": [ 2.209016, 41.403624 ] } },
{ "type": "Feature", "properties": { "Id_Instal": 3470, "Codi_Carrer": 701629, "Tipus_Via": "C", "Nom_Carrer": "Isaac Newton", "Num_Carrer": "48", "Codi_Barri": 25, "Nom_Barri": "la Bonanova", "Codi_Districte": 5, "Nom_Districte": "Sarrià-Sant Gervasi", "Latitud": 41.414977, "Longitud": 2.13605, "ETRS89_X": 427797.738, "ETRS89_Y": 4585185.304, "Data_Instalacio": "26/06/2018", "Data_DesInstalacio": "25/05/2022", "Font": "TRÀNSIT", "nearest_node": 1526542623, "street_centrality": 0.0080217242452418295 }, "geometry": { "type": "Point", "coordinates": [ 2.13605, 41.414977 ] } },
{ "type": "Feature", "properties": { "Id_Instal": 3486, "Codi_Carrer": 326904, "Tipus_Via": "Pl", "Nom_Carrer": "Sol", "Num_Carrer": "15", "Codi_Barri": 31, "Nom_Barri": "la Vila de Gràcia", "Codi_Districte": 6, "Nom_Districte": "Gràcia", "Latitud": 41.401754, "Longitud": 2.156645, "ETRS89_X": 429504.663, "ETRS89_Y": 4583700.258, "Data_Instalacio": "28/06/2018", "Data_DesInstalacio": "03/12/2018", "Font": "OCI", "nearest_node": 1368518996, "street_centrality": 0.0 }, "geometry": { "type": "Point", "coordinates": [ 2.156645, 41.401754 ] } },
{ "type": "Feature", "properties": { "Id_Instal": 3506, "Codi_Carrer": 326904, "Tipus_Via": "Pl", "Nom_Carrer": "Sol", "Num_Carrer": "2", "Codi_Barri": 31, "Nom_Barri": "la Vila de Gràcia", "Codi_Districte": 6, "Nom_Districte": "Gràcia", "Latitud": 41.401484, "Longitud": 2.1568, "ETRS89_X": 429517.329, "ETRS89_Y": 4583670.19, "Data_Instalacio": "27/06/2018", "Data_DesInstalacio": "14/04/2021", "Font": "OCI", "nearest_node": 1368518996, "street_centrality": 0.0 }, "geometry": { "type": "Point", "coordinates": [ 2.1568, 41.401484 ] } },
{ "type": "Feature", "properties": { "Id_Instal": 3507, "Codi_Carrer": 326904, "Tipus_Via": "Pl", "Nom_Carrer": "Sol", "Num_Carrer": "22", "Codi_Barri": 31, "Nom_Barri": "la Vila de Gràcia", "Codi_Districte": 6, "Nom_Districte": "Gràcia", "Latitud": 41.401432, "Longitud": 2.156614, "ETRS89_X": 429501.69, "ETRS89_Y": 4583664.564, "Data_Instalacio": "27/06/2018", "Data_DesInstalacio": "14/04/2021", "Font": "OCI", "nearest_node": 1368518996, "street_centrality": 0.0 }, "geometry": { "type": "Point", "coordinates": [ 2.156614, 41.401432 ] } },
{ "type": "Feature", "properties": { "Id_Instal": 3508, "Codi_Carrer": 326904, "Tipus_Via": "Pl", "Nom_Carrer": "Sol", "Num_Carrer": "14", "Codi_Barri": 31, "Nom_Barri": "la Vila de Gràcia", "Codi_Districte": 6, "Nom_Districte": "Gràcia", "Latitud": 41.401686, "Longitud": 2.156542, "ETRS89_X": 429495.967, "ETRS89_Y": 4583692.848, "Data_Instalacio": "28/06/2018", "Data_DesInstalacio": "12/03/2020", "Font": "OCI", "nearest_node": 1368518996, "street_centrality": 0.0 }, "geometry": { "type": "Point", "coordinates": [ 2.156542, 41.401686 ] } },
{ "type": "Feature", "properties": { "Id_Instal": 3509, "Codi_Carrer": 326904, "Tipus_Via": "Pl", "Nom_Carrer": "Sol", "Num_Carrer": "21", "Codi_Barri": 31, "Nom_Barri": "la Vila de Gràcia", "Codi_Districte": 6, "Nom_Districte": "Gràcia", "Latitud": 41.401561, "Longitud": 2.156465, "ETRS89_X": 429489.413, "ETRS89_Y": 4583679.014, "Data_Instalacio": "28/06/2018", "Data_DesInstalacio": "29/10/2019", "Font": "OCI", "nearest_node": 30554808, "street_centrality": 0.0051536468753020023 }, "geometry": { "type": "Point", "coordinates": [ 2.156465, 41.401561 ] } },
{ "type": "Feature", "properties": { "Id_Instal": 3510, "Codi_Carrer": 326904, "Tipus_Via": "Pl", "Nom_Carrer": "Sol", "Num_Carrer": "23", "Codi_Barri": 31, "Nom_Barri": "la Vila de Gràcia", "Codi_Districte": 6, "Nom_Districte": "Gràcia", "Latitud": 41.40147, "Longitud": 2.156483, "ETRS89_X": 429490.817, "ETRS89_Y": 4583668.844, "Data_Instalacio": "28/06/2018", "Data_DesInstalacio": "18/10/2022", "Font": "OCI", "nearest_node": 30554808, "street_centrality": 0.0051536468753020023 }, "geometry": { "type": "Point", "coordinates": [ 2.156483, 41.40147 ] } },
{ "type": "Feature", "properties": { "Id_Instal": 3511, "Codi_Carrer": 326802, "Tipus_Via": "C", "Nom_Carrer": "Sol", "Num_Carrer": "2", "Codi_Barri": 31, "Nom_Barri": "la Vila de Gràcia", "Codi_Districte": 6, "Nom_Districte": "Gràcia", "Latitud": 41.401589, "Longitud": 2.156954, "ETRS89_X": 429530.324, "ETRS89_Y": 4583681.732, "Data_Instalacio": "28/06/2018", "Data_DesInstalacio": "29/10/2019", "Font": "OCI", "nearest_node": 1368518996, "street_centrality": 0.0 }, "geometry": { "type": "Point", "coordinates": [ 2.156954, 41.401589 ] } },
{ "type": "Feature", "properties": { "Id_Instal": 3512, "Codi_Carrer": 326904, "Tipus_Via": "Pl", "Nom_Carrer": "Sol", "Num_Carrer": "14", "Codi_Barri": 31, "Nom_Barri": "la Vila de Gràcia", "Codi_Districte": 6, "Nom_Districte": "Gràcia", "Latitud": 41.401754, "Longitud": 2.156645, "ETRS89_X": 429504.663, "ETRS89_Y": 4583700.258, "Data_Instalacio": "28/06/2018", "Data_DesInstalacio": "29/10/2019", "Font": "OCI", "nearest_node": 1368518996, "street_centrality": 0.0 }, "geometry": { "type": "Point", "coordinates": [ 2.156645, 41.401754 ] } },
{ "type": "Feature", "properties": { "Id_Instal": 3513, "Codi_Carrer": 326802, "Tipus_Via": "C", "Nom_Carrer": "Sol", "Num_Carrer": "13", "Codi_Barri": 31, "Nom_Barri": "la Vila de Gràcia", "Codi_Districte": 6, "Nom_Districte": "Gràcia", "Latitud": 41.401902, "Longitud": 2.156703, "ETRS89_X": 429509.637, "ETRS89_Y": 4583716.629, "Data_Instalacio": "28/06/2018", "Data_DesInstalacio": "18/10/2022", "Font": "OCI", "nearest_node": 1368518996, "street_centrality": 0.0 }, "geometry": { "type": "Point", "coordinates": [ 2.156703, 41.401902 ] } },
{ "type": "Feature", "properties": { "Id_Instal": 3514, "Codi_Carrer": 326904, "Tipus_Via": "Pl", "Nom_Carrer": "Sol", "Num_Carrer": "15", "Codi_Barri": 31, "Nom_Barri": "la Vila de Gràcia", "Codi_Districte": 6, "Nom_Districte": "Gràcia", "Latitud": 41.401799, "Longitud": 2.156547, "ETRS89_X": 429496.477, "ETRS89_Y": 4583705.366, "Data_Instalacio": "28/06/2018", "Data_DesInstalacio": "18/10/2022", "Font": "OCI", "nearest_node": 1368518996, "street_centrality": 0.0 }, "geometry": { "type": "Point", "coordinates": [ 2.156547, 41.401799 ] } },
{ "type": "Feature", "properties": { "Id_Instal": 3515, "Codi_Carrer": 326904, "Tipus_Via": "Pl", "Nom_Carrer": "Sol", "Num_Carrer": "18", "Codi_Barri": 31, "Nom_Barri": "la Vila de Gràcia", "Codi_Districte": 6, "Nom_Districte": "Gràcia", "Latitud": 41.401694, "Longitud": 2.156388, "ETRS89_X": 429483.081, "ETRS89_Y": 4583693.883, "Data_Instalacio": "28/06/2018", "Data_DesInstalacio": "18/10/2022", "Font": "OCI", "nearest_node": 30554808, "street_centrality": 0.0051536468753020023 }, "geometry": { "type": "Point", "coordinates": [ 2.156388, 41.401694 ] } },
{ "type": "Feature", "properties": { "Id_Instal": 3516, "Codi_Carrer": 326904, "Tipus_Via": "Pl", "Nom_Carrer": "Sol", "Num_Carrer": "8", "Codi_Barri": 31, "Nom_Barri": "la Vila de Gràcia", "Codi_Districte": 6, "Nom_Districte": "Gràcia", "Latitud": 41.40178, "Longitud": 2.156939, "ETRS89_X": 429529.224, "ETRS89_Y": 4583702.927, "Data_Instalacio": "29/06/2018", "Data_DesInstalacio": "18/10/2022", "Font": "OCI", "nearest_node": 1368518996, "street_centrality": 0.0 }, "geometry": { "type": "Point", "coordinates": [ 2.156939, 41.40178 ] } },
{ "type": "Feature", "properties": { "Id_Instal": 3517, "Codi_Carrer": 326904, "Tipus_Via": "Pl", "Nom_Carrer": "Sol", "Num_Carrer": "6", "Codi_Barri": 31, "Nom_Barri": "la Vila de Gràcia", "Codi_Districte": 6, "Nom_Districte": "Gràcia", "Latitud": 41.401667, "Longitud": 2.15707, "ETRS89_X": 429540.08, "ETRS89_Y": 4583690.339, "Data_Instalacio": "29/06/2018", "Data_DesInstalacio": "18/10/2022", "Font": "OCI", "nearest_node": 1368518996, "street_centrality": 0.0 }, "geometry": { "type": "Point", "coordinates": [ 2.15707, 41.401667 ] } },
{ "type": "Feature", "properties": { "Id_Instal": 3518, "Codi_Carrer": 326904, "Tipus_Via": "Pl", "Nom_Carrer": "Sol", "Num_Carrer": "1", "Codi_Barri": 31, "Nom_Barri": "la Vila de Gràcia", "Codi_Districte": 6, "Nom_Districte": "Gràcia", "Latitud": 41.401354, "Longitud": 2.156711, "ETRS89_X": 429509.749, "ETRS89_Y": 4583655.856, "Data_Instalacio": "29/06/2018", "Data_DesInstalacio": "18/10/2022", "Font": "OCI", "nearest_node": 1368518996, "street_centrality": 0.0 }, "geometry": { "type": "Point", "coordinates": [ 2.156711, 41.401354 ] } },
{ "type": "Feature", "properties": { "Id_Instal": 3519, "Codi_Carrer": 326904, "Tipus_Via": "Pl", "Nom_Carrer": "Sol", "Num_Carrer": "4", "Codi_Barri": 31, "Nom_Barri": "la Vila de Gràcia", "Codi_Districte": 6, "Nom_Districte": "Gràcia", "Latitud": 41.401523, "Longitud": 2.156967, "ETRS89_X": 429531.31, "ETRS89_Y": 4583674.383, "Data_Instalacio": "29/06/2018", "Data_DesInstalacio": "14/04/2021", "Font": "OCI", "nearest_node": 1368518996, "street_centrality": 0.0 }, "geometry": { "type": "Point", "coordinates": [ 2.156967, 41.401523 ] } },
{ "type": "Feature", "properties": { "Id_Instal": 3526, "Codi_Carrer": 366400, "Tipus_Via": "Pl", "Nom_Carrer": "Virreina", "Num_Carrer": "91", "Codi_Barri": 31, "Nom_Barri": "la Vila de Gràcia", "Codi_Districte": 6, "Nom_Districte": "Gràcia", "Latitud": 41.405085, "Longitud": 2.157202, "ETRS89_X": 429554.781, "ETRS89_Y": 4584069.67, "Data_Instalacio": "12/07/2018", "Data_DesInstalacio": "30/04/2019", "Font": "OCI", "nearest_node": 567448762, "street_centrality": 0.00024482214598191233 }, "geometry": { "type": "Point", "coordinates": [ 2.157202, 41.405085 ] } },
{ "type": "Feature", "properties": { "Id_Instal": 3546, "Codi_Carrer": 74051, "Tipus_Via": "E.A.", "Nom_Carrer": "Castell de Montjuïc", "Num_Carrer": "sn", "Codi_Barri": 11, "Nom_Barri": "el Poble Sec", "Codi_Districte": 3, "Nom_Districte": "Sants-Montjuïc", "Latitud": 41.364142, "Longitud": 2.16522, "ETRS89_X": 430181.185, "ETRS89_Y": 4579517.743, "Data_Instalacio": "17/07/2018", "Data_DesInstalacio": "14/11/2018", "Font": "OCI", "nearest_node": 253934676, "street_centrality": 0.00078005400995616195 }, "geometry": { "type": "Point", "coordinates": [ 2.16522, 41.364142 ] } },
{ "type": "Feature", "properties": { "Id_Instal": 3566, "Codi_Carrer": 51908, "Tipus_Via": "C", "Nom_Carrer": "Burgos", "Num_Carrer": "22", "Codi_Barri": 18, "Nom_Barri": "Sants", "Codi_Districte": 3, "Nom_Districte": "Sants-Montjuïc", "Latitud": 41.372941, "Longitud": 2.133292, "ETRS89_X": 427520.556, "ETRS89_Y": 4580520.791, "Data_Instalacio": "17/07/2018", "Data_DesInstalacio": "16/03/2023", "Font": "ZONES PEATONALS", "nearest_node": 6297842341, "street_centrality": 0.00047726248228198079 }, "geometry": { "type": "Point", "coordinates": [ 2.133292, 41.372941 ] } },
{ "type": "Feature", "properties": { "Id_Instal": 3586, "Codi_Carrer": 701334, "Tipus_Via": "C", "Nom_Carrer": "Fernando Pessoa", "Num_Carrer": "15", "Codi_Barri": 60, "Nom_Barri": "Sant Andreu", "Codi_Districte": 9, "Nom_Districte": "Sant Andreu", "Latitud": 41.439357, "Longitud": 2.19315, "ETRS89_X": 432594.963, "ETRS89_Y": 4587845.891, "Data_Instalacio": "18/07/2018", "Data_DesInstalacio": "15/01/2019", "Font": "OBRES", "nearest_node": 1086926758, "street_centrality": 0.0014706213044844525 }, "geometry": { "type": "Point", "coordinates": [ 2.19315, 41.439357 ] } },
{ "type": "Feature", "properties": { "Id_Instal": 3606, "Codi_Carrer": 237203, "Tipus_Via": "C", "Nom_Carrer": "Otger", "Num_Carrer": "20", "Codi_Barri": 60, "Nom_Barri": "Sant Andreu", "Codi_Districte": 9, "Nom_Districte": "Sant Andreu", "Latitud": 41.434609, "Longitud": 2.190387, "ETRS89_X": 432359.219, "ETRS89_Y": 4587320.911, "Data_Instalacio": "18/07/2018", "Data_DesInstalacio": "04/02/2019", "Font": "OCI", "nearest_node": 11843222077, "street_centrality": 0.0 }, "geometry": { "type": "Point", "coordinates": [ 2.190387, 41.434609 ] } },
{ "type": "Feature", "properties": { "Id_Instal": 3607, "Codi_Carrer": 301109, "Tipus_Via": "Pl", "Nom_Carrer": "Palmeres", "Num_Carrer": "20", "Codi_Barri": 60, "Nom_Barri": "Sant Andreu", "Codi_Districte": 9, "Nom_Districte": "Sant Andreu", "Latitud": 41.432826, "Longitud": 2.18651, "ETRS89_X": 432033.46, "ETRS89_Y": 4587126.03, "Data_Instalacio": "18/07/2018", "Data_DesInstalacio": "29/09/2018", "Font": "OCI", "nearest_node": 4406275328, "street_centrality": 0.0 }, "geometry": { "type": "Point", "coordinates": [ 2.18651, 41.432826 ] } },
{ "type": "Feature", "properties": { "Id_Instal": 3608, "Codi_Carrer": 169409, "Tipus_Via": "G.V.", "Nom_Carrer": "Corts Catalanes", "Num_Carrer": "839", "Codi_Barri": 65, "Nom_Barri": "el Clot", "Codi_Districte": 10, "Nom_Districte": "Sant Martí", "Latitud": 41.405467, "Longitud": 2.189321, "ETRS89_X": 432239.915, "ETRS89_Y": 4584086.445, "Data_Instalacio": "18/07/2018", "Data_DesInstalacio": "21/05/2019", "Font": "OBRES", "nearest_node": 3954437129, "street_centrality": 0.00017953624038673569 }, "geometry": { "type": "Point", "coordinates": [ 2.189321, 41.405467 ] } },
{ "type": "Feature", "properties": { "Id_Instal": 3609, "Codi_Carrer": 266405, "Tipus_Via": "Rbla", "Nom_Carrer": "Prim", "Num_Carrer": "19", "Codi_Barri": 70, "Nom_Barri": "el Besòs i el Maresme", "Codi_Districte": 10, "Nom_Districte": "Sant Martí", "Latitud": 41.411656, "Longitud": 2.218416, "ETRS89_X": 434678.029, "ETRS89_Y": 4584751.178, "Data_Instalacio": "18/07/2018", "Data_DesInstalacio": "05/06/2019", "Font": "OCI", "nearest_node": 1297470708, "street_centrality": 0.00080144077213389225 }, "geometry": { "type": "Point", "coordinates": [ 2.218416, 41.411656 ] } },
{ "type": "Feature", "properties": { "Id_Instal": 3626, "Codi_Carrer": 326303, "Tipus_Via": "C", "Nom_Carrer": "Sitges", "Num_Carrer": "5", "Codi_Barri": 1, "Nom_Barri": "el Raval", "Codi_Districte": 1, "Nom_Districte": "Ciutat Vella", "Latitud": 41.384378, "Longitud": 2.16967, "ETRS89_X": 430574.9, "ETRS89_Y": 4581760.703, "Data_Instalacio": "19/07/2018", "Data_DesInstalacio": "26/06/2020", "Font": "OCI", "nearest_node": 30884265, "street_centrality": 0.0 }, "geometry": { "type": "Point", "coordinates": [ 2.16967, 41.384378 ] } },
{ "type": "Feature", "properties": { "Id_Instal": 3666, "Codi_Carrer": 348408, "Tipus_Via": "C", "Nom_Carrer": "Tuset", "Num_Carrer": "8", "Codi_Barri": 26, "Nom_Barri": "Galvany", "Codi_Districte": 5, "Nom_Districte": "Sarrià-Sant Gervasi", "Latitud": 41.39545, "Longitud": 2.152753, "ETRS89_X": 429172.441, "ETRS89_Y": 4583003.592, "Data_Instalacio": "22/08/2018", "Data_DesInstalacio": "19/02/2020", "Font": "OCI", "nearest_node": 5094317308, "street_centrality": 0.0031900044216677677 }, "geometry": { "type": "Point", "coordinates": [ 2.152753, 41.39545 ] } },
{ "type": "Feature", "properties": { "Id_Instal": 3667, "Codi_Carrer": 167505, "Tipus_Via": "Pl", "Nom_Carrer": "Joanic", "Num_Carrer": "7", "Codi_Barri": 31, "Nom_Barri": "la Vila de Gràcia", "Codi_Districte": 6, "Nom_Districte": "Gràcia", "Latitud": 41.405521, "Longitud": 2.162211, "ETRS89_X": 429973.94, "ETRS89_Y": 4584113.95, "Data_Instalacio": "22/08/2018", "Data_DesInstalacio": "29/04/2021", "Font": "OCI", "nearest_node": 6960234560, "street_centrality": 0.010236942559229892 }, "geometry": { "type": "Point", "coordinates": [ 2.162211, 41.405521 ] } },
{ "type": "Feature", "properties": { "Id_Instal": 3668, "Codi_Carrer": 96203, "Tipus_Via": "C", "Nom_Carrer": "Chapí", "Num_Carrer": "66", "Codi_Barri": 43, "Nom_Barri": "Horta", "Codi_Districte": 7, "Nom_Districte": "Horta-Guinardó", "Latitud": 41.431907, "Longitud": 2.159929, "ETRS89_X": 429811.652, "ETRS89_Y": 4587045.206, "Data_Instalacio": "22/08/2018", "Data_DesInstalacio": "03/06/2019", "Font": "SUPERILLA", "nearest_node": 30254635, "street_centrality": 0.00035625843311850686 }, "geometry": { "type": "Point", "coordinates": [ 2.159929, 41.431907 ] } },
{ "type": "Feature", "properties": { "Id_Instal": 3669, "Codi_Carrer": 302203, "Tipus_Via": "C", "Nom_Carrer": "Sant Gervasi de Cassoles", "Num_Carrer": "80", "Codi_Barri": 25, "Nom_Barri": "la Bonanova", "Codi_Districte": 5, "Nom_Districte": "Sarrià-Sant Gervasi", "Latitud": 41.405913, "Longitud": 2.136216, "ETRS89_X": 427801.558, "ETRS89_Y": 4584178.89, "Data_Instalacio": "22/08/2018", "Data_DesInstalacio": "19/02/2020", "Font": "SUPERILLA", "nearest_node": 30294853, "street_centrality": 0.0016231426873835289 }, "geometry": { "type": "Point", "coordinates": [ 2.136216, 41.405913 ] } },
{ "type": "Feature", "properties": { "Id_Instal": 3686, "Codi_Carrer": 46409, "Tipus_Via": "Pg", "Nom_Carrer": "Born", "Num_Carrer": "19", "Codi_Barri": 4, "Nom_Barri": "Sant Pere, Santa Caterina i la Ribera", "Codi_Districte": 1, "Nom_Districte": "Ciutat Vella", "Latitud": 41.384923, "Longitud": 2.182773, "ETRS89_X": 431671.05, "ETRS89_Y": 4581810.78, "Data_Instalacio": "17/08/2018", "Data_DesInstalacio": null, "Font": "OCI", "nearest_node": 13197779092, "street_centrality": 0.00401283195597939 }, "geometry": { "type": "Point", "coordinates": [ 2.182773, 41.384923 ] } },
{ "type": "Feature", "properties": { "Id_Instal": 3706, "Codi_Carrer": 102102, "Tipus_Via": "C", "Nom_Carrer": "Doctor Giné i Partagàs", "Num_Carrer": "61", "Codi_Barri": 3, "Nom_Barri": "la Barceloneta", "Codi_Districte": 1, "Nom_Districte": "Ciutat Vella", "Latitud": 41.379561, "Longitud": 2.191067, "ETRS89_X": 432359.0, "ETRS89_Y": 4581209.0, "Data_Instalacio": "30/08/2018", "Data_DesInstalacio": "15/06/2022", "Font": "OCI", "nearest_node": 30343489, "street_centrality": 0.0010192480606281452 }, "geometry": { "type": "Point", "coordinates": [ 2.191067, 41.379561 ] } },
{ "type": "Feature", "properties": { "Id_Instal": 3707, "Codi_Carrer": 65607, "Tipus_Via": "C", "Nom_Carrer": "Carders", "Num_Carrer": "36", "Codi_Barri": 4, "Nom_Barri": "Sant Pere, Santa Caterina i la Ribera", "Codi_Districte": 1, "Nom_Districte": "Ciutat Vella", "Latitud": 41.387076, "Longitud": 2.180426, "ETRS89_X": 431477.078, "ETRS89_Y": 4582051.709, "Data_Instalacio": "30/08/2018", "Data_DesInstalacio": "07/06/2022", "Font": "OCI", "nearest_node": 243752698, "street_centrality": 0.0 }, "geometry": { "type": "Point", "coordinates": [ 2.180426, 41.387076 ] } },
{ "type": "Feature", "properties": { "Id_Instal": 3709, "Codi_Carrer": 177101, "Tipus_Via": "Via", "Nom_Carrer": "Laietana", "Num_Carrer": "16", "Codi_Barri": 4, "Nom_Barri": "Sant Pere, Santa Caterina i la Ribera", "Codi_Districte": 1, "Nom_Districte": "Ciutat Vella", "Latitud": 41.383288, "Longitud": 2.17975, "ETRS89_X": 431416.605, "ETRS89_Y": 4581631.729, "Data_Instalacio": "30/08/2018", "Data_DesInstalacio": "11/07/2019", "Font": "TRÀNSIT", "nearest_node": 240940059, "street_centrality": 1.238180968184384e-05 }, "geometry": { "type": "Point", "coordinates": [ 2.17975, 41.383288 ] } },
{ "type": "Feature", "properties": { "Id_Instal": 3710, "Codi_Carrer": 308200, "Tipus_Via": "C", "Nom_Carrer": "Sant Nicolau", "Num_Carrer": "12", "Codi_Barri": 15, "Nom_Barri": "Hostafrancs", "Codi_Districte": 3, "Nom_Districte": "Sants-Montjuïc", "Latitud": 41.377464, "Longitud": 2.14493, "ETRS89_X": 428498.791, "ETRS89_Y": 4581013.286, "Data_Instalacio": "29/08/2018", "Data_DesInstalacio": "03/06/2019", "Font": "SUPERILLA", "nearest_node": 1500032695, "street_centrality": 0.0089340384949813233 }, "geometry": { "type": "Point", "coordinates": [ 2.14493, 41.377464 ] } },
{ "type": "Feature", "properties": { "Id_Instal": 3711, "Codi_Carrer": 114000, "Tipus_Via": "Pl", "Nom_Carrer": "Espanya", "Num_Carrer": "6", "Codi_Barri": 15, "Nom_Barri": "Hostafrancs", "Codi_Districte": 3, "Nom_Districte": "Sants-Montjuïc", "Latitud": 41.375439, "Longitud": 2.148565, "ETRS89_X": 428800.524, "ETRS89_Y": 4580785.403, "Data_Instalacio": "29/08/2018", "Data_DesInstalacio": "27/01/2020", "Font": "SUPERILLA", "nearest_node": 1193548761, "street_centrality": 0.021899481660464803 }, "geometry": { "type": "Point", "coordinates": [ 2.148565, 41.375439 ] } },
{ "type": "Feature", "properties": { "Id_Instal": 3712, "Codi_Carrer": 87009, "Tipus_Via": "C", "Nom_Carrer": "Comte Borrell", "Num_Carrer": "81", "Codi_Barri": 10, "Nom_Barri": "Sant Antoni", "Codi_Districte": 2, "Nom_Districte": "L'Eixample", "Latitud": 41.378636, "Longitud": 2.160708, "ETRS89_X": 429819.453, "ETRS89_Y": 4581130.453, "Data_Instalacio": "29/08/2018", "Data_DesInstalacio": "19/02/2020", "Font": "SUPERILLA", "nearest_node": 3214268719, "street_centrality": 0.00046656910119311564 }, "geometry": { "type": "Point", "coordinates": [ 2.160708, 41.378636 ] } },
{ "type": "Feature", "properties": { "Id_Instal": 3713, "Codi_Carrer": 89004, "Tipus_Via": "C", "Nom_Carrer": "Consell de Cent", "Num_Carrer": "231", "Codi_Barri": 8, "Nom_Barri": "l'Antiga Esquerra de l'Eixample", "Codi_Districte": 2, "Nom_Districte": "L'Eixample", "Latitud": 41.385465, "Longitud": 2.158462, "ETRS89_X": 429638.981, "ETRS89_Y": 4581890.396, "Data_Instalacio": "29/08/2018", "Data_DesInstalacio": "06/02/2020", "Font": "SUPERILLA", "nearest_node": 10181609602, "street_centrality": 0.0022681224099013945 }, "geometry": { "type": "Point", "coordinates": [ 2.158462, 41.385465 ] } },
{ "type": "Feature", "properties": { "Id_Instal": 3714, "Codi_Carrer": 145003, "Tipus_Via": "C", "Nom_Carrer": "Girona", "Num_Carrer": "45", "Codi_Barri": 7, "Nom_Barri": "la Dreta de l'Eixample", "Codi_Districte": 2, "Nom_Districte": "L'Eixample", "Latitud": 41.393327, "Longitud": 2.173012, "ETRS89_X": 430863.841, "ETRS89_Y": 4582751.532, "Data_Instalacio": "29/08/2018", "Data_DesInstalacio": "06/02/2020", "Font": "SUPERILLA", "nearest_node": 559787235, "street_centrality": 0.00071364248529899956 }, "geometry": { "type": "Point", "coordinates": [ 2.173012, 41.393327 ] } },
{ "type": "Feature", "properties": { "Id_Instal": 3715, "Codi_Carrer": 145003, "Tipus_Via": "C", "Nom_Carrer": "Girona", "Num_Carrer": "72", "Codi_Barri": 7, "Nom_Barri": "la Dreta de l'Eixample", "Codi_Districte": 2, "Nom_Districte": "L'Eixample", "Latitud": 41.395167, "Longitud": 2.170906, "ETRS89_X": 430689.741, "ETRS89_Y": 4582957.532, "Data_Instalacio": "29/08/2018", "Data_DesInstalacio": "19/02/2020", "Font": "SUPERILLA", "nearest_node": 11012442310, "street_centrality": 0.025693380708887957 }, "geometry": { "type": "Point", "coordinates": [ 2.170906, 41.395167 ] } },
{ "type": "Feature", "properties": { "Id_Instal": 3746, "Codi_Carrer": 21306, "Tipus_Via": "C", "Nom_Carrer": "Arc del Teatre", "Num_Carrer": "5", "Codi_Barri": 1, "Nom_Barri": "el Raval", "Codi_Districte": 1, "Nom_Districte": "Ciutat Vella", "Latitud": 41.378242, "Longitud": 2.175112, "ETRS89_X": 431023.452, "ETRS89_Y": 4581075.134, "Data_Instalacio": "13/09/2018", "Data_DesInstalacio": "05/10/2020", "Font": "OCI", "nearest_node": 1400747727, "street_centrality": 0.0075011254290733957 }, "geometry": { "type": "Point", "coordinates": [ 2.175112, 41.378242 ] } },
{ "type": "Feature", "properties": { "Id_Instal": 3766, "Codi_Carrer": 86403, "Tipus_Via": "Pl", "Nom_Carrer": "Concòrdia", "Num_Carrer": "7", "Codi_Barri": 19, "Nom_Barri": "les Corts", "Codi_Districte": 4, "Nom_Districte": "Les Corts", "Latitud": 41.386486, "Longitud": 2.132121, "ETRS89_X": 427437.693, "ETRS89_Y": 4582025.479, "Data_Instalacio": "27/09/2018", "Data_DesInstalacio": "10/01/2019", "Font": "OCI", "nearest_node": 998615847, "street_centrality": 0.0 }, "geometry": { "type": "Point", "coordinates": [ 2.132121, 41.386486 ] } },
{ "type": "Feature", "properties": { "Id_Instal": 3786, "Codi_Carrer": 368507, "Tipus_Via": "C", "Nom_Carrer": "Xifré", "Num_Carrer": "94", "Codi_Barri": 64, "Nom_Barri": "el Camp de l'Arpa del Clot", "Codi_Districte": 10, "Nom_Districte": "Sant Martí", "Latitud": 41.410968, "Longitud": 2.180889, "ETRS89_X": 431540.841, "ETRS89_Y": 4584703.77, "Data_Instalacio": "26/09/2018", "Data_DesInstalacio": "05/04/2022", "Font": "TRÀNSIT", "nearest_node": 30253584, "street_centrality": 0.002505628031980399 }, "geometry": { "type": "Point", "coordinates": [ 2.180889, 41.410968 ] } },
{ "type": "Feature", "properties": { "Id_Instal": 3806, "Codi_Carrer": 349706, "Tipus_Via": "C", "Nom_Carrer": "Comte d'Urgell", "Num_Carrer": "88", "Codi_Barri": 8, "Nom_Barri": "l'Antiga Esquerra de l'Eixample", "Codi_Districte": 2, "Nom_Districte": "L'Eixample", "Latitud": 41.382954, "Longitud": 2.157634, "ETRS89_X": 429567.023, "ETRS89_Y": 4581612.318, "Data_Instalacio": "18/10/2018", "Data_DesInstalacio": null, "Font": "TRÀNSIT", "nearest_node": 30243047, "street_centrality": 0.0089362897331052953 }, "geometry": { "type": "Point", "coordinates": [ 2.157634, 41.382954 ] } },
{ "type": "Feature", "properties": { "Id_Instal": 3807, "Codi_Carrer": 349706, "Tipus_Via": "C", "Nom_Carrer": "Comte d'Urgell", "Num_Carrer": "126", "Codi_Barri": 9, "Nom_Barri": "la Nova Esquerra de l'Eixample", "Codi_Districte": 2, "Nom_Districte": "L'Eixample", "Latitud": 41.384666, "Longitud": 2.155368, "ETRS89_X": 429379.416, "ETRS89_Y": 4581804.195, "Data_Instalacio": "19/10/2018", "Data_DesInstalacio": null, "Font": "TRÀNSIT", "nearest_node": 1532752084, "street_centrality": 0.0289486710361509 }, "geometry": { "type": "Point", "coordinates": [ 2.155368, 41.384666 ] } },
{ "type": "Feature", "properties": { "Id_Instal": 3846, "Codi_Carrer": 74051, "Tipus_Via": "E.A.", "Nom_Carrer": "Castell de Montjuïc", "Num_Carrer": "sn", "Codi_Barri": 11, "Nom_Barri": "el Poble Sec", "Codi_Districte": 3, "Nom_Districte": "Sants-Montjuïc", "Latitud": 41.364142, "Longitud": 2.16522, "ETRS89_X": 430181.185, "ETRS89_Y": 4579517.743, "Data_Instalacio": "14/11/2018", "Data_DesInstalacio": "05/09/2019", "Font": "OCI", "nearest_node": 253934676, "street_centrality": 0.00078005400995616195 }, "geometry": { "type": "Point", "coordinates": [ 2.16522, 41.364142 ] } },
{ "type": "Feature", "properties": { "Id_Instal": 3866, "Codi_Carrer": 43400, "Tipus_Via": "C", "Nom_Carrer": "Blai", "Num_Carrer": "41", "Codi_Barri": 11, "Nom_Barri": "el Poble Sec", "Codi_Districte": 3, "Nom_Districte": "Sants-Montjuïc", "Latitud": 41.374055, "Longitud": 2.163579, "ETRS89_X": 430054.558, "ETRS89_Y": 4580619.516, "Data_Instalacio": "19/11/2018", "Data_DesInstalacio": "13/02/2019", "Font": "OCI", "nearest_node": 4834501650, "street_centrality": 0.011524087956610658 }, "geometry": { "type": "Point", "coordinates": [ 2.163579, 41.374055 ] } },
{ "type": "Feature", "properties": { "Id_Instal": 3886, "Codi_Carrer": 349706, "Tipus_Via": "C", "Nom_Carrer": "Comte d'Urgell", "Num_Carrer": "155", "Codi_Barri": 9, "Nom_Barri": "la Nova Esquerra de l'Eixample", "Codi_Districte": 2, "Nom_Districte": "L'Eixample", "Latitud": 41.387485, "Longitud": 2.151347, "ETRS89_X": 429046.238, "ETRS89_Y": 4582120.524, "Data_Instalacio": "23/11/2018", "Data_DesInstalacio": "05/06/2019", "Font": "OBRES", "nearest_node": 6842012554, "street_centrality": 0.0044844663429514419 }, "geometry": { "type": "Point", "coordinates": [ 2.151347, 41.387485 ] } },
{ "type": "Feature", "properties": { "Id_Instal": 3887, "Codi_Carrer": 225500, "Tipus_Via": "C", "Nom_Carrer": "Nàpols", "Num_Carrer": "238", "Codi_Barri": 6, "Nom_Barri": "la Sagrada Família", "Codi_Districte": 2, "Nom_Districte": "L'Eixample", "Latitud": 41.401143, "Longitud": 2.171896, "ETRS89_X": 430778.835, "ETRS89_Y": 4583620.108, "Data_Instalacio": "23/11/2018", "Data_DesInstalacio": "06/09/2019", "Font": "OBRES", "nearest_node": 30243161, "street_centrality": 0.014088810989345312 }, "geometry": { "type": "Point", "coordinates": [ 2.171896, 41.401143 ] } },
{ "type": "Feature", "properties": { "Id_Instal": 3888, "Codi_Carrer": 191204, "Tipus_Via": "C", "Nom_Carrer": "Mallorca", "Num_Carrer": "362", "Codi_Barri": 7, "Nom_Barri": "la Dreta de l'Eixample", "Codi_Districte": 2, "Nom_Districte": "L'Eixample", "Latitud": 41.400783, "Longitud": 2.172033, "ETRS89_X": 430789.898, "ETRS89_Y": 4583580.098, "Data_Instalacio": "23/11/2018", "Data_DesInstalacio": "04/02/2019", "Font": "OBRES", "nearest_node": 30243161, "street_centrality": 0.014088810989345312 }, "geometry": { "type": "Point", "coordinates": [ 2.172033, 41.400783 ] } },
{ "type": "Feature", "properties": { "Id_Instal": 3926, "Codi_Carrer": 161101, "Tipus_Via": "C", "Nom_Carrer": "Independència", "Num_Carrer": "297", "Codi_Barri": 64, "Nom_Barri": "el Camp de l'Arpa del Clot", "Codi_Districte": 10, "Nom_Districte": "Sant Martí", "Latitud": 41.408356, "Longitud": 2.182525, "ETRS89_X": 431674.905, "ETRS89_Y": 4584412.506, "Data_Instalacio": "04/12/2018", "Data_DesInstalacio": "07/09/2019", "Font": "OBRES", "nearest_node": 1860575763, "street_centrality": 0.0077881582898797755 }, "geometry": { "type": "Point", "coordinates": [ 2.182525, 41.408356 ] } },
{ "type": "Feature", "properties": { "Id_Instal": 3967, "Codi_Carrer": 169409, "Tipus_Via": "G.V.", "Nom_Carrer": "Corts Catalanes", "Num_Carrer": "875", "Codi_Barri": 65, "Nom_Barri": "el Clot", "Codi_Districte": 10, "Nom_Districte": "Sant Martí", "Latitud": 41.407874, "Longitud": 2.192481, "ETRS89_X": 432506.528, "ETRS89_Y": 4584351.18, "Data_Instalacio": "15/01/2019", "Data_DesInstalacio": "04/02/2019", "Font": "OBRES", "nearest_node": 559418989, "street_centrality": 0.0022551777906885577 }, "geometry": { "type": "Point", "coordinates": [ 2.192481, 41.407874 ] } },
{ "type": "Feature", "properties": { "Id_Instal": 4006, "Codi_Carrer": 169409, "Tipus_Via": "G.V.", "Nom_Carrer": "Corts Catalanes", "Num_Carrer": "755", "Codi_Barri": 5, "Nom_Barri": "el Fort Pienc", "Codi_Districte": 2, "Nom_Districte": "L'Eixample", "Latitud": 41.401284, "Longitud": 2.183707, "ETRS89_X": 431766.261, "ETRS89_Y": 4583626.412, "Data_Instalacio": "01/02/2019", "Data_DesInstalacio": "17/02/2020", "Font": "OBRES", "nearest_node": 9605043050, "street_centrality": 0.0049977486352169682 }, "geometry": { "type": "Point", "coordinates": [ 2.183707, 41.401284 ] } },
{ "type": "Feature", "properties": { "Id_Instal": 4026, "Codi_Carrer": 191204, "Tipus_Via": "C", "Nom_Carrer": "Mallorca", "Num_Carrer": "362", "Codi_Barri": 7, "Nom_Barri": "la Dreta de l'Eixample", "Codi_Districte": 2, "Nom_Districte": "L'Eixample", "Latitud": 41.400783, "Longitud": 2.172033, "ETRS89_X": 430789.898, "ETRS89_Y": 4583580.098, "Data_Instalacio": "04/02/2019", "Data_DesInstalacio": "07/06/2019", "Font": "OBRES", "nearest_node": 30243161, "street_centrality": 0.014088810989345312 }, "geometry": { "type": "Point", "coordinates": [ 2.172033, 41.400783 ] } },
{ "type": "Feature", "properties": { "Id_Instal": 4046, "Codi_Carrer": 169409, "Tipus_Via": "G.V.", "Nom_Carrer": "Corts Catalanes", "Num_Carrer": "891", "Codi_Barri": 65, "Nom_Barri": "el Clot", "Codi_Districte": 10, "Nom_Districte": "Sant Martí", "Latitud": 41.408257, "Longitud": 2.192991, "ETRS89_X": 432549.552, "ETRS89_Y": 4584393.262, "Data_Instalacio": "04/02/2019", "Data_DesInstalacio": "02/05/2019", "Font": "OBRES", "nearest_node": 5906608846, "street_centrality": 0.0023666140778251521 }, "geometry": { "type": "Point", "coordinates": [ 2.192991, 41.408257 ] } },
{ "type": "Feature", "properties": { "Id_Instal": 4066, "Codi_Carrer": 169409, "Tipus_Via": "G.V.", "Nom_Carrer": "Corts Catalanes", "Num_Carrer": "875", "Codi_Barri": 65, "Nom_Barri": "el Clot", "Codi_Districte": 10, "Nom_Districte": "Sant Martí", "Latitud": 41.407874, "Longitud": 2.192481, "ETRS89_X": 432506.528, "ETRS89_Y": 4584351.18, "Data_Instalacio": "07/02/2019", "Data_DesInstalacio": "12/04/2019", "Font": "OBRES", "nearest_node": 559418989, "street_centrality": 0.0022551777906885577 }, "geometry": { "type": "Point", "coordinates": [ 2.192481, 41.407874 ] } },
{ "type": "Feature", "properties": { "Id_Instal": 4067, "Codi_Carrer": 161101, "Tipus_Via": "C", "Nom_Carrer": "Independència", "Num_Carrer": "261", "Codi_Barri": 65, "Nom_Barri": "el Clot", "Codi_Districte": 10, "Nom_Districte": "Sant Martí", "Latitud": 41.40639, "Longitud": 2.185133, "ETRS89_X": 431890.834, "ETRS89_Y": 4584192.219, "Data_Instalacio": "08/02/2019", "Data_DesInstalacio": "15/01/2020", "Font": "TRÀNSIT", "nearest_node": 30253734, "street_centrality": 0.026570237958174897 }, "geometry": { "type": "Point", "coordinates": [ 2.185133, 41.40639 ] } },
{ "type": "Feature", "properties": { "Id_Instal": 4068, "Codi_Carrer": 229001, "Tipus_Via": "Pl", "Nom_Carrer": "Nord", "Num_Carrer": "11", "Codi_Barri": 31, "Nom_Barri": "la Vila de Gràcia", "Codi_Districte": 6, "Nom_Districte": "Gràcia", "Latitud": 41.407093, "Longitud": 2.155258, "ETRS89_X": 429394.492, "ETRS89_Y": 4584294.193, "Data_Instalacio": "08/02/2019", "Data_DesInstalacio": "30/04/2019", "Font": "OCI", "nearest_node": 30960850, "street_centrality": 0.0021640026466677076 }, "geometry": { "type": "Point", "coordinates": [ 2.155258, 41.407093 ] } },
{ "type": "Feature", "properties": { "Id_Instal": 4086, "Codi_Carrer": 43400, "Tipus_Via": "C", "Nom_Carrer": "Blai", "Num_Carrer": "41", "Codi_Barri": 11, "Nom_Barri": "el Poble Sec", "Codi_Districte": 3, "Nom_Districte": "Sants-Montjuïc", "Latitud": 41.374055, "Longitud": 2.163579, "ETRS89_X": 430054.558, "ETRS89_Y": 4580619.516, "Data_Instalacio": "13/02/2019", "Data_DesInstalacio": "18/09/2019", "Font": "OCI", "nearest_node": 4834501650, "street_centrality": 0.011524087956610658 }, "geometry": { "type": "Point", "coordinates": [ 2.163579, 41.374055 ] } },
{ "type": "Feature", "properties": { "Id_Instal": 4106, "Codi_Carrer": 366400, "Tipus_Via": "Pl", "Nom_Carrer": "Virreina", "Num_Carrer": "4", "Codi_Barri": 31, "Nom_Barri": "la Vila de Gràcia", "Codi_Districte": 6, "Nom_Districte": "Gràcia", "Latitud": 41.405117, "Longitud": 2.157312, "ETRS89_X": 429564.061, "ETRS89_Y": 4584073.118, "Data_Instalacio": "28/02/2019", "Data_DesInstalacio": "15/01/2020", "Font": "OCI", "nearest_node": 567448762, "street_centrality": 0.00024482214598191233 }, "geometry": { "type": "Point", "coordinates": [ 2.157312, 41.405117 ] } },
{ "type": "Feature", "properties": { "Id_Instal": 4126, "Codi_Carrer": 284305, "Tipus_Via": "Pl", "Nom_Carrer": "Vila de Gràcia", "Num_Carrer": "13", "Codi_Barri": 31, "Nom_Barri": "la Vila de Gràcia", "Codi_Districte": 6, "Nom_Districte": "Gràcia", "Latitud": 41.40038, "Longitud": 2.157299, "ETRS89_X": 429557.814, "ETRS89_Y": 4583547.226, "Data_Instalacio": "28/02/2019", "Data_DesInstalacio": "10/07/2019", "Font": "OCI", "nearest_node": 30333441, "street_centrality": 0.00016828004976687767 }, "geometry": { "type": "Point", "coordinates": [ 2.157299, 41.40038 ] } },
{ "type": "Feature", "properties": { "Id_Instal": 4127, "Codi_Carrer": 238400, "Tipus_Via": "C", "Nom_Carrer": "Padilla", "Num_Carrer": "264", "Codi_Barri": 6, "Nom_Barri": "la Sagrada Família", "Codi_Districte": 2, "Nom_Districte": "L'Eixample", "Latitud": 41.406689, "Longitud": 2.17599, "ETRS89_X": 431126.89, "ETRS89_Y": 4584232.575, "Data_Instalacio": "01/03/2019", "Data_DesInstalacio": "29/07/2019", "Font": "TRÀNSIT", "nearest_node": 1845692293, "street_centrality": 0.0081680547232999851 }, "geometry": { "type": "Point", "coordinates": [ 2.17599, 41.406689 ] } },
{ "type": "Feature", "properties": { "Id_Instal": 4147, "Codi_Carrer": 86403, "Tipus_Via": "Pl", "Nom_Carrer": "Concòrdia", "Num_Carrer": "7", "Codi_Barri": 19, "Nom_Barri": "les Corts", "Codi_Districte": 4, "Nom_Districte": "Les Corts", "Latitud": 41.386486, "Longitud": 2.132121, "ETRS89_X": 427437.693, "ETRS89_Y": 4582025.479, "Data_Instalacio": "28/03/2019", "Data_DesInstalacio": "15/01/2020", "Font": "OCI", "nearest_node": 998615847, "street_centrality": 0.0 }, "geometry": { "type": "Point", "coordinates": [ 2.132121, 41.386486 ] } },
{ "type": "Feature", "properties": { "Id_Instal": 4166, "Codi_Carrer": 158901, "Tipus_Via": "Pl", "Nom_Carrer": "Osca", "Num_Carrer": "2", "Codi_Barri": 18, "Nom_Barri": "Sants", "Codi_Districte": 3, "Nom_Districte": "Sants-Montjuïc", "Latitud": 41.376198, "Longitud": 2.138527, "ETRS89_X": 427962.0, "ETRS89_Y": 4580878.0, "Data_Instalacio": "01/04/2019", "Data_DesInstalacio": "15/01/2020", "Font": "SUPERILLA", "nearest_node": 30294200, "street_centrality": 0.00011143628713659457 }, "geometry": { "type": "Point", "coordinates": [ 2.138527, 41.376198 ] } },
{ "type": "Feature", "properties": { "Id_Instal": 4186, "Codi_Carrer": 169409, "Tipus_Via": "G.V.", "Nom_Carrer": "Corts Catalanes", "Num_Carrer": "875", "Codi_Barri": 65, "Nom_Barri": "el Clot", "Codi_Districte": 10, "Nom_Districte": "Sant Martí", "Latitud": 41.407874, "Longitud": 2.192481, "ETRS89_X": 432506.528, "ETRS89_Y": 4584351.18, "Data_Instalacio": "12/04/2019", "Data_DesInstalacio": "11/07/2019", "Font": "OBRES", "nearest_node": 559418989, "street_centrality": 0.0022551777906885577 }, "geometry": { "type": "Point", "coordinates": [ 2.192481, 41.407874 ] } },
{ "type": "Feature", "properties": { "Id_Instal": 4206, "Codi_Carrer": 229001, "Tipus_Via": "Pl", "Nom_Carrer": "Nord", "Num_Carrer": "11", "Codi_Barri": 31, "Nom_Barri": "la Vila de Gràcia", "Codi_Districte": 6, "Nom_Districte": "Gràcia", "Latitud": 41.407093, "Longitud": 2.155258, "ETRS89_X": 429394.492, "ETRS89_Y": 4584294.193, "Data_Instalacio": "30/04/2019", "Data_DesInstalacio": null, "Font": "OCI", "nearest_node": 30960850, "street_centrality": 0.0021640026466677076 }, "geometry": { "type": "Point", "coordinates": [ 2.155258, 41.407093 ] } },
{ "type": "Feature", "properties": { "Id_Instal": 4226, "Codi_Carrer": 285807, "Tipus_Via": "C", "Nom_Carrer": "Rocafort", "Num_Carrer": "47", "Codi_Barri": 10, "Nom_Barri": "Sant Antoni", "Codi_Districte": 2, "Nom_Districte": "L'Eixample", "Latitud": 41.377418, "Longitud": 2.155691, "ETRS89_X": 429398.561, "ETRS89_Y": 4580999.344, "Data_Instalacio": "21/05/2019", "Data_DesInstalacio": "21/02/2024", "Font": "TRÀNSIT", "nearest_node": 30243878, "street_centrality": 0.0079896441019752344 }, "geometry": { "type": "Point", "coordinates": [ 2.155691, 41.377418 ] } },
{ "type": "Feature", "properties": { "Id_Instal": 4227, "Codi_Carrer": 346402, "Tipus_Via": "C", "Nom_Carrer": "Trinxant", "Num_Carrer": "39", "Codi_Barri": 64, "Nom_Barri": "el Camp de l'Arpa del Clot", "Codi_Districte": 10, "Nom_Districte": "Sant Martí", "Latitud": 41.414415, "Longitud": 2.185702, "ETRS89_X": 431946.751, "ETRS89_Y": 4585082.696, "Data_Instalacio": "21/05/2019", "Data_DesInstalacio": "15/10/2019", "Font": "TRÀNSIT", "nearest_node": 30332647, "street_centrality": 0.0054007202594078861 }, "geometry": { "type": "Point", "coordinates": [ 2.185702, 41.414415 ] } },
{ "type": "Feature", "properties": { "Id_Instal": 4246, "Codi_Carrer": 266405, "Tipus_Via": "Rbla", "Nom_Carrer": "Prim", "Num_Carrer": "19", "Codi_Barri": 70, "Nom_Barri": "el Besòs i el Maresme", "Codi_Districte": 10, "Nom_Districte": "Sant Martí", "Latitud": 41.411656, "Longitud": 2.218416, "ETRS89_X": 434678.029, "ETRS89_Y": 4584751.178, "Data_Instalacio": "05/06/2019", "Data_DesInstalacio": "03/04/2020", "Font": "OCI", "nearest_node": 1297470708, "street_centrality": 0.00080144077213389225 }, "geometry": { "type": "Point", "coordinates": [ 2.218416, 41.411656 ] } },
{ "type": "Feature", "properties": { "Id_Instal": 4248, "Codi_Carrer": 349706, "Tipus_Via": "C", "Nom_Carrer": "Comte d'Urgell", "Num_Carrer": "155", "Codi_Barri": 9, "Nom_Barri": "la Nova Esquerra de l'Eixample", "Codi_Districte": 2, "Nom_Districte": "L'Eixample", "Latitud": 41.387485, "Longitud": 2.151347, "ETRS89_X": 429046.238, "ETRS89_Y": 4582120.524, "Data_Instalacio": "05/06/2019", "Data_DesInstalacio": "03/04/2020", "Font": "OBRES", "nearest_node": 6842012554, "street_centrality": 0.0044844663429514419 }, "geometry": { "type": "Point", "coordinates": [ 2.151347, 41.387485 ] } },
{ "type": "Feature", "properties": { "Id_Instal": 4249, "Codi_Carrer": 169409, "Tipus_Via": "G.V.", "Nom_Carrer": "Corts Catalanes", "Num_Carrer": "891", "Codi_Barri": 65, "Nom_Barri": "el Clot", "Codi_Districte": 10, "Nom_Districte": "Sant Martí", "Latitud": 41.408257, "Longitud": 2.192991, "ETRS89_X": 432549.552, "ETRS89_Y": 4584393.262, "Data_Instalacio": "06/06/2019", "Data_DesInstalacio": "26/06/2019", "Font": "OBRES", "nearest_node": 5906608846, "street_centrality": 0.0023666140778251521 }, "geometry": { "type": "Point", "coordinates": [ 2.192991, 41.408257 ] } },
{ "type": "Feature", "properties": { "Id_Instal": 4266, "Codi_Carrer": 169409, "Tipus_Via": "G.V.", "Nom_Carrer": "Corts Catalanes", "Num_Carrer": "891", "Codi_Barri": 65, "Nom_Barri": "el Clot", "Codi_Districte": 10, "Nom_Districte": "Sant Martí", "Latitud": 41.408257, "Longitud": 2.192991, "ETRS89_X": 432549.552, "ETRS89_Y": 4584393.262, "Data_Instalacio": "26/06/2019", "Data_DesInstalacio": "30/11/2022", "Font": "OBRES", "nearest_node": 5906608846, "street_centrality": 0.0023666140778251521 }, "geometry": { "type": "Point", "coordinates": [ 2.192991, 41.408257 ] } },
{ "type": "Feature", "properties": { "Id_Instal": 4286, "Codi_Carrer": 284305, "Tipus_Via": "Pl", "Nom_Carrer": "Vila de Gràcia", "Num_Carrer": "13", "Codi_Barri": 31, "Nom_Barri": "la Vila de Gràcia", "Codi_Districte": 6, "Nom_Districte": "Gràcia", "Latitud": 41.40038, "Longitud": 2.157299, "ETRS89_X": 429557.814, "ETRS89_Y": 4583547.226, "Data_Instalacio": "10/07/2019", "Data_DesInstalacio": "24/11/2021", "Font": "OCI", "nearest_node": 30333441, "street_centrality": 0.00016828004976687767 }, "geometry": { "type": "Point", "coordinates": [ 2.157299, 41.40038 ] } },
{ "type": "Feature", "properties": { "Id_Instal": 4287, "Codi_Carrer": 169409, "Tipus_Via": "G.V.", "Nom_Carrer": "Corts Catalanes", "Num_Carrer": "875", "Codi_Barri": 65, "Nom_Barri": "el Clot", "Codi_Districte": 10, "Nom_Districte": "Sant Martí", "Latitud": 41.407874, "Longitud": 2.192481, "ETRS89_X": 432506.528, "ETRS89_Y": 4584351.18, "Data_Instalacio": "11/07/2019", "Data_DesInstalacio": "13/05/2021", "Font": "OBRES", "nearest_node": 559418989, "street_centrality": 0.0022551777906885577 }, "geometry": { "type": "Point", "coordinates": [ 2.192481, 41.407874 ] } },
{ "type": "Feature", "properties": { "Id_Instal": 4306, "Codi_Carrer": 284101, "Tipus_Via": "Av", "Nom_Carrer": "Rius i Taulet", "Num_Carrer": "5", "Codi_Barri": 11, "Nom_Barri": "el Poble Sec", "Codi_Districte": 3, "Nom_Districte": "Sants-Montjuïc", "Latitud": 41.372475, "Longitud": 2.153848, "ETRS89_X": 429239.113, "ETRS89_Y": 4580452.011, "Data_Instalacio": "15/07/2019", "Data_DesInstalacio": "06/08/2019", "Font": "ACTIVITATS A L'AIRE LLIURE", "nearest_node": 2264456445, "street_centrality": 0.0047816297753156944 }, "geometry": { "type": "Point", "coordinates": [ 2.153848, 41.372475 ] } },
{ "type": "Feature", "properties": { "Id_Instal": 4326, "Codi_Carrer": 282650, "Tipus_Via": "Av", "Nom_Carrer": "Rio de Janeiro", "Num_Carrer": "11", "Codi_Barri": 45, "Nom_Barri": "Porta", "Codi_Districte": 8, "Nom_Districte": "Nou Barris", "Latitud": 41.43145, "Longitud": 2.181416, "ETRS89_X": 431606.43, "ETRS89_Y": 4586977.23, "Data_Instalacio": "22/07/2019", "Data_DesInstalacio": "15/01/2020", "Font": "ANIMALS", "nearest_node": 8710875305, "street_centrality": 0.0 }, "geometry": { "type": "Point", "coordinates": [ 2.181416, 41.43145 ] } },
{ "type": "Feature", "properties": { "Id_Instal": 4346, "Codi_Carrer": 278200, "Tipus_Via": "Av", "Nom_Carrer": "Reina Maria Cristina", "Num_Carrer": "8", "Codi_Barri": 11, "Nom_Barri": "el Poble Sec", "Codi_Districte": 3, "Nom_Districte": "Sants-Montjuïc", "Latitud": 41.371794, "Longitud": 2.150782, "ETRS89_X": 428982.0, "ETRS89_Y": 4580379.0, "Data_Instalacio": "06/08/2019", "Data_DesInstalacio": "21/09/2020", "Font": "OCI", "nearest_node": 178503437, "street_centrality": 0.010206550844556276 }, "geometry": { "type": "Point", "coordinates": [ 2.150782, 41.371794 ] } },
{ "type": "Feature", "properties": { "Id_Instal": 4366, "Codi_Carrer": 96203, "Tipus_Via": "C", "Nom_Carrer": "Chapí", "Num_Carrer": "66", "Codi_Barri": 43, "Nom_Barri": "Horta", "Codi_Districte": 7, "Nom_Districte": "Horta-Guinardó", "Latitud": 41.431907, "Longitud": 2.159929, "ETRS89_X": 429811.652, "ETRS89_Y": 4587045.206, "Data_Instalacio": "08/08/2019", "Data_DesInstalacio": "16/10/2019", "Font": "SUPERILLA", "nearest_node": 30254635, "street_centrality": 0.00035625843311850686 }, "geometry": { "type": "Point", "coordinates": [ 2.159929, 41.431907 ] } },
{ "type": "Feature", "properties": { "Id_Instal": 4367, "Codi_Carrer": 308200, "Tipus_Via": "C", "Nom_Carrer": "Sant Nicolau", "Num_Carrer": "12", "Codi_Barri": 15, "Nom_Barri": "Hostafrancs", "Codi_Districte": 3, "Nom_Districte": "Sants-Montjuïc", "Latitud": 41.377464, "Longitud": 2.14493, "ETRS89_X": 428498.791, "ETRS89_Y": 4581013.286, "Data_Instalacio": "08/08/2019", "Data_DesInstalacio": "19/02/2020", "Font": "SUPERILLA", "nearest_node": 1500032695, "street_centrality": 0.0089340384949813233 }, "geometry": { "type": "Point", "coordinates": [ 2.14493, 41.377464 ] } },
{ "type": "Feature", "properties": { "Id_Instal": 4386, "Codi_Carrer": 197302, "Tipus_Via": "C", "Nom_Carrer": "Marina", "Num_Carrer": "155", "Codi_Barri": 5, "Nom_Barri": "el Fort Pienc", "Codi_Districte": 2, "Nom_Districte": "L'Eixample", "Latitud": 41.398089, "Longitud": 2.181526, "ETRS89_X": 431580.607, "ETRS89_Y": 4583273.454, "Data_Instalacio": "05/09/2019", "Data_DesInstalacio": "15/10/2019", "Font": "ÀREES DE JOC INFANTIL", "nearest_node": 536418264, "street_centrality": 0.0062303015080914237 }, "geometry": { "type": "Point", "coordinates": [ 2.181526, 41.398089 ] } },
{ "type": "Feature", "properties": { "Id_Instal": 4387, "Codi_Carrer": 177101, "Tipus_Via": "Via", "Nom_Carrer": "Laietana", "Num_Carrer": "16", "Codi_Barri": 4, "Nom_Barri": "Sant Pere, Santa Caterina i la Ribera", "Codi_Districte": 1, "Nom_Districte": "Ciutat Vella", "Latitud": 41.383288, "Longitud": 2.17975, "ETRS89_X": 431416.605, "ETRS89_Y": 4581631.729, "Data_Instalacio": "05/09/2019", "Data_DesInstalacio": "28/10/2019", "Font": "TRÀNSIT", "nearest_node": 240940059, "street_centrality": 1.238180968184384e-05 }, "geometry": { "type": "Point", "coordinates": [ 2.17975, 41.383288 ] } },
{ "type": "Feature", "properties": { "Id_Instal": 4388, "Codi_Carrer": 74051, "Tipus_Via": "E.A.", "Nom_Carrer": "Castell de Montjuïc", "Num_Carrer": "sn", "Codi_Barri": 11, "Nom_Barri": "el Poble Sec", "Codi_Districte": 3, "Nom_Districte": "Sants-Montjuïc", "Latitud": 41.364142, "Longitud": 2.16522, "ETRS89_X": 430181.185, "ETRS89_Y": 4579517.743, "Data_Instalacio": "05/09/2019", "Data_DesInstalacio": "22/07/2020", "Font": "PARCS, PATIS INTERIOR D'ILLA I ZEPQA", "nearest_node": 253934676, "street_centrality": 0.00078005400995616195 }, "geometry": { "type": "Point", "coordinates": [ 2.16522, 41.364142 ] } },
{ "type": "Feature", "properties": { "Id_Instal": 4406, "Codi_Carrer": 43400, "Tipus_Via": "C", "Nom_Carrer": "Blai", "Num_Carrer": "41", "Codi_Barri": 11, "Nom_Barri": "el Poble Sec", "Codi_Districte": 3, "Nom_Districte": "Sants-Montjuïc", "Latitud": 41.374055, "Longitud": 2.163579, "ETRS89_X": 430054.558, "ETRS89_Y": 4580619.516, "Data_Instalacio": "19/09/2019", "Data_DesInstalacio": "31/07/2020", "Font": "OCI", "nearest_node": 4834501650, "street_centrality": 0.011524087956610658 }, "geometry": { "type": "Point", "coordinates": [ 2.163579, 41.374055 ] } },
{ "type": "Feature", "properties": { "Id_Instal": 4426, "Codi_Carrer": 161101, "Tipus_Via": "C", "Nom_Carrer": "Independència", "Num_Carrer": "297", "Codi_Barri": 64, "Nom_Barri": "el Camp de l'Arpa del Clot", "Codi_Districte": 10, "Nom_Districte": "Sant Martí", "Latitud": 41.408356, "Longitud": 2.182525, "ETRS89_X": 431674.905, "ETRS89_Y": 4584412.506, "Data_Instalacio": "20/09/2019", "Data_DesInstalacio": "23/07/2020", "Font": "OBRES", "nearest_node": 1860575763, "street_centrality": 0.0077881582898797755 }, "geometry": { "type": "Point", "coordinates": [ 2.182525, 41.408356 ] } },
{ "type": "Feature", "properties": { "Id_Instal": 4446, "Codi_Carrer": 197302, "Tipus_Via": "C", "Nom_Carrer": "Marina", "Num_Carrer": "155", "Codi_Barri": 5, "Nom_Barri": "el Fort Pienc", "Codi_Districte": 2, "Nom_Districte": "L'Eixample", "Latitud": 41.398089, "Longitud": 2.181526, "ETRS89_X": 431580.607, "ETRS89_Y": 4583273.454, "Data_Instalacio": "15/10/2019", "Data_DesInstalacio": "16/09/2020", "Font": "ÀREES DE JOC INFANTIL", "nearest_node": 536418264, "street_centrality": 0.0062303015080914237 }, "geometry": { "type": "Point", "coordinates": [ 2.181526, 41.398089 ] } },
{ "type": "Feature", "properties": { "Id_Instal": 4466, "Codi_Carrer": 225500, "Tipus_Via": "C", "Nom_Carrer": "Nàpols", "Num_Carrer": "238", "Codi_Barri": 6, "Nom_Barri": "la Sagrada Família", "Codi_Districte": 2, "Nom_Districte": "L'Eixample", "Latitud": 41.401143, "Longitud": 2.171896, "ETRS89_X": 430778.835, "ETRS89_Y": 4583620.108, "Data_Instalacio": "25/10/2019", "Data_DesInstalacio": "23/07/2020", "Font": "OBRES", "nearest_node": 30243161, "street_centrality": 0.014088810989345312 }, "geometry": { "type": "Point", "coordinates": [ 2.171896, 41.401143 ] } },
{ "type": "Feature", "properties": { "Id_Instal": 4486, "Codi_Carrer": 305507, "Tipus_Via": "C", "Nom_Carrer": "Sant Joan de Malta", "Num_Carrer": "47", "Codi_Barri": 65, "Nom_Barri": "el Clot", "Codi_Districte": 10, "Nom_Districte": "Sant Martí", "Latitud": 41.408748, "Longitud": 2.192507, "ETRS89_X": 432509.631, "ETRS89_Y": 4584448.169, "Data_Instalacio": "12/11/2019", "Data_DesInstalacio": "02/12/2020", "Font": "ZONES PEATONALS", "nearest_node": 9608382461, "street_centrality": 1.6884285929787056e-05 }, "geometry": { "type": "Point", "coordinates": [ 2.192507, 41.408748 ] } },
{ "type": "Feature", "properties": { "Id_Instal": 4506, "Codi_Carrer": 170758, "Tipus_Via": "C", "Nom_Carrer": "Josep Soldevila", "Num_Carrer": "13", "Codi_Barri": 60, "Nom_Barri": "Sant Andreu", "Codi_Districte": 9, "Nom_Districte": "Sant Andreu", "Latitud": 41.428321, "Longitud": 2.195281, "ETRS89_X": 432761.645, "ETRS89_Y": 4586619.041, "Data_Instalacio": "22/11/2019", "Data_DesInstalacio": "04/03/2020", "Font": "INFRASTRUCTURES FERROVIÀRIES", "nearest_node": 2810558868, "street_centrality": 0.0 }, "geometry": { "type": "Point", "coordinates": [ 2.195281, 41.428321 ] } },
{ "type": "Feature", "properties": { "Id_Instal": 4526, "Codi_Carrer": 296508, "Tipus_Via": "Rda", "Nom_Carrer": "Sant Antoni", "Num_Carrer": "59", "Codi_Barri": 10, "Nom_Barri": "Sant Antoni", "Codi_Districte": 2, "Nom_Districte": "L'Eixample", "Latitud": 41.384606, "Longitud": 2.163802, "ETRS89_X": 430084.516, "ETRS89_Y": 4581790.72, "Data_Instalacio": "03/12/2019", "Data_DesInstalacio": "25/01/2022", "Font": "TRÀNSIT", "nearest_node": 112426103, "street_centrality": 0.014245834848492331 }, "geometry": { "type": "Point", "coordinates": [ 2.163802, 41.384606 ] } },
{ "type": "Feature", "properties": { "Id_Instal": 4527, "Codi_Carrer": 112208, "Tipus_Via": "C", "Nom_Carrer": "Escudellers", "Num_Carrer": "48", "Codi_Barri": 2, "Nom_Barri": "el Barri Gòtic", "Codi_Districte": 1, "Nom_Districte": "Ciutat Vella", "Latitud": 41.38039, "Longitud": 2.177537, "ETRS89_X": 431228.473, "ETRS89_Y": 4581311.696, "Data_Instalacio": "03/12/2019", "Data_DesInstalacio": "22/09/2020", "Font": "OCI", "nearest_node": 30243952, "street_centrality": 0.0034657810918542896 }, "geometry": { "type": "Point", "coordinates": [ 2.177537, 41.38039 ] } },
{ "type": "Feature", "properties": { "Id_Instal": 4546, "Codi_Carrer": 366400, "Tipus_Via": "Pl", "Nom_Carrer": "Virreina", "Num_Carrer": "4", "Codi_Barri": 31, "Nom_Barri": "la Vila de Gràcia", "Codi_Districte": 6, "Nom_Districte": "Gràcia", "Latitud": 41.405117, "Longitud": 2.157312, "ETRS89_X": 429564.061, "ETRS89_Y": 4584073.118, "Data_Instalacio": "17/01/2020", "Data_DesInstalacio": "29/09/2021", "Font": "OCI", "nearest_node": 567448762, "street_centrality": 0.00024482214598191233 }, "geometry": { "type": "Point", "coordinates": [ 2.157312, 41.405117 ] } },
{ "type": "Feature", "properties": { "Id_Instal": 4566, "Codi_Carrer": 158901, "Tipus_Via": "Pl", "Nom_Carrer": "Osca", "Num_Carrer": "2", "Codi_Barri": 18, "Nom_Barri": "Sants", "Codi_Districte": 3, "Nom_Districte": "Sants-Montjuïc", "Latitud": 41.376198, "Longitud": 2.138527, "ETRS89_X": 427962.0, "ETRS89_Y": 4580878.0, "Data_Instalacio": "05/02/2020", "Data_DesInstalacio": "09/08/2020", "Font": "SUPERILLA", "nearest_node": 30294200, "street_centrality": 0.00011143628713659457 }, "geometry": { "type": "Point", "coordinates": [ 2.138527, 41.376198 ] } },
{ "type": "Feature", "properties": { "Id_Instal": 4586, "Codi_Carrer": 169023, "Tipus_Via": "C", "Nom_Carrer": "Jordi Girona", "Num_Carrer": "18", "Codi_Barri": 21, "Nom_Barri": "Pedralbes", "Codi_Districte": 4, "Nom_Districte": "Les Corts", "Latitud": 41.387683, "Longitud": 2.114689, "ETRS89_X": 425981.547, "ETRS89_Y": 4582173.085, "Data_Instalacio": "05/02/2020", "Data_DesInstalacio": "01/07/2020", "Font": "TRÀNSIT", "nearest_node": 390057400, "street_centrality": 0.0014199684466950915 }, "geometry": { "type": "Point", "coordinates": [ 2.114689, 41.387683 ] } },
{ "type": "Feature", "properties": { "Id_Instal": 4606, "Codi_Carrer": 227800, "Tipus_Via": "C", "Nom_Carrer": "Nicaragua", "Num_Carrer": "117", "Codi_Barri": 19, "Nom_Barri": "les Corts", "Codi_Districte": 4, "Nom_Districte": "Les Corts", "Latitud": 41.38608, "Longitud": 2.13738, "ETRS89_X": 427877.0, "ETRS89_Y": 4581976.0, "Data_Instalacio": "06/02/2020", "Data_DesInstalacio": "23/07/2020", "Font": "ANIMALS", "nearest_node": 1475044288, "street_centrality": 0.0068409498492187221 }, "geometry": { "type": "Point", "coordinates": [ 2.13738, 41.38608 ] } },
{ "type": "Feature", "properties": { "Id_Instal": 4607, "Codi_Carrer": 161101, "Tipus_Via": "C", "Nom_Carrer": "Independència", "Num_Carrer": "261", "Codi_Barri": 65, "Nom_Barri": "el Clot", "Codi_Districte": 10, "Nom_Districte": "Sant Martí", "Latitud": 41.40639, "Longitud": 2.185133, "ETRS89_X": 431890.834, "ETRS89_Y": 4584192.219, "Data_Instalacio": "06/02/2020", "Data_DesInstalacio": "29/01/2021", "Font": "TRÀNSIT", "nearest_node": 30253734, "street_centrality": 0.026570237958174897 }, "geometry": { "type": "Point", "coordinates": [ 2.185133, 41.40639 ] } },
{ "type": "Feature", "properties": { "Id_Instal": 4626, "Codi_Carrer": 202402, "Tipus_Via": "Pl", "Nom_Carrer": "Masadas", "Num_Carrer": "1", "Codi_Barri": 61, "Nom_Barri": "la Sagrera", "Codi_Districte": 9, "Nom_Districte": "Sant Andreu", "Latitud": 41.424877, "Longitud": 2.189826, "ETRS89_X": 432302.259, "ETRS89_Y": 4586240.863, "Data_Instalacio": "12/02/2020", "Data_DesInstalacio": "30/01/2021", "Font": "OCI", "nearest_node": 12323136802, "street_centrality": 0.0 }, "geometry": { "type": "Point", "coordinates": [ 2.189826, 41.424877 ] } },
{ "type": "Feature", "properties": { "Id_Instal": 4646, "Codi_Carrer": 86403, "Tipus_Via": "Pl", "Nom_Carrer": "Concòrdia", "Num_Carrer": "7", "Codi_Barri": 19, "Nom_Barri": "les Corts", "Codi_Districte": 4, "Nom_Districte": "Les Corts", "Latitud": 41.386486, "Longitud": 2.132121, "ETRS89_X": 427437.693, "ETRS89_Y": 4582025.479, "Data_Instalacio": "17/02/2020", "Data_DesInstalacio": "29/01/2021", "Font": "OCI", "nearest_node": 998615847, "street_centrality": 0.0 }, "geometry": { "type": "Point", "coordinates": [ 2.132121, 41.386486 ] } },
{ "type": "Feature", "properties": { "Id_Instal": 4666, "Codi_Carrer": 169409, "Tipus_Via": "G.V.", "Nom_Carrer": "Corts Catalanes", "Num_Carrer": "755", "Codi_Barri": 5, "Nom_Barri": "el Fort Pienc", "Codi_Districte": 2, "Nom_Districte": "L'Eixample", "Latitud": 41.401284, "Longitud": 2.183707, "ETRS89_X": 431766.261, "ETRS89_Y": 4583626.412, "Data_Instalacio": "19/02/2020", "Data_DesInstalacio": "30/01/2021", "Font": "OBRES", "nearest_node": 9605043050, "street_centrality": 0.0049977486352169682 }, "geometry": { "type": "Point", "coordinates": [ 2.183707, 41.401284 ] } },
{ "type": "Feature", "properties": { "Id_Instal": 4686, "Codi_Carrer": 170758, "Tipus_Via": "C", "Nom_Carrer": "Josep Soldevila", "Num_Carrer": "15", "Codi_Barri": 60, "Nom_Barri": "Sant Andreu", "Codi_Districte": 9, "Nom_Districte": "Sant Andreu", "Latitud": 41.429049, "Longitud": 2.195533, "ETRS89_X": 432783.463, "ETRS89_Y": 4586699.629, "Data_Instalacio": "04/03/2020", "Data_DesInstalacio": "01/08/2020", "Font": "INFRASTRUCTURES FERROVIÀRIES", "nearest_node": 319429058, "street_centrality": 0.011045699855266692 }, "geometry": { "type": "Point", "coordinates": [ 2.195533, 41.429049 ] } },
{ "type": "Feature", "properties": { "Id_Instal": 4706, "Codi_Carrer": 193403, "Tipus_Via": "Plta", "Nom_Carrer": "Manuel Ribé", "Num_Carrer": "2", "Codi_Barri": 2, "Nom_Barri": "el Barri Gòtic", "Codi_Districte": 1, "Nom_Districte": "Ciutat Vella", "Latitud": 41.382625, "Longitud": 2.17545, "ETRS89_X": 431056.362, "ETRS89_Y": 4581561.515, "Data_Instalacio": "12/06/2020", "Data_DesInstalacio": "30/01/2021", "Font": "OCI", "nearest_node": 2529520245, "street_centrality": 0.0011723322530582145 }, "geometry": { "type": "Point", "coordinates": [ 2.17545, 41.382625 ] } },
{ "type": "Feature", "properties": { "Id_Instal": 4726, "Codi_Carrer": 349706, "Tipus_Via": "C", "Nom_Carrer": "Comte d'Urgell", "Num_Carrer": "155", "Codi_Barri": 9, "Nom_Barri": "la Nova Esquerra de l'Eixample", "Codi_Districte": 2, "Nom_Districte": "L'Eixample", "Latitud": 41.387485, "Longitud": 2.151347, "ETRS89_X": 429046.238, "ETRS89_Y": 4582120.524, "Data_Instalacio": "17/06/2020", "Data_DesInstalacio": "10/12/2020", "Font": "OBRES", "nearest_node": 6842012554, "street_centrality": 0.0044844663429514419 }, "geometry": { "type": "Point", "coordinates": [ 2.151347, 41.387485 ] } },
{ "type": "Feature", "properties": { "Id_Instal": 4786, "Codi_Carrer": 326303, "Tipus_Via": "C", "Nom_Carrer": "Sitges", "Num_Carrer": "5", "Codi_Barri": 1, "Nom_Barri": "el Raval", "Codi_Districte": 1, "Nom_Districte": "Ciutat Vella", "Latitud": 41.384378, "Longitud": 2.16967, "ETRS89_X": 430574.9, "ETRS89_Y": 4581760.703, "Data_Instalacio": "26/06/2020", "Data_DesInstalacio": "19/04/2024", "Font": "OCI", "nearest_node": 30884265, "street_centrality": 0.0 }, "geometry": { "type": "Point", "coordinates": [ 2.16967, 41.384378 ] } },
{ "type": "Feature", "properties": { "Id_Instal": 4806, "Codi_Carrer": 266405, "Tipus_Via": "Rbla", "Nom_Carrer": "Prim", "Num_Carrer": "19", "Codi_Barri": 70, "Nom_Barri": "el Besòs i el Maresme", "Codi_Districte": 10, "Nom_Districte": "Sant Martí", "Latitud": 41.411656, "Longitud": 2.218416, "ETRS89_X": 434678.029, "ETRS89_Y": 4584751.178, "Data_Instalacio": "07/07/2020", "Data_DesInstalacio": "11/12/2020", "Font": "OCI", "nearest_node": 1297470708, "street_centrality": 0.00080144077213389225 }, "geometry": { "type": "Point", "coordinates": [ 2.218416, 41.411656 ] } },
{ "type": "Feature", "properties": { "Id_Instal": 4846, "Codi_Carrer": 284804, "Tipus_Via": "C", "Nom_Carrer": "Robador", "Num_Carrer": "31", "Codi_Barri": 1, "Nom_Barri": "el Raval", "Codi_Districte": 1, "Nom_Districte": "Ciutat Vella", "Latitud": 41.379396, "Longitud": 2.170909, "ETRS89_X": 430673.242, "ETRS89_Y": 4581206.666, "Data_Instalacio": "14/07/2020", "Data_DesInstalacio": null, "Font": "OCI", "nearest_node": 30884353, "street_centrality": 0.0 }, "geometry": { "type": "Point", "coordinates": [ 2.170909, 41.379396 ] } },
{ "type": "Feature", "properties": { "Id_Instal": 4866, "Codi_Carrer": 352507, "Tipus_Via": "Pg", "Nom_Carrer": "Vall d'Hebron", "Num_Carrer": "132", "Codi_Barri": 38, "Nom_Barri": "la Teixonera", "Codi_Districte": 7, "Nom_Districte": "Horta-Guinardó", "Latitud": 41.423837, "Longitud": 2.14176, "ETRS89_X": 428284.734, "ETRS89_Y": 4586164.15, "Data_Instalacio": "15/07/2020", "Data_DesInstalacio": null, "Font": "TRÀNSIT", "nearest_node": 430764812, "street_centrality": 0.0 }, "geometry": { "type": "Point", "coordinates": [ 2.14176, 41.423837 ] } },
{ "type": "Feature", "properties": { "Id_Instal": 4887, "Codi_Carrer": 319206, "Tipus_Via": "C", "Nom_Carrer": "Santes Creus", "Num_Carrer": "8", "Codi_Barri": 43, "Nom_Barri": "Horta", "Codi_Districte": 7, "Nom_Districte": "Horta-Guinardó", "Latitud": 41.430238, "Longitud": 2.162217, "ETRS89_X": 430001.0, "ETRS89_Y": 4586858.0, "Data_Instalacio": "29/07/2020", "Data_DesInstalacio": "14/09/2022", "Font": "OCI", "nearest_node": 616880477, "street_centrality": 0.009950472507954505 }, "geometry": { "type": "Point", "coordinates": [ 2.162217, 41.430238 ] } },
{ "type": "Feature", "properties": { "Id_Instal": 4888, "Codi_Carrer": 329505, "Tipus_Via": "C", "Nom_Carrer": "Tajo", "Num_Carrer": "31", "Codi_Barri": 43, "Nom_Barri": "Horta", "Codi_Districte": 7, "Nom_Districte": "Horta-Guinardó", "Latitud": 41.429785, "Longitud": 2.162318, "ETRS89_X": 430008.932, "ETRS89_Y": 4586807.657, "Data_Instalacio": "29/07/2020", "Data_DesInstalacio": "06/10/2022", "Font": "OCI", "nearest_node": 2708786214, "street_centrality": 0.022663777003553164 }, "geometry": { "type": "Point", "coordinates": [ 2.162318, 41.429785 ] } },
{ "type": "Feature", "properties": { "Id_Instal": 4889, "Codi_Carrer": 346800, "Tipus_Via": "Rbla", "Nom_Carrer": "Poblenou", "Num_Carrer": "16", "Codi_Barri": 68, "Nom_Barri": "el Poblenou", "Codi_Districte": 10, "Nom_Districte": "Sant Martí", "Latitud": 41.398314, "Longitud": 2.204957, "ETRS89_X": 433539.551, "ETRS89_Y": 4583280.239, "Data_Instalacio": "30/07/2020", "Data_DesInstalacio": "14/10/2021", "Font": "OCI", "nearest_node": 30297485, "street_centrality": 0.0017266996410862229 }, "geometry": { "type": "Point", "coordinates": [ 2.204957, 41.398314 ] } },
{ "type": "Feature", "properties": { "Id_Instal": 4890, "Codi_Carrer": 235300, "Tipus_Via": "Pl", "Nom_Carrer": "Olles", "Num_Carrer": "4", "Codi_Barri": 4, "Nom_Barri": "Sant Pere, Santa Caterina i la Ribera", "Codi_Districte": 1, "Nom_Districte": "Ciutat Vella", "Latitud": 41.383731, "Longitud": 2.18313, "ETRS89_X": 431699.641, "ETRS89_Y": 4581678.226, "Data_Instalacio": "30/07/2020", "Data_DesInstalacio": "02/03/2022", "Font": "OCI", "nearest_node": 4212111678, "street_centrality": 0.0 }, "geometry": { "type": "Point", "coordinates": [ 2.18313, 41.383731 ] } },
{ "type": "Feature", "properties": { "Id_Instal": 4891, "Codi_Carrer": 269006, "Tipus_Via": "C", "Nom_Carrer": "Portal Nou", "Num_Carrer": "17", "Codi_Barri": 4, "Nom_Barri": "Sant Pere, Santa Caterina i la Ribera", "Codi_Districte": 1, "Nom_Districte": "Ciutat Vella", "Latitud": 41.388604, "Longitud": 2.180647, "ETRS89_X": 431497.206, "ETRS89_Y": 4582221.147, "Data_Instalacio": "30/07/2020", "Data_DesInstalacio": "02/03/2022", "Font": "OCI", "nearest_node": 240886321, "street_centrality": 0.0 }, "geometry": { "type": "Point", "coordinates": [ 2.180647, 41.388604 ] } },
{ "type": "Feature", "properties": { "Id_Instal": 4892, "Codi_Carrer": 195500, "Tipus_Via": "C", "Nom_Carrer": "Margarit", "Num_Carrer": "52", "Codi_Barri": 11, "Nom_Barri": "el Poble Sec", "Codi_Districte": 3, "Nom_Districte": "Sants-Montjuïc", "Latitud": 41.372563, "Longitud": 2.163145, "ETRS89_X": 430016.708, "ETRS89_Y": 4580454.272, "Data_Instalacio": "30/07/2020", "Data_DesInstalacio": "14/10/2021", "Font": "OCI", "nearest_node": 30236748, "street_centrality": 0.0059730975524276671 }, "geometry": { "type": "Point", "coordinates": [ 2.163145, 41.372563 ] } },
{ "type": "Feature", "properties": { "Id_Instal": 4906, "Codi_Carrer": 43400, "Tipus_Via": "C", "Nom_Carrer": "Blai", "Num_Carrer": "41", "Codi_Barri": 11, "Nom_Barri": "el Poble Sec", "Codi_Districte": 3, "Nom_Districte": "Sants-Montjuïc", "Latitud": 41.374055, "Longitud": 2.163579, "ETRS89_X": 430054.558, "ETRS89_Y": 4580619.516, "Data_Instalacio": "04/08/2020", "Data_DesInstalacio": "03/02/2021", "Font": "OCI", "nearest_node": 4834501650, "street_centrality": 0.011524087956610658 }, "geometry": { "type": "Point", "coordinates": [ 2.163579, 41.374055 ] } },
{ "type": "Feature", "properties": { "Id_Instal": 4926, "Codi_Carrer": 161101, "Tipus_Via": "C", "Nom_Carrer": "Independència", "Num_Carrer": "297", "Codi_Barri": 64, "Nom_Barri": "el Camp de l'Arpa del Clot", "Codi_Districte": 10, "Nom_Districte": "Sant Martí", "Latitud": 41.408356, "Longitud": 2.182525, "ETRS89_X": 431674.905, "ETRS89_Y": 4584412.506, "Data_Instalacio": "05/08/2020", "Data_DesInstalacio": "11/12/2020", "Font": "OBRES", "nearest_node": 1860575763, "street_centrality": 0.0077881582898797755 }, "geometry": { "type": "Point", "coordinates": [ 2.182525, 41.408356 ] } },
{ "type": "Feature", "properties": { "Id_Instal": 4946, "Codi_Carrer": 194100, "Tipus_Via": "C", "Nom_Carrer": "La Maquinista", "Num_Carrer": "2", "Codi_Barri": 3, "Nom_Barri": "la Barceloneta", "Codi_Districte": 1, "Nom_Districte": "Ciutat Vella", "Latitud": 41.380438, "Longitud": 2.187454, "ETRS89_X": 432057.743, "ETRS89_Y": 4581309.258, "Data_Instalacio": "21/07/2020", "Data_DesInstalacio": null, "Font": "OCI", "nearest_node": 30343461, "street_centrality": 0.0016895542120406914 }, "geometry": { "type": "Point", "coordinates": [ 2.187454, 41.380438 ] } },
{ "type": "Feature", "properties": { "Id_Instal": 4966, "Codi_Carrer": 225500, "Tipus_Via": "C", "Nom_Carrer": "Nàpols", "Num_Carrer": "238", "Codi_Barri": 6, "Nom_Barri": "la Sagrada Família", "Codi_Districte": 2, "Nom_Districte": "L'Eixample", "Latitud": 41.401143, "Longitud": 2.171896, "ETRS89_X": 430778.835, "ETRS89_Y": 4583620.108, "Data_Instalacio": "26/08/2020", "Data_DesInstalacio": "10/12/2020", "Font": "OBRES", "nearest_node": 30243161, "street_centrality": 0.014088810989345312 }, "geometry": { "type": "Point", "coordinates": [ 2.171896, 41.401143 ] } },
{ "type": "Feature", "properties": { "Id_Instal": 4986, "Codi_Carrer": 158901, "Tipus_Via": "Pl", "Nom_Carrer": "Osca", "Num_Carrer": "2", "Codi_Barri": 18, "Nom_Barri": "Sants", "Codi_Districte": 3, "Nom_Districte": "Sants-Montjuïc", "Latitud": 41.376198, "Longitud": 2.138527, "ETRS89_X": 427962.0, "ETRS89_Y": 4580878.0, "Data_Instalacio": "03/09/2020", "Data_DesInstalacio": "09/10/2020", "Font": "SUPERILLA", "nearest_node": 30294200, "street_centrality": 0.00011143628713659457 }, "geometry": { "type": "Point", "coordinates": [ 2.138527, 41.376198 ] } },
{ "type": "Feature", "properties": { "Id_Instal": 5026, "Codi_Carrer": 246000, "Tipus_Via": "C", "Nom_Carrer": "Parlament", "Num_Carrer": "25", "Codi_Barri": 10, "Nom_Barri": "Sant Antoni", "Codi_Districte": 2, "Nom_Districte": "L'Eixample", "Latitud": 41.376425, "Longitud": 2.162425, "ETRS89_X": 429960.622, "ETRS89_Y": 4580883.642, "Data_Instalacio": "29/09/2020", "Data_DesInstalacio": "06/10/2022", "Font": "OCI", "nearest_node": 30246669, "street_centrality": 0.006607383893856668 }, "geometry": { "type": "Point", "coordinates": [ 2.162425, 41.376425 ] } },
{ "type": "Feature", "properties": { "Id_Instal": 5027, "Codi_Carrer": 87009, "Tipus_Via": "C", "Nom_Carrer": "Comte Borrell", "Num_Carrer": "34", "Codi_Barri": 10, "Nom_Barri": "Sant Antoni", "Codi_Districte": 2, "Nom_Districte": "L'Eixample", "Latitud": 41.376948, "Longitud": 2.163438, "ETRS89_X": 430045.873, "ETRS89_Y": 4580940.865, "Data_Instalacio": "29/09/2020", "Data_DesInstalacio": "06/10/2022", "Font": "OCI", "nearest_node": 30246671, "street_centrality": 0.001938878834270547 }, "geometry": { "type": "Point", "coordinates": [ 2.163438, 41.376948 ] } },
{ "type": "Feature", "properties": { "Id_Instal": 5029, "Codi_Carrer": 323203, "Tipus_Via": "C", "Nom_Carrer": "Sepúlveda", "Num_Carrer": "131", "Codi_Barri": 10, "Nom_Barri": "Sant Antoni", "Codi_Districte": 2, "Nom_Districte": "L'Eixample", "Latitud": 41.381475, "Longitud": 2.160105, "ETRS89_X": 429772.01, "ETRS89_Y": 4581446.086, "Data_Instalacio": "29/09/2020", "Data_DesInstalacio": "02/02/2021", "Font": "XARXA DE TRANSPORT PÚBLIC", "nearest_node": 2326000392, "street_centrality": 0.0089998872101074937 }, "geometry": { "type": "Point", "coordinates": [ 2.160105, 41.381475 ] } },
{ "type": "Feature", "properties": { "Id_Instal": 5046, "Codi_Carrer": 264206, "Tipus_Via": "C", "Nom_Carrer": "Avenir", "Num_Carrer": "55", "Codi_Barri": 26, "Nom_Barri": "Galvany", "Codi_Districte": 5, "Nom_Districte": "Sarrià-Sant Gervasi", "Latitud": 41.394591, "Longitud": 2.144827, "ETRS89_X": 428508.923, "ETRS89_Y": 4582914.797, "Data_Instalacio": "30/09/2020", "Data_DesInstalacio": "04/02/2021", "Font": "PROVES", "nearest_node": 30313135, "street_centrality": 5.6843762630283087e-05 }, "geometry": { "type": "Point", "coordinates": [ 2.144827, 41.394591 ] } },
{ "type": "Feature", "properties": { "Id_Instal": 5066, "Codi_Carrer": 112208, "Tipus_Via": "C", "Nom_Carrer": "Escudellers", "Num_Carrer": "48", "Codi_Barri": 2, "Nom_Barri": "el Barri Gòtic", "Codi_Districte": 1, "Nom_Districte": "Ciutat Vella", "Latitud": 41.38039, "Longitud": 2.177537, "ETRS89_X": 431228.473, "ETRS89_Y": 4581311.696, "Data_Instalacio": "27/10/2020", "Data_DesInstalacio": "10/10/2022", "Font": "OCI", "nearest_node": 30243952, "street_centrality": 0.0034657810918542896 }, "geometry": { "type": "Point", "coordinates": [ 2.177537, 41.38039 ] } },
{ "type": "Feature", "properties": { "Id_Instal": 5086, "Codi_Carrer": 21306, "Tipus_Via": "C", "Nom_Carrer": "Arc del Teatre", "Num_Carrer": "5", "Codi_Barri": 1, "Nom_Barri": "el Raval", "Codi_Districte": 1, "Nom_Districte": "Ciutat Vella", "Latitud": 41.378242, "Longitud": 2.175112, "ETRS89_X": 431023.452, "ETRS89_Y": 4581075.134, "Data_Instalacio": "02/11/2020", "Data_DesInstalacio": "15/11/2021", "Font": "OCI", "nearest_node": 1400747727, "street_centrality": 0.0075011254290733957 }, "geometry": { "type": "Point", "coordinates": [ 2.175112, 41.378242 ] } },
{ "type": "Feature", "properties": { "Id_Instal": 5106, "Codi_Carrer": 96203, "Tipus_Via": "C", "Nom_Carrer": "Chapí", "Num_Carrer": "66", "Codi_Barri": 43, "Nom_Barri": "Horta", "Codi_Districte": 7, "Nom_Districte": "Horta-Guinardó", "Latitud": 41.431907, "Longitud": 2.159929, "ETRS89_X": 429811.652, "ETRS89_Y": 4587045.206, "Data_Instalacio": "18/11/2020", "Data_DesInstalacio": "06/10/2022", "Font": "TRÀNSIT", "nearest_node": 30254635, "street_centrality": 0.00035625843311850686 }, "geometry": { "type": "Point", "coordinates": [ 2.159929, 41.431907 ] } },
{ "type": "Feature", "properties": { "Id_Instal": 5107, "Codi_Carrer": 351901, "Tipus_Via": "Pg", "Nom_Carrer": "Valldaura", "Num_Carrer": "24", "Codi_Barri": 43, "Nom_Barri": "Horta", "Codi_Districte": 7, "Nom_Districte": "Horta-Guinardó", "Latitud": 41.437482, "Longitud": 2.156005, "ETRS89_X": 429489.839, "ETRS89_Y": 4587667.269, "Data_Instalacio": "18/11/2020", "Data_DesInstalacio": "11/11/2021", "Font": "SUPERILLA", "nearest_node": 770847795, "street_centrality": 0.014775438617156652 }, "geometry": { "type": "Point", "coordinates": [ 2.156005, 41.437482 ] } },
{ "type": "Feature", "properties": { "Id_Instal": 5108, "Codi_Carrer": 701272, "Tipus_Via": "Jard", "Nom_Carrer": "Mediterrània", "Num_Carrer": "1", "Codi_Barri": 13, "Nom_Barri": "la Marina de Port", "Codi_Districte": 3, "Nom_Districte": "Sants-Montjuïc", "Latitud": 41.360031, "Longitud": 2.140171, "ETRS89_X": 428081.675, "ETRS89_Y": 4579081.761, "Data_Instalacio": "18/11/2020", "Data_DesInstalacio": "15/11/2021", "Font": "OCI", "nearest_node": 8473849036, "street_centrality": 0.0 }, "geometry": { "type": "Point", "coordinates": [ 2.140171, 41.360031 ] } },
{ "type": "Feature", "properties": { "Id_Instal": 5109, "Codi_Carrer": 701272, "Tipus_Via": "Jard", "Nom_Carrer": "Mediterrània", "Num_Carrer": "0", "Codi_Barri": 13, "Nom_Barri": "la Marina de Port", "Codi_Districte": 3, "Nom_Districte": "Sants-Montjuïc", "Latitud": 41.359424, "Longitud": 2.141027, "ETRS89_X": 428152.564, "ETRS89_Y": 4579013.661, "Data_Instalacio": "18/11/2020", "Data_DesInstalacio": null, "Font": "OCI", "nearest_node": 412436531, "street_centrality": 0.0047039620600386736 }, "geometry": { "type": "Point", "coordinates": [ 2.141027, 41.359424 ] } },
{ "type": "Feature", "properties": { "Id_Instal": 5126, "Codi_Carrer": 161101, "Tipus_Via": "C", "Nom_Carrer": "Independència", "Num_Carrer": "297", "Codi_Barri": 64, "Nom_Barri": "el Camp de l'Arpa del Clot", "Codi_Districte": 10, "Nom_Districte": "Sant Martí", "Latitud": 41.408356, "Longitud": 2.182525, "ETRS89_X": 431674.905, "ETRS89_Y": 4584412.506, "Data_Instalacio": "11/12/2020", "Data_DesInstalacio": "13/05/2021", "Font": "OBRES", "nearest_node": 1860575763, "street_centrality": 0.0077881582898797755 }, "geometry": { "type": "Point", "coordinates": [ 2.182525, 41.408356 ] } },
{ "type": "Feature", "properties": { "Id_Instal": 5127, "Codi_Carrer": 266405, "Tipus_Via": "Rbla", "Nom_Carrer": "Prim", "Num_Carrer": "19", "Codi_Barri": 70, "Nom_Barri": "el Besòs i el Maresme", "Codi_Districte": 10, "Nom_Districte": "Sant Martí", "Latitud": 41.411656, "Longitud": 2.218416, "ETRS89_X": 434678.029, "ETRS89_Y": 4584751.178, "Data_Instalacio": "11/12/2020", "Data_DesInstalacio": "10/03/2021", "Font": "OCI", "nearest_node": 1297470708, "street_centrality": 0.00080144077213389225 }, "geometry": { "type": "Point", "coordinates": [ 2.218416, 41.411656 ] } },
{ "type": "Feature", "properties": { "Id_Instal": 5128, "Codi_Carrer": 225500, "Tipus_Via": "C", "Nom_Carrer": "Nàpols", "Num_Carrer": "238", "Codi_Barri": 6, "Nom_Barri": "la Sagrada Família", "Codi_Districte": 2, "Nom_Districte": "L'Eixample", "Latitud": 41.401143, "Longitud": 2.171896, "ETRS89_X": 430778.835, "ETRS89_Y": 4583620.108, "Data_Instalacio": "10/12/2020", "Data_DesInstalacio": "07/07/2021", "Font": "OBRES", "nearest_node": 30243161, "street_centrality": 0.014088810989345312 }, "geometry": { "type": "Point", "coordinates": [ 2.171896, 41.401143 ] } },
{ "type": "Feature", "properties": { "Id_Instal": 5129, "Codi_Carrer": 349706, "Tipus_Via": "C", "Nom_Carrer": "Comte d'Urgell", "Num_Carrer": "155", "Codi_Barri": 9, "Nom_Barri": "la Nova Esquerra de l'Eixample", "Codi_Districte": 2, "Nom_Districte": "L'Eixample", "Latitud": 41.387485, "Longitud": 2.151347, "ETRS89_X": 429046.238, "ETRS89_Y": 4582120.524, "Data_Instalacio": "10/12/2020", "Data_DesInstalacio": "11/03/2021", "Font": "OBRES", "nearest_node": 6842012554, "street_centrality": 0.0044844663429514419 }, "geometry": { "type": "Point", "coordinates": [ 2.151347, 41.387485 ] } },
{ "type": "Feature", "properties": { "Id_Instal": 5130, "Codi_Carrer": 158901, "Tipus_Via": "Pl", "Nom_Carrer": "Osca", "Num_Carrer": "10", "Codi_Barri": 18, "Nom_Barri": "Sants", "Codi_Districte": 3, "Nom_Districte": "Sants-Montjuïc", "Latitud": 41.376153, "Longitud": 2.138468, "ETRS89_X": 427957.0, "ETRS89_Y": 4580873.0, "Data_Instalacio": "10/12/2020", "Data_DesInstalacio": "02/09/2021", "Font": "SUPERILLA", "nearest_node": 30294200, "street_centrality": 0.00011143628713659457 }, "geometry": { "type": "Point", "coordinates": [ 2.138468, 41.376153 ] } },
{ "type": "Feature", "properties": { "Id_Instal": 5186, "Codi_Carrer": 249304, "Tipus_Via": "C", "Nom_Carrer": "Pere IV", "Num_Carrer": "523", "Codi_Barri": 71, "Nom_Barri": "Provençals del Poblenou", "Codi_Districte": 10, "Nom_Districte": "Sant Martí", "Latitud": 41.418244, "Longitud": 2.209617, "ETRS89_X": 433949.261, "ETRS89_Y": 4585489.202, "Data_Instalacio": "20/11/2020", "Data_DesInstalacio": "14/06/2022", "Font": "TRÀNSIT", "nearest_node": 4431636962, "street_centrality": 0.0050680998265910816 }, "geometry": { "type": "Point", "coordinates": [ 2.209617, 41.418244 ] } },
{ "type": "Feature", "properties": { "Id_Instal": 5187, "Codi_Carrer": 143609, "Tipus_Via": "C", "Nom_Carrer": "Josep Pla", "Num_Carrer": "163", "Codi_Barri": 71, "Nom_Barri": "Provençals del Poblenou", "Codi_Districte": 10, "Nom_Districte": "Sant Martí", "Latitud": 41.415206, "Longitud": 2.207165, "ETRS89_X": 433741.27, "ETRS89_Y": 4585153.845, "Data_Instalacio": "20/11/2020", "Data_DesInstalacio": null, "Font": "TRÀNSIT", "nearest_node": 541644026, "street_centrality": 0.0029046599894543665 }, "geometry": { "type": "Point", "coordinates": [ 2.207165, 41.415206 ] } },
{ "type": "Feature", "properties": { "Id_Instal": 5188, "Codi_Carrer": 249304, "Tipus_Via": "C", "Nom_Carrer": "Pere IV", "Num_Carrer": "416", "Codi_Barri": 71, "Nom_Barri": "Provençals del Poblenou", "Codi_Districte": 10, "Nom_Districte": "Sant Martí", "Latitud": 41.412182, "Longitud": 2.204888, "ETRS89_X": 433547.907, "ETRS89_Y": 4584819.847, "Data_Instalacio": "20/11/2020", "Data_DesInstalacio": "01/09/2022", "Font": "TRÀNSIT", "nearest_node": 11887554791, "street_centrality": 0.0034635298537303181 }, "geometry": { "type": "Point", "coordinates": [ 2.204888, 41.412182 ] } },
{ "type": "Feature", "properties": { "Id_Instal": 5206, "Codi_Carrer": 169409, "Tipus_Via": "G.V.", "Nom_Carrer": "Corts Catalanes", "Num_Carrer": "755", "Codi_Barri": 5, "Nom_Barri": "el Fort Pienc", "Codi_Districte": 2, "Nom_Districte": "L'Eixample", "Latitud": 41.401284, "Longitud": 2.183707, "ETRS89_X": 431766.261, "ETRS89_Y": 4583626.412, "Data_Instalacio": "03/02/2021", "Data_DesInstalacio": "09/03/2021", "Font": "OBRES", "nearest_node": 9605043050, "street_centrality": 0.0049977486352169682 }, "geometry": { "type": "Point", "coordinates": [ 2.183707, 41.401284 ] } },
{ "type": "Feature", "properties": { "Id_Instal": 5207, "Codi_Carrer": 43400, "Tipus_Via": "C", "Nom_Carrer": "Blai", "Num_Carrer": "41", "Codi_Barri": 11, "Nom_Barri": "el Poble Sec", "Codi_Districte": 3, "Nom_Districte": "Sants-Montjuïc", "Latitud": 41.374055, "Longitud": 2.163579, "ETRS89_X": 430054.558, "ETRS89_Y": 4580619.516, "Data_Instalacio": "03/02/2021", "Data_DesInstalacio": "13/05/2021", "Font": "OCI", "nearest_node": 4834501650, "street_centrality": 0.011524087956610658 }, "geometry": { "type": "Point", "coordinates": [ 2.163579, 41.374055 ] } },
{ "type": "Feature", "properties": { "Id_Instal": 5226, "Codi_Carrer": 18505, "Tipus_Via": "C", "Nom_Carrer": "Aragó", "Num_Carrer": "346", "Codi_Barri": 7, "Nom_Barri": "la Dreta de l'Eixample", "Codi_Districte": 2, "Nom_Districte": "L'Eixample", "Latitud": 41.396322, "Longitud": 2.170567, "ETRS89_X": 430662.643, "ETRS89_Y": 4583085.947, "Data_Instalacio": "03/02/2021", "Data_DesInstalacio": "02/09/2021", "Font": "TRÀNSIT", "nearest_node": 30243210, "street_centrality": 0.028397680505308848 }, "geometry": { "type": "Point", "coordinates": [ 2.170567, 41.396322 ] } },
{ "type": "Feature", "properties": { "Id_Instal": 5246, "Codi_Carrer": 86403, "Tipus_Via": "Pl", "Nom_Carrer": "Concòrdia", "Num_Carrer": "7", "Codi_Barri": 19, "Nom_Barri": "les Corts", "Codi_Districte": 4, "Nom_Districte": "Les Corts", "Latitud": 41.386486, "Longitud": 2.132121, "ETRS89_X": 427437.693, "ETRS89_Y": 4582025.479, "Data_Instalacio": "04/02/2021", "Data_DesInstalacio": "11/03/2021", "Font": "OCI", "nearest_node": 998615847, "street_centrality": 0.0 }, "geometry": { "type": "Point", "coordinates": [ 2.132121, 41.386486 ] } },
{ "type": "Feature", "properties": { "Id_Instal": 5247, "Codi_Carrer": 193403, "Tipus_Via": "Plta", "Nom_Carrer": "Manuel Ribé", "Num_Carrer": "2", "Codi_Barri": 2, "Nom_Barri": "el Barri Gòtic", "Codi_Districte": 1, "Nom_Districte": "Ciutat Vella", "Latitud": 41.382625, "Longitud": 2.17545, "ETRS89_X": 431056.362, "ETRS89_Y": 4581561.515, "Data_Instalacio": "04/02/2021", "Data_DesInstalacio": "20/10/2021", "Font": "OCI", "nearest_node": 2529520245, "street_centrality": 0.0011723322530582145 }, "geometry": { "type": "Point", "coordinates": [ 2.17545, 41.382625 ] } },
{ "type": "Feature", "properties": { "Id_Instal": 5266, "Codi_Carrer": 208001, "Tipus_Via": "C", "Nom_Carrer": "Torrent de l'Olla", "Num_Carrer": "218", "Codi_Barri": 31, "Nom_Barri": "la Vila de Gràcia", "Codi_Districte": 6, "Nom_Districte": "Gràcia", "Latitud": 41.406216, "Longitud": 2.152848, "ETRS89_X": 429192.067, "ETRS89_Y": 4584198.701, "Data_Instalacio": "04/03/2021", "Data_DesInstalacio": "17/03/2021", "Font": "PROVES", "nearest_node": 30960868, "street_centrality": 0.011212854285971583 }, "geometry": { "type": "Point", "coordinates": [ 2.152848, 41.406216 ] } },
{ "type": "Feature", "properties": { "Id_Instal": 5286, "Codi_Carrer": 169409, "Tipus_Via": "G.V.", "Nom_Carrer": "Corts Catalanes", "Num_Carrer": "755", "Codi_Barri": 5, "Nom_Barri": "el Fort Pienc", "Codi_Districte": 2, "Nom_Districte": "L'Eixample", "Latitud": 41.401284, "Longitud": 2.183707, "ETRS89_X": 431766.261, "ETRS89_Y": 4583626.412, "Data_Instalacio": "09/03/2021", "Data_DesInstalacio": "08/06/2021", "Font": "OBRES", "nearest_node": 9605043050, "street_centrality": 0.0049977486352169682 }, "geometry": { "type": "Point", "coordinates": [ 2.183707, 41.401284 ] } },
{ "type": "Feature", "properties": { "Id_Instal": 5306, "Codi_Carrer": 350308, "Tipus_Via": "C", "Nom_Carrer": "València", "Num_Carrer": "369", "Codi_Barri": 7, "Nom_Barri": "la Dreta de l'Eixample", "Codi_Districte": 2, "Nom_Districte": "L'Eixample", "Latitud": 41.399072, "Longitud": 2.171695, "ETRS89_X": 430759.837, "ETRS89_Y": 4583390.357, "Data_Instalacio": "09/03/2021", "Data_DesInstalacio": "28/09/2021", "Font": "TRÀNSIT", "nearest_node": 30243120, "street_centrality": 0.01570970243860487 }, "geometry": { "type": "Point", "coordinates": [ 2.171695, 41.399072 ] } },
{ "type": "Feature", "properties": { "Id_Instal": 5326, "Codi_Carrer": 266405, "Tipus_Via": "Rbla", "Nom_Carrer": "Prim", "Num_Carrer": "19", "Codi_Barri": 70, "Nom_Barri": "el Besòs i el Maresme", "Codi_Districte": 10, "Nom_Districte": "Sant Martí", "Latitud": 41.411656, "Longitud": 2.218416, "ETRS89_X": 434678.029, "ETRS89_Y": 4584751.178, "Data_Instalacio": "10/03/2021", "Data_DesInstalacio": "30/06/2022", "Font": "OCI", "nearest_node": 1297470708, "street_centrality": 0.00080144077213389225 }, "geometry": { "type": "Point", "coordinates": [ 2.218416, 41.411656 ] } },
{ "type": "Feature", "properties": { "Id_Instal": 5346, "Codi_Carrer": 86403, "Tipus_Via": "Pl", "Nom_Carrer": "Concòrdia", "Num_Carrer": "7", "Codi_Barri": 19, "Nom_Barri": "les Corts", "Codi_Districte": 4, "Nom_Districte": "Les Corts", "Latitud": 41.386486, "Longitud": 2.132121, "ETRS89_X": 427437.693, "ETRS89_Y": 4582025.479, "Data_Instalacio": "11/03/2021", "Data_DesInstalacio": null, "Font": "OCI", "nearest_node": 998615847, "street_centrality": 0.0 }, "geometry": { "type": "Point", "coordinates": [ 2.132121, 41.386486 ] } },
{ "type": "Feature", "properties": { "Id_Instal": 5347, "Codi_Carrer": 348408, "Tipus_Via": "C", "Nom_Carrer": "Tuset", "Num_Carrer": "8", "Codi_Barri": 26, "Nom_Barri": "Galvany", "Codi_Districte": 5, "Nom_Districte": "Sarrià-Sant Gervasi", "Latitud": 41.39545, "Longitud": 2.152753, "ETRS89_X": 429172.441, "ETRS89_Y": 4583003.592, "Data_Instalacio": "11/03/2021", "Data_DesInstalacio": "02/10/2023", "Font": "OCI", "nearest_node": 5094317308, "street_centrality": 0.0031900044216677677 }, "geometry": { "type": "Point", "coordinates": [ 2.152753, 41.39545 ] } },
{ "type": "Feature", "properties": { "Id_Instal": 5386, "Codi_Carrer": 361406, "Tipus_Via": "C", "Nom_Carrer": "Viladomat", "Num_Carrer": "2", "Codi_Barri": 10, "Nom_Barri": "Sant Antoni", "Codi_Districte": 2, "Nom_Districte": "L'Eixample", "Latitud": 41.37554, "Longitud": 2.16288, "ETRS89_X": 429997.725, "ETRS89_Y": 4580784.972, "Data_Instalacio": "23/03/2021", "Data_DesInstalacio": "20/09/2021", "Font": "XARXA DE TRANSPORT PÚBLIC", "nearest_node": 1092685773, "street_centrality": 0.0060941016015911408 }, "geometry": { "type": "Point", "coordinates": [ 2.16288, 41.37554 ] } },
{ "type": "Feature", "properties": { "Id_Instal": 5387, "Codi_Carrer": 176801, "Tipus_Via": "C", "Nom_Carrer": "Roger de Llúria", "Num_Carrer": "125", "Codi_Barri": 7, "Nom_Barri": "la Dreta de l'Eixample", "Codi_Districte": 2, "Nom_Districte": "L'Eixample", "Latitud": 41.39681, "Longitud": 2.16328, "ETRS89_X": 430054.0, "ETRS89_Y": 4583146.0, "Data_Instalacio": "23/03/2021", "Data_DesInstalacio": "20/07/2021", "Font": "PATIS D'ESCOLA", "nearest_node": 30254348, "street_centrality": 0.006744709419418936 }, "geometry": { "type": "Point", "coordinates": [ 2.16328, 41.39681 ] } },
{ "type": "Feature", "properties": { "Id_Instal": 5406, "Codi_Carrer": 43400, "Tipus_Via": "C", "Nom_Carrer": "Blai", "Num_Carrer": "41", "Codi_Barri": 11, "Nom_Barri": "el Poble Sec", "Codi_Districte": 3, "Nom_Districte": "Sants-Montjuïc", "Latitud": 41.374055, "Longitud": 2.163579, "ETRS89_X": 430054.558, "ETRS89_Y": 4580619.516, "Data_Instalacio": "20/05/2021", "Data_DesInstalacio": "02/09/2021", "Font": "OCI", "nearest_node": 4834501650, "street_centrality": 0.011524087956610658 }, "geometry": { "type": "Point", "coordinates": [ 2.163579, 41.374055 ] } },
{ "type": "Feature", "properties": { "Id_Instal": 5426, "Codi_Carrer": 177101, "Tipus_Via": "Via", "Nom_Carrer": "Laietana", "Num_Carrer": "16", "Codi_Barri": 4, "Nom_Barri": "Sant Pere, Santa Caterina i la Ribera", "Codi_Districte": 1, "Nom_Districte": "Ciutat Vella", "Latitud": 41.383288, "Longitud": 2.17975, "ETRS89_X": 431416.605, "ETRS89_Y": 4581631.729, "Data_Instalacio": "20/04/2021", "Data_DesInstalacio": "15/06/2022", "Font": "TRÀNSIT", "nearest_node": 240940059, "street_centrality": 1.238180968184384e-05 }, "geometry": { "type": "Point", "coordinates": [ 2.17975, 41.383288 ] } },
{ "type": "Feature", "properties": { "Id_Instal": 5446, "Codi_Carrer": 247659, "Tipus_Via": "C", "Nom_Carrer": "Pau Claris", "Num_Carrer": "131", "Codi_Barri": 7, "Nom_Barri": "la Dreta de l'Eixample", "Codi_Districte": 2, "Nom_Districte": "L'Eixample", "Latitud": 41.393091, "Longitud": 2.166431, "ETRS89_X": 430313.436, "ETRS89_Y": 4582730.666, "Data_Instalacio": "20/04/2021", "Data_DesInstalacio": "15/10/2021", "Font": "TRÀNSIT", "nearest_node": 30254224, "street_centrality": 0.03388901309920659 }, "geometry": { "type": "Point", "coordinates": [ 2.166431, 41.393091 ] } },
{ "type": "Feature", "properties": { "Id_Instal": 5466, "Codi_Carrer": 125006, "Tipus_Via": "C", "Nom_Carrer": "Fígols", "Num_Carrer": "20", "Codi_Barri": 19, "Nom_Barri": "les Corts", "Codi_Districte": 4, "Nom_Districte": "Les Corts", "Latitud": 41.381608, "Longitud": 2.130061, "ETRS89_X": 427260.073, "ETRS89_Y": 4581485.715, "Data_Instalacio": "29/04/2021", "Data_DesInstalacio": "10/11/2021", "Font": "TRÀNSIT", "nearest_node": 8121510021, "street_centrality": 0.0 }, "geometry": { "type": "Point", "coordinates": [ 2.130061, 41.381608 ] } },
{ "type": "Feature", "properties": { "Id_Instal": 5486, "Codi_Carrer": 179708, "Tipus_Via": "C", "Nom_Carrer": "Lincoln", "Num_Carrer": "4", "Codi_Barri": 26, "Nom_Barri": "Galvany", "Codi_Districte": 5, "Nom_Districte": "Sarrià-Sant Gervasi", "Latitud": 41.400139, "Longitud": 2.15057, "ETRS89_X": 428995.103, "ETRS89_Y": 4583525.962, "Data_Instalacio": "29/04/2021", "Data_DesInstalacio": "16/02/2022", "Font": "TRÀNSIT", "nearest_node": 30313348, "street_centrality": 0.0084702834414431723 }, "geometry": { "type": "Point", "coordinates": [ 2.15057, 41.400139 ] } },
{ "type": "Feature", "properties": { "Id_Instal": 5506, "Codi_Carrer": 167505, "Tipus_Via": "Pl", "Nom_Carrer": "Joanic", "Num_Carrer": "7", "Codi_Barri": 31, "Nom_Barri": "la Vila de Gràcia", "Codi_Districte": 6, "Nom_Districte": "Gràcia", "Latitud": 41.405521, "Longitud": 2.162211, "ETRS89_X": 429973.94, "ETRS89_Y": 4584113.95, "Data_Instalacio": "29/04/2021", "Data_DesInstalacio": null, "Font": "OCI", "nearest_node": 6960234560, "street_centrality": 0.010236942559229892 }, "geometry": { "type": "Point", "coordinates": [ 2.162211, 41.405521 ] } },
{ "type": "Feature", "properties": { "Id_Instal": 5526, "Codi_Carrer": 167505, "Tipus_Via": "Pl", "Nom_Carrer": "Joanic", "Num_Carrer": "4", "Codi_Barri": 31, "Nom_Barri": "la Vila de Gràcia", "Codi_Districte": 6, "Nom_Districte": "Gràcia", "Latitud": 41.405302, "Longitud": 2.162306, "ETRS89_X": 429981.651, "ETRS89_Y": 4584089.597, "Data_Instalacio": "29/04/2021", "Data_DesInstalacio": "17/09/2021", "Font": "OCI", "nearest_node": 6960234560, "street_centrality": 0.010236942559229892 }, "geometry": { "type": "Point", "coordinates": [ 2.162306, 41.405302 ] } },
{ "type": "Feature", "properties": { "Id_Instal": 5527, "Codi_Carrer": 274800, "Tipus_Via": "C", "Nom_Carrer": "Ramón y Cajal", "Num_Carrer": "154", "Codi_Barri": 31, "Nom_Barri": "la Vila de Gràcia", "Codi_Districte": 6, "Nom_Districte": "Gràcia", "Latitud": 41.405167, "Longitud": 2.162768, "ETRS89_X": 430020.152, "ETRS89_Y": 4584074.214, "Data_Instalacio": "29/04/2021", "Data_DesInstalacio": "21/09/2022", "Font": "OCI", "nearest_node": 260723993, "street_centrality": 0.0083537818685276415 }, "geometry": { "type": "Point", "coordinates": [ 2.162768, 41.405167 ] } },
{ "type": "Feature", "properties": { "Id_Instal": 5528, "Codi_Carrer": 112004, "Tipus_Via": "C", "Nom_Carrer": "Escorial", "Num_Carrer": "12", "Codi_Barri": 32, "Nom_Barri": "el Camp d'en Grassot i Gràcia Nova", "Codi_Districte": 6, "Nom_Districte": "Gràcia", "Latitud": 41.405534, "Longitud": 2.163067, "ETRS89_X": 430045.512, "ETRS89_Y": 4584114.742, "Data_Instalacio": "29/04/2021", "Data_DesInstalacio": "03/05/2023", "Font": "OCI", "nearest_node": 260723993, "street_centrality": 0.0083537818685276415 }, "geometry": { "type": "Point", "coordinates": [ 2.163067, 41.405534 ] } },
{ "type": "Feature", "properties": { "Id_Instal": 5566, "Codi_Carrer": 161101, "Tipus_Via": "C", "Nom_Carrer": "Independència", "Num_Carrer": "297", "Codi_Barri": 64, "Nom_Barri": "el Camp de l'Arpa del Clot", "Codi_Districte": 10, "Nom_Districte": "Sant Martí", "Latitud": 41.408356, "Longitud": 2.182525, "ETRS89_X": 431674.905, "ETRS89_Y": 4584412.506, "Data_Instalacio": "13/05/2021", "Data_DesInstalacio": "06/07/2021", "Font": "OBRES", "nearest_node": 1860575763, "street_centrality": 0.0077881582898797755 }, "geometry": { "type": "Point", "coordinates": [ 2.182525, 41.408356 ] } },
{ "type": "Feature", "properties": { "Id_Instal": 5586, "Codi_Carrer": 209900, "Tipus_Via": "Av", "Nom_Carrer": "Meridiana", "Num_Carrer": "194", "Codi_Barri": 65, "Nom_Barri": "el Clot", "Codi_Districte": 10, "Nom_Districte": "Sant Martí", "Latitud": 41.413608, "Longitud": 2.187111, "ETRS89_X": 432063.613, "ETRS89_Y": 4584991.918, "Data_Instalacio": "13/05/2021", "Data_DesInstalacio": "15/06/2022", "Font": "OBRES", "nearest_node": 2293731604, "street_centrality": 0.024062358688070527 }, "geometry": { "type": "Point", "coordinates": [ 2.187111, 41.413608 ] } },
{ "type": "Feature", "properties": { "Id_Instal": 5606, "Codi_Carrer": 701704, "Tipus_Via": "Pl", "Nom_Carrer": "Joan Pelegrí", "Num_Carrer": "1", "Codi_Barri": 15, "Nom_Barri": "Hostafrancs", "Codi_Districte": 3, "Nom_Districte": "Sants-Montjuïc", "Latitud": 41.376316, "Longitud": 2.142397, "ETRS89_X": 428285.732, "ETRS89_Y": 4580887.915, "Data_Instalacio": "27/05/2021", "Data_DesInstalacio": "16/06/2022", "Font": "ZONES PEATONALS", "nearest_node": 539184669, "street_centrality": 0.01017053103457273 }, "geometry": { "type": "Point", "coordinates": [ 2.142397, 41.376316 ] } },
{ "type": "Feature", "properties": { "Id_Instal": 5626, "Codi_Carrer": 358004, "Tipus_Via": "C", "Nom_Carrer": "Vesuvi", "Num_Carrer": "35", "Codi_Barri": 52, "Nom_Barri": "la Prosperitat", "Codi_Districte": 8, "Nom_Districte": "Nou Barris", "Latitud": 41.445836, "Longitud": 2.185651, "ETRS89_X": 431975.315, "ETRS89_Y": 4588571.027, "Data_Instalacio": "03/06/2021", "Data_DesInstalacio": "09/11/2021", "Font": "TRÀNSIT", "nearest_node": 30296055, "street_centrality": 3.7145429045531522e-05 }, "geometry": { "type": "Point", "coordinates": [ 2.185651, 41.445836 ] } },
{ "type": "Feature", "properties": { "Id_Instal": 5646, "Codi_Carrer": 209900, "Tipus_Via": "Av", "Nom_Carrer": "Meridiana", "Num_Carrer": "97", "Codi_Barri": 65, "Nom_Barri": "el Clot", "Codi_Districte": 10, "Nom_Districte": "Sant Martí", "Latitud": 41.406891, "Longitud": 2.186659, "ETRS89_X": 432018.872, "ETRS89_Y": 4584246.58, "Data_Instalacio": "08/06/2021", "Data_DesInstalacio": null, "Font": "TRÀNSIT", "nearest_node": 1100295145, "street_centrality": 0.01065342161216464 }, "geometry": { "type": "Point", "coordinates": [ 2.186659, 41.406891 ] } },
{ "type": "Feature", "properties": { "Id_Instal": 5666, "Codi_Carrer": 207202, "Tipus_Via": "C", "Nom_Carrer": "Mejía Lequerica", "Num_Carrer": "22", "Codi_Barri": 20, "Nom_Barri": "la Maternitat i Sant Ramon", "Codi_Districte": 4, "Nom_Districte": "Les Corts", "Latitud": 41.383306, "Longitud": 2.126747, "ETRS89_X": 426984.839, "ETRS89_Y": 4581676.93, "Data_Instalacio": "15/06/2021", "Data_DesInstalacio": "07/06/2022", "Font": "PARCS, PATIS INTERIOR D'ILLA I ZEPQA", "nearest_node": 690411236, "street_centrality": 0.0 }, "geometry": { "type": "Point", "coordinates": [ 2.126747, 41.383306 ] } },
{ "type": "Feature", "properties": { "Id_Instal": 5686, "Codi_Carrer": 310008, "Tipus_Via": "C", "Nom_Carrer": "Sant Quintí", "Num_Carrer": "32", "Codi_Barri": 64, "Nom_Barri": "el Camp de l'Arpa del Clot", "Codi_Districte": 10, "Nom_Districte": "Sant Martí", "Latitud": 41.413429, "Longitud": 2.17823, "ETRS89_X": 431321.243, "ETRS89_Y": 4584979.075, "Data_Instalacio": "16/06/2021", "Data_DesInstalacio": "13/11/2021", "Font": "TRÀNSIT", "nearest_node": 30555009, "street_centrality": 0.01090162061533251 }, "geometry": { "type": "Point", "coordinates": [ 2.17823, 41.413429 ] } },
{ "type": "Feature", "properties": { "Id_Instal": 5706, "Codi_Carrer": 178400, "Tipus_Via": "C", "Nom_Carrer": "Lleida", "Num_Carrer": "32", "Codi_Barri": 11, "Nom_Barri": "el Poble Sec", "Codi_Districte": 3, "Nom_Districte": "Sants-Montjuïc", "Latitud": 41.373418, "Longitud": 2.154793, "ETRS89_X": 429319.12, "ETRS89_Y": 4580555.994, "Data_Instalacio": "18/06/2021", "Data_DesInstalacio": "21/09/2021", "Font": "TRÀNSIT", "nearest_node": 4834501685, "street_centrality": 0.0065049525592159596 }, "geometry": { "type": "Point", "coordinates": [ 2.154793, 41.373418 ] } },
{ "type": "Feature", "properties": { "Id_Instal": 5707, "Codi_Carrer": 110803, "Tipus_Via": "C", "Nom_Carrer": "Entença", "Num_Carrer": "155", "Codi_Barri": 9, "Nom_Barri": "la Nova Esquerra de l'Eixample", "Codi_Districte": 2, "Nom_Districte": "L'Eixample", "Latitud": 41.383079, "Longitud": 2.145831, "ETRS89_X": 428580.275, "ETRS89_Y": 4581635.882, "Data_Instalacio": "18/06/2021", "Data_DesInstalacio": "19/10/2021", "Font": "TRÀNSIT", "nearest_node": 30238017, "street_centrality": 0.011911300913933776 }, "geometry": { "type": "Point", "coordinates": [ 2.145831, 41.383079 ] } },
{ "type": "Feature", "properties": { "Id_Instal": 5746, "Codi_Carrer": 16703, "Tipus_Via": "C", "Nom_Carrer": "Anglesola", "Num_Carrer": "29", "Codi_Barri": 19, "Nom_Barri": "les Corts", "Codi_Districte": 4, "Nom_Districte": "Les Corts", "Latitud": 41.388368, "Longitud": 2.133023, "ETRS89_X": 427515.261, "ETRS89_Y": 4582233.72, "Data_Instalacio": "29/06/2021", "Data_DesInstalacio": "16/02/2022", "Font": "TRÀNSIT", "nearest_node": 12919487149, "street_centrality": 0.0077785905278528961 }, "geometry": { "type": "Point", "coordinates": [ 2.133023, 41.388368 ] } },
{ "type": "Feature", "properties": { "Id_Instal": 5766, "Codi_Carrer": 329902, "Tipus_Via": "C", "Nom_Carrer": "Tamarit", "Num_Carrer": "165", "Codi_Barri": 10, "Nom_Barri": "Sant Antoni", "Codi_Districte": 2, "Nom_Districte": "L'Eixample", "Latitud": 41.378803, "Longitud": 2.160936, "ETRS89_X": 429838.641, "ETRS89_Y": 4581148.868, "Data_Instalacio": "14/07/2021", "Data_DesInstalacio": null, "Font": "TRÀNSIT", "nearest_node": 3214268719, "street_centrality": 0.00046656910119311564 }, "geometry": { "type": "Point", "coordinates": [ 2.160936, 41.378803 ] } },
{ "type": "Feature", "properties": { "Id_Instal": 5767, "Codi_Carrer": 701326, "Tipus_Via": "Rbla", "Nom_Carrer": "Fabra i Puig", "Num_Carrer": "76", "Codi_Barri": 60, "Nom_Barri": "Sant Andreu", "Codi_Districte": 9, "Nom_Districte": "Sant Andreu", "Latitud": 41.43017, "Longitud": 2.186124, "ETRS89_X": 431998.41, "ETRS89_Y": 4586831.41, "Data_Instalacio": "14/07/2021", "Data_DesInstalacio": "27/08/2021", "Font": "NETEJA", "nearest_node": 434471880, "street_centrality": 0.0035502025215032249 }, "geometry": { "type": "Point", "coordinates": [ 2.186124, 41.43017 ] } },
{ "type": "Feature", "properties": { "Id_Instal": 5768, "Codi_Carrer": 296202, "Tipus_Via": "C", "Nom_Carrer": "Gran de Sant Andreu", "Num_Carrer": "151", "Codi_Barri": 60, "Nom_Barri": "Sant Andreu", "Codi_Districte": 9, "Nom_Districte": "Sant Andreu", "Latitud": 41.431997, "Longitud": 2.18928, "ETRS89_X": 432264.08, "ETRS89_Y": 4587031.839, "Data_Instalacio": "14/07/2021", "Data_DesInstalacio": "27/08/2021", "Font": "NETEJA", "nearest_node": 598224514, "street_centrality": 0.011501575575370942 }, "geometry": { "type": "Point", "coordinates": [ 2.18928, 41.431997 ] } },
{ "type": "Feature", "properties": { "Id_Instal": 5786, "Codi_Carrer": 134801, "Tipus_Via": "C", "Nom_Carrer": "Freser", "Num_Carrer": "7", "Codi_Barri": 64, "Nom_Barri": "el Camp de l'Arpa del Clot", "Codi_Districte": 10, "Nom_Districte": "Sant Martí", "Latitud": 41.410032, "Longitud": 2.179231, "ETRS89_X": 431401.332, "ETRS89_Y": 4584601.133, "Data_Instalacio": "21/07/2021", "Data_DesInstalacio": "21/09/2021", "Font": "ANIMALS", "nearest_node": 1303440737, "street_centrality": 0.020130008495023121 }, "geometry": { "type": "Point", "coordinates": [ 2.179231, 41.410032 ] } },
{ "type": "Feature", "properties": { "Id_Instal": 5806, "Codi_Carrer": 110304, "Tipus_Via": "C", "Nom_Carrer": "Enric Granados", "Num_Carrer": "143", "Codi_Barri": 8, "Nom_Barri": "l'Antiga Esquerra de l'Eixample", "Codi_Districte": 2, "Nom_Districte": "L'Eixample", "Latitud": 41.394284, "Longitud": 2.153715, "ETRS89_X": 429251.6, "ETRS89_Y": 4582873.354, "Data_Instalacio": "22/07/2021", "Data_DesInstalacio": "12/05/2022", "Font": "OCI", "nearest_node": 30237616, "street_centrality": 7.9918953400992068e-05 }, "geometry": { "type": "Point", "coordinates": [ 2.153715, 41.394284 ] } },
{ "type": "Feature", "properties": { "Id_Instal": 5807, "Codi_Carrer": 110304, "Tipus_Via": "C", "Nom_Carrer": "Enric Granados", "Num_Carrer": "30", "Codi_Barri": 8, "Nom_Barri": "l'Antiga Esquerra de l'Eixample", "Codi_Districte": 2, "Nom_Districte": "L'Eixample", "Latitud": 41.390262, "Longitud": 2.159182, "ETRS89_X": 429704.312, "ETRS89_Y": 4582422.348, "Data_Instalacio": "22/07/2021", "Data_DesInstalacio": "02/05/2022", "Font": "OCI", "nearest_node": 30243322, "street_centrality": 0.036026000888386638 }, "geometry": { "type": "Point", "coordinates": [ 2.159182, 41.390262 ] } },
{ "type": "Feature", "properties": { "Id_Instal": 5847, "Codi_Carrer": 158901, "Tipus_Via": "Pl", "Nom_Carrer": "Osca", "Num_Carrer": "10", "Codi_Barri": 18, "Nom_Barri": "Sants", "Codi_Districte": 3, "Nom_Districte": "Sants-Montjuïc", "Latitud": 41.376153, "Longitud": 2.138468, "ETRS89_X": 427957.0, "ETRS89_Y": 4580873.0, "Data_Instalacio": "02/09/2021", "Data_DesInstalacio": "10/11/2021", "Font": "SUPERILLA", "nearest_node": 30294200, "street_centrality": 0.00011143628713659457 }, "geometry": { "type": "Point", "coordinates": [ 2.138468, 41.376153 ] } },
{ "type": "Feature", "properties": { "Id_Instal": 5867, "Codi_Carrer": 43400, "Tipus_Via": "C", "Nom_Carrer": "Blai", "Num_Carrer": "41", "Codi_Barri": 11, "Nom_Barri": "el Poble Sec", "Codi_Districte": 3, "Nom_Districte": "Sants-Montjuïc", "Latitud": 41.374055, "Longitud": 2.163579, "ETRS89_X": 430054.558, "ETRS89_Y": 4580619.516, "Data_Instalacio": "23/09/2021", "Data_DesInstalacio": "02/03/2022", "Font": "OCI", "nearest_node": 4834501650, "street_centrality": 0.011524087956610658 }, "geometry": { "type": "Point", "coordinates": [ 2.163579, 41.374055 ] } },
{ "type": "Feature", "properties": { "Id_Instal": 5869, "Codi_Carrer": 10900, "Tipus_Via": "C", "Nom_Carrer": "Pepe Rubianes", "Num_Carrer": "16", "Codi_Barri": 3, "Nom_Barri": "la Barceloneta", "Codi_Districte": 1, "Nom_Districte": "Ciutat Vella", "Latitud": 41.378318, "Longitud": 2.189727, "ETRS89_X": 432245.672, "ETRS89_Y": 4581072.044, "Data_Instalacio": "23/09/2021", "Data_DesInstalacio": "02/05/2022", "Font": "OCI", "nearest_node": 1636238504, "street_centrality": 0.0015223997813357995 }, "geometry": { "type": "Point", "coordinates": [ 2.189727, 41.378318 ] } },
{ "type": "Feature", "properties": { "Id_Instal": 5886, "Codi_Carrer": 208001, "Tipus_Via": "C", "Nom_Carrer": "Torrent de l'Olla", "Num_Carrer": "218", "Codi_Barri": 31, "Nom_Barri": "la Vila de Gràcia", "Codi_Districte": 6, "Nom_Districte": "Gràcia", "Latitud": 41.406216, "Longitud": 2.152848, "ETRS89_X": 429192.067, "ETRS89_Y": 4584198.701, "Data_Instalacio": "30/09/2021", "Data_DesInstalacio": "07/10/2021", "Font": "PROVES", "nearest_node": 30960868, "street_centrality": 0.011212854285971583 }, "geometry": { "type": "Point", "coordinates": [ 2.152848, 41.406216 ] } },
{ "type": "Feature", "properties": { "Id_Instal": 5926, "Codi_Carrer": 307900, "Tipus_Via": "Pl", "Nom_Carrer": "Sant Miquel", "Num_Carrer": "0", "Codi_Barri": 2, "Nom_Barri": "el Barri Gòtic", "Codi_Districte": 1, "Nom_Districte": "Ciutat Vella", "Latitud": 41.381787, "Longitud": 2.177176, "ETRS89_X": 431199.81, "ETRS89_Y": 4581467.092, "Data_Instalacio": "28/09/2021", "Data_DesInstalacio": "09/06/2022", "Font": "ZONES PEATONALS", "nearest_node": 30243958, "street_centrality": 0.0016180774016045928 }, "geometry": { "type": "Point", "coordinates": [ 2.177176, 41.381787 ] } },
{ "type": "Feature", "properties": { "Id_Instal": 5946, "Codi_Carrer": 182702, "Tipus_Via": "C", "Nom_Carrer": "Lluís Muntadas", "Num_Carrer": "9", "Codi_Barri": 25, "Nom_Barri": "la Bonanova", "Codi_Districte": 5, "Nom_Districte": "Sarrià-Sant Gervasi", "Latitud": 41.416079, "Longitud": 2.13319, "ETRS89_X": 427560.0, "ETRS89_Y": 4585310.0, "Data_Instalacio": "07/10/2021", "Data_DesInstalacio": "25/11/2021", "Font": "PATIS D'ESCOLA", "nearest_node": 430759503, "street_centrality": 0.0 }, "geometry": { "type": "Point", "coordinates": [ 2.13319, 41.416079 ] } },
{ "type": "Feature", "properties": { "Id_Instal": 5966, "Codi_Carrer": 101700, "Tipus_Via": "C", "Nom_Carrer": "Doctor Ferran", "Num_Carrer": "51", "Codi_Barri": 21, "Nom_Barri": "Pedralbes", "Codi_Districte": 4, "Nom_Districte": "Les Corts", "Latitud": 41.390594, "Longitud": 2.123365, "ETRS89_X": 426710.268, "ETRS89_Y": 4582488.986, "Data_Instalacio": "20/10/2021", "Data_DesInstalacio": "13/01/2022", "Font": "XARXA DE TRANSPORT PÚBLIC", "nearest_node": 359237696, "street_centrality": 0.0 }, "geometry": { "type": "Point", "coordinates": [ 2.123365, 41.390594 ] } },
{ "type": "Feature", "properties": { "Id_Instal": 5986, "Codi_Carrer": 208001, "Tipus_Via": "C", "Nom_Carrer": "Torrent de l'Olla", "Num_Carrer": "121", "Codi_Barri": 31, "Nom_Barri": "la Vila de Gràcia", "Codi_Districte": 6, "Nom_Districte": "Gràcia", "Latitud": 41.402708, "Longitud": 2.156512, "ETRS89_X": 429494.607, "ETRS89_Y": 4583806.357, "Data_Instalacio": "20/10/2021", "Data_DesInstalacio": "07/10/2022", "Font": "TRÀNSIT", "nearest_node": 30556744, "street_centrality": 0.022478049858325508 }, "geometry": { "type": "Point", "coordinates": [ 2.156512, 41.402708 ] } },
{ "type": "Feature", "properties": { "Id_Instal": 6006, "Codi_Carrer": 208001, "Tipus_Via": "C", "Nom_Carrer": "Torrent de l'Olla", "Num_Carrer": "51", "Codi_Barri": 31, "Nom_Barri": "la Vila de Gràcia", "Codi_Districte": 6, "Nom_Districte": "Gràcia", "Latitud": 41.400282, "Longitud": 2.159417, "ETRS89_X": 429734.779, "ETRS89_Y": 4583534.581, "Data_Instalacio": "20/10/2021", "Data_DesInstalacio": "07/10/2022", "Font": "TRÀNSIT", "nearest_node": 30554503, "street_centrality": 0.014904321999754026 }, "geometry": { "type": "Point", "coordinates": [ 2.159417, 41.400282 ] } },
{ "type": "Feature", "properties": { "Id_Instal": 6007, "Codi_Carrer": 208001, "Tipus_Via": "C", "Nom_Carrer": "Torrent de l'Olla", "Num_Carrer": "224", "Codi_Barri": 31, "Nom_Barri": "la Vila de Gràcia", "Codi_Districte": 6, "Nom_Districte": "Gràcia", "Latitud": 41.406996, "Longitud": 2.151799, "ETRS89_X": 429105.253, "ETRS89_Y": 4584286.206, "Data_Instalacio": "20/10/2021", "Data_DesInstalacio": "20/04/2022", "Font": "TRÀNSIT", "nearest_node": 8498379926, "street_centrality": 0.0 }, "geometry": { "type": "Point", "coordinates": [ 2.151799, 41.406996 ] } },
{ "type": "Feature", "properties": { "Id_Instal": 6009, "Codi_Carrer": 193403, "Tipus_Via": "Plta", "Nom_Carrer": "Manuel Ribé", "Num_Carrer": "2", "Codi_Barri": 2, "Nom_Barri": "el Barri Gòtic", "Codi_Districte": 1, "Nom_Districte": "Ciutat Vella", "Latitud": 41.382625, "Longitud": 2.17545, "ETRS89_X": 431056.362, "ETRS89_Y": 4581561.515, "Data_Instalacio": "20/10/2021", "Data_DesInstalacio": "02/03/2022", "Font": "OCI", "nearest_node": 2529520245, "street_centrality": 0.0011723322530582145 }, "geometry": { "type": "Point", "coordinates": [ 2.17545, 41.382625 ] } },
{ "type": "Feature", "properties": { "Id_Instal": 6026, "Codi_Carrer": 366400, "Tipus_Via": "Pl", "Nom_Carrer": "Virreina", "Num_Carrer": "4", "Codi_Barri": 31, "Nom_Barri": "la Vila de Gràcia", "Codi_Districte": 6, "Nom_Districte": "Gràcia", "Latitud": 41.405117, "Longitud": 2.157312, "ETRS89_X": 429564.061, "ETRS89_Y": 4584073.118, "Data_Instalacio": "22/10/2021", "Data_DesInstalacio": null, "Font": "OCI", "nearest_node": 567448762, "street_centrality": 0.00024482214598191233 }, "geometry": { "type": "Point", "coordinates": [ 2.157312, 41.405117 ] } },
{ "type": "Feature", "properties": { "Id_Instal": 6046, "Codi_Carrer": 88001, "Tipus_Via": "C", "Nom_Carrer": "Comtes de Bell-lloc", "Num_Carrer": "182", "Codi_Barri": 19, "Nom_Barri": "les Corts", "Codi_Districte": 4, "Nom_Districte": "Les Corts", "Latitud": 41.383103, "Longitud": 2.135674, "ETRS89_X": 427731.0, "ETRS89_Y": 4581647.0, "Data_Instalacio": "25/10/2021", "Data_DesInstalacio": "16/11/2021", "Font": "PATIS D'ESCOLA", "nearest_node": 30237481, "street_centrality": 0.0083965553928831028 }, "geometry": { "type": "Point", "coordinates": [ 2.135674, 41.383103 ] } },
{ "type": "Feature", "properties": { "Id_Instal": 6086, "Codi_Carrer": 351901, "Tipus_Via": "Pg", "Nom_Carrer": "Valldaura", "Num_Carrer": "24", "Codi_Barri": 43, "Nom_Barri": "Horta", "Codi_Districte": 7, "Nom_Districte": "Horta-Guinardó", "Latitud": 41.437482, "Longitud": 2.156005, "ETRS89_X": 429489.839, "ETRS89_Y": 4587667.269, "Data_Instalacio": "11/11/2021", "Data_DesInstalacio": "16/06/2022", "Font": "TRÀNSIT", "nearest_node": 770847795, "street_centrality": 0.014775438617156652 }, "geometry": { "type": "Point", "coordinates": [ 2.156005, 41.437482 ] } },
{ "type": "Feature", "properties": { "Id_Instal": 6106, "Codi_Carrer": 202402, "Tipus_Via": "Pl", "Nom_Carrer": "Masadas", "Num_Carrer": "1", "Codi_Barri": 61, "Nom_Barri": "la Sagrera", "Codi_Districte": 9, "Nom_Districte": "Sant Andreu", "Latitud": 41.424877, "Longitud": 2.189826, "ETRS89_X": 432302.259, "ETRS89_Y": 4586240.863, "Data_Instalacio": "12/11/2021", "Data_DesInstalacio": "04/10/2022", "Font": "OCI", "nearest_node": 12323136802, "street_centrality": 0.0 }, "geometry": { "type": "Point", "coordinates": [ 2.189826, 41.424877 ] } },
{ "type": "Feature", "properties": { "Id_Instal": 6107, "Codi_Carrer": 11200, "Tipus_Via": "C", "Nom_Carrer": "Pamplona", "Num_Carrer": "103", "Codi_Barri": 66, "Nom_Barri": "el Parc i la Llacuna del Poblenou", "Codi_Districte": 10, "Nom_Districte": "Sant Martí", "Latitud": 41.397383, "Longitud": 2.190215, "ETRS89_X": 432306.225, "ETRS89_Y": 4583188.274, "Data_Instalacio": "12/11/2021", "Data_DesInstalacio": "15/06/2022", "Font": "OCI", "nearest_node": 30689522, "street_centrality": 0.0040893740521944248 }, "geometry": { "type": "Point", "coordinates": [ 2.190215, 41.397383 ] } },
{ "type": "Feature", "properties": { "Id_Instal": 6127, "Codi_Carrer": 158901, "Tipus_Via": "Pl", "Nom_Carrer": "Osca", "Num_Carrer": "10", "Codi_Barri": 18, "Nom_Barri": "Sants", "Codi_Districte": 3, "Nom_Districte": "Sants-Montjuïc", "Latitud": 41.376153, "Longitud": 2.138468, "ETRS89_X": 427957.0, "ETRS89_Y": 4580873.0, "Data_Instalacio": "16/11/2021", "Data_DesInstalacio": "12/05/2022", "Font": "OCI", "nearest_node": 30294200, "street_centrality": 0.00011143628713659457 }, "geometry": { "type": "Point", "coordinates": [ 2.138468, 41.376153 ] } },
{ "type": "Feature", "properties": { "Id_Instal": 6146, "Codi_Carrer": 88001, "Tipus_Via": "C", "Nom_Carrer": "Comtes de Bell-lloc", "Num_Carrer": "182", "Codi_Barri": 19, "Nom_Barri": "les Corts", "Codi_Districte": 4, "Nom_Districte": "Les Corts", "Latitud": 41.383103, "Longitud": 2.135674, "ETRS89_X": 427731.0, "ETRS89_Y": 4581647.0, "Data_Instalacio": "16/11/2021", "Data_DesInstalacio": "16/02/2022", "Font": "PATIS D'ESCOLA", "nearest_node": 30237481, "street_centrality": 0.0083965553928831028 }, "geometry": { "type": "Point", "coordinates": [ 2.135674, 41.383103 ] } },
{ "type": "Feature", "properties": { "Id_Instal": 6166, "Codi_Carrer": 350308, "Tipus_Via": "C", "Nom_Carrer": "València", "Num_Carrer": "488", "Codi_Barri": 6, "Nom_Barri": "la Sagrada Família", "Codi_Districte": 2, "Nom_Districte": "L'Eixample", "Latitud": 41.404079, "Longitud": 2.178587, "ETRS89_X": 431341.232, "ETRS89_Y": 4583940.816, "Data_Instalacio": "18/11/2021", "Data_DesInstalacio": "15/06/2022", "Font": "TRÀNSIT", "nearest_node": 30243333, "street_centrality": 0.02356652349126578 }, "geometry": { "type": "Point", "coordinates": [ 2.178587, 41.404079 ] } },
{ "type": "Feature", "properties": { "Id_Instal": 6186, "Codi_Carrer": 110304, "Tipus_Via": "C", "Nom_Carrer": "Enric Granados", "Num_Carrer": "11", "Codi_Barri": 8, "Nom_Barri": "l'Antiga Esquerra de l'Eixample", "Codi_Districte": 2, "Nom_Districte": "L'Eixample", "Latitud": 41.387863, "Longitud": 2.162356, "ETRS89_X": 429967.112, "ETRS89_Y": 4582153.5, "Data_Instalacio": "18/11/2021", "Data_DesInstalacio": "27/10/2022", "Font": "OCI", "nearest_node": 11061736176, "street_centrality": 4.952723872737536e-05 }, "geometry": { "type": "Point", "coordinates": [ 2.162356, 41.387863 ] } },
{ "type": "Feature", "properties": { "Id_Instal": 6187, "Codi_Carrer": 110304, "Tipus_Via": "C", "Nom_Carrer": "Enric Granados", "Num_Carrer": "65", "Codi_Barri": 8, "Nom_Barri": "l'Antiga Esquerra de l'Eixample", "Codi_Districte": 2, "Nom_Districte": "L'Eixample", "Latitud": 41.391122, "Longitud": 2.157903, "ETRS89_X": 429598.374, "ETRS89_Y": 4582518.882, "Data_Instalacio": "18/11/2021", "Data_DesInstalacio": "27/10/2022", "Font": "OCI", "nearest_node": 30243366, "street_centrality": 0.02835153012376743 }, "geometry": { "type": "Point", "coordinates": [ 2.157903, 41.391122 ] } },
{ "type": "Feature", "properties": { "Id_Instal": 6207, "Codi_Carrer": 152905, "Tipus_Via": "Rda", "Nom_Carrer": "Guinardó", "Num_Carrer": "24", "Codi_Barri": 33, "Nom_Barri": "el Baix Guinardó", "Codi_Districte": 7, "Nom_Districte": "Horta-Guinardó", "Latitud": 41.411885, "Longitud": 2.163565, "ETRS89_X": 430093.916, "ETRS89_Y": 4584819.398, "Data_Instalacio": "22/11/2021", "Data_DesInstalacio": "02/03/2022", "Font": "PROVES", "nearest_node": 415956312, "street_centrality": 0.028115712930281405 }, "geometry": { "type": "Point", "coordinates": [ 2.163565, 41.411885 ] } },
{ "type": "Feature", "properties": { "Id_Instal": 6226, "Codi_Carrer": 167505, "Tipus_Via": "Pl", "Nom_Carrer": "Joanic", "Num_Carrer": "2", "Codi_Barri": 31, "Nom_Barri": "la Vila de Gràcia", "Codi_Districte": 6, "Nom_Districte": "Gràcia", "Latitud": 41.405174, "Longitud": 2.162446, "ETRS89_X": 429993.208, "ETRS89_Y": 4584075.309, "Data_Instalacio": "22/11/2021", "Data_DesInstalacio": "11/04/2023", "Font": "OCI", "nearest_node": 260723993, "street_centrality": 0.0083537818685276415 }, "geometry": { "type": "Point", "coordinates": [ 2.162446, 41.405174 ] } },
{ "type": "Feature", "properties": { "Id_Instal": 6246, "Codi_Carrer": 284305, "Tipus_Via": "Pl", "Nom_Carrer": "Vila de Gràcia", "Num_Carrer": "13", "Codi_Barri": 31, "Nom_Barri": "la Vila de Gràcia", "Codi_Districte": 6, "Nom_Districte": "Gràcia", "Latitud": 41.40038, "Longitud": 2.157299, "ETRS89_X": 429557.814, "ETRS89_Y": 4583547.226, "Data_Instalacio": "24/11/2021", "Data_DesInstalacio": "24/11/2022", "Font": "OCI", "nearest_node": 30333441, "street_centrality": 0.00016828004976687767 }, "geometry": { "type": "Point", "coordinates": [ 2.157299, 41.40038 ] } },
{ "type": "Feature", "properties": { "Id_Instal": 6266, "Codi_Carrer": 348805, "Tipus_Via": "Pl", "Nom_Carrer": "Revolució de Setembre 1868", "Num_Carrer": "3", "Codi_Barri": 31, "Nom_Barri": "la Vila de Gràcia", "Codi_Districte": 6, "Nom_Districte": "Gràcia", "Latitud": 41.402754, "Longitud": 2.158158, "ETRS89_X": 429632.212, "ETRS89_Y": 4583810.119, "Data_Instalacio": "13/12/2021", "Data_DesInstalacio": null, "Font": "OCI", "nearest_node": 30554853, "street_centrality": 0.0048486041095038498 }, "geometry": { "type": "Point", "coordinates": [ 2.158158, 41.402754 ] } },
{ "type": "Feature", "properties": { "Id_Instal": 6286, "Codi_Carrer": 193403, "Tipus_Via": "Plta", "Nom_Carrer": "Manuel Ribé", "Num_Carrer": "1", "Codi_Barri": 2, "Nom_Barri": "el Barri Gòtic", "Codi_Districte": 1, "Nom_Districte": "Ciutat Vella", "Latitud": 41.382724, "Longitud": 2.175562, "ETRS89_X": 431065.838, "ETRS89_Y": 4581572.349, "Data_Instalacio": "14/12/2021", "Data_DesInstalacio": "24/10/2022", "Font": "OCI", "nearest_node": 2529520245, "street_centrality": 0.0011723322530582145 }, "geometry": { "type": "Point", "coordinates": [ 2.175562, 41.382724 ] } },
{ "type": "Feature", "properties": { "Id_Instal": 6306, "Codi_Carrer": 21306, "Tipus_Via": "C", "Nom_Carrer": "Arc del Teatre", "Num_Carrer": "5", "Codi_Barri": 1, "Nom_Barri": "el Raval", "Codi_Districte": 1, "Nom_Districte": "Ciutat Vella", "Latitud": 41.378242, "Longitud": 2.175112, "ETRS89_X": 431023.452, "ETRS89_Y": 4581075.134, "Data_Instalacio": "23/12/2021", "Data_DesInstalacio": null, "Font": "OCI", "nearest_node": 1400747727, "street_centrality": 0.0075011254290733957 }, "geometry": { "type": "Point", "coordinates": [ 2.175112, 41.378242 ] } },
{ "type": "Feature", "properties": { "Id_Instal": 6326, "Codi_Carrer": 701272, "Tipus_Via": "Jard", "Nom_Carrer": "Mediterrània", "Num_Carrer": "1", "Codi_Barri": 13, "Nom_Barri": "la Marina de Port", "Codi_Districte": 3, "Nom_Districte": "Sants-Montjuïc", "Latitud": 41.360031, "Longitud": 2.140171, "ETRS89_X": 428081.675, "ETRS89_Y": 4579081.761, "Data_Instalacio": "23/12/2021", "Data_DesInstalacio": "01/06/2022", "Font": "OCI", "nearest_node": 8473849036, "street_centrality": 0.0 }, "geometry": { "type": "Point", "coordinates": [ 2.140171, 41.360031 ] } },
{ "type": "Feature", "properties": { "Id_Instal": 6346, "Codi_Carrer": 296508, "Tipus_Via": "Rda", "Nom_Carrer": "Sant Antoni", "Num_Carrer": "59", "Codi_Barri": 10, "Nom_Barri": "Sant Antoni", "Codi_Districte": 2, "Nom_Districte": "L'Eixample", "Latitud": 41.384606, "Longitud": 2.163802, "ETRS89_X": 430084.516, "ETRS89_Y": 4581790.72, "Data_Instalacio": "26/01/2022", "Data_DesInstalacio": null, "Font": "TRÀNSIT", "nearest_node": 112426103, "street_centrality": 0.014245834848492331 }, "geometry": { "type": "Point", "coordinates": [ 2.163802, 41.384606 ] } },
{ "type": "Feature", "properties": { "Id_Instal": 6366, "Codi_Carrer": 101700, "Tipus_Via": "C", "Nom_Carrer": "Doctor Ferran", "Num_Carrer": "43", "Codi_Barri": 21, "Nom_Barri": "Pedralbes", "Codi_Districte": 4, "Nom_Districte": "Les Corts", "Latitud": 41.390225, "Longitud": 2.123948, "ETRS89_X": 426758.567, "ETRS89_Y": 4582447.476, "Data_Instalacio": "16/02/2022", "Data_DesInstalacio": "02/05/2022", "Font": "XARXA DE TRANSPORT PÚBLIC", "nearest_node": 364716820, "street_centrality": 0.0 }, "geometry": { "type": "Point", "coordinates": [ 2.123948, 41.390225 ] } },
{ "type": "Feature", "properties": { "Id_Instal": 6386, "Codi_Carrer": 225306, "Tipus_Via": "C", "Nom_Carrer": "Nau Santa Maria", "Num_Carrer": "3", "Codi_Barri": 19, "Nom_Barri": "les Corts", "Codi_Districte": 4, "Nom_Districte": "Les Corts", "Latitud": 41.391245, "Longitud": 2.131957, "ETRS89_X": 427429.327, "ETRS89_Y": 4582554.008, "Data_Instalacio": "16/02/2022", "Data_DesInstalacio": "11/05/2022", "Font": "OCI", "nearest_node": 1856466849, "street_centrality": 0.00042604681496162669 }, "geometry": { "type": "Point", "coordinates": [ 2.131957, 41.391245 ] } },
{ "type": "Feature", "properties": { "Id_Instal": 6426, "Codi_Carrer": 43400, "Tipus_Via": "C", "Nom_Carrer": "Blai", "Num_Carrer": "41", "Codi_Barri": 11, "Nom_Barri": "el Poble Sec", "Codi_Districte": 3, "Nom_Districte": "Sants-Montjuïc", "Latitud": 41.374055, "Longitud": 2.163579, "ETRS89_X": 430054.558, "ETRS89_Y": 4580619.516, "Data_Instalacio": "02/03/2022", "Data_DesInstalacio": "14/09/2022", "Font": "OCI", "nearest_node": 4834501650, "street_centrality": 0.011524087956610658 }, "geometry": { "type": "Point", "coordinates": [ 2.163579, 41.374055 ] } },
{ "type": "Feature", "properties": { "Id_Instal": 6446, "Codi_Carrer": 191204, "Tipus_Via": "C", "Nom_Carrer": "Mallorca", "Num_Carrer": "236", "Codi_Barri": 7, "Nom_Barri": "la Dreta de l'Eixample", "Codi_Districte": 2, "Nom_Districte": "L'Eixample", "Latitud": 41.392349, "Longitud": 2.160681, "ETRS89_X": 429831.942, "ETRS89_Y": 4582652.847, "Data_Instalacio": "23/03/2022", "Data_DesInstalacio": "18/01/2023", "Font": "OBRES", "nearest_node": 30243368, "street_centrality": 0.02343257482288947 }, "geometry": { "type": "Point", "coordinates": [ 2.160681, 41.392349 ] } },
{ "type": "Feature", "properties": { "Id_Instal": 6466, "Codi_Carrer": 208001, "Tipus_Via": "C", "Nom_Carrer": "Torrent de l'Olla", "Num_Carrer": "224", "Codi_Barri": 31, "Nom_Barri": "la Vila de Gràcia", "Codi_Districte": 6, "Nom_Districte": "Gràcia", "Latitud": 41.406996, "Longitud": 2.151799, "ETRS89_X": 429105.253, "ETRS89_Y": 4584286.206, "Data_Instalacio": "20/04/2022", "Data_DesInstalacio": "13/07/2022", "Font": "TRÀNSIT", "nearest_node": 8498379926, "street_centrality": 0.0 }, "geometry": { "type": "Point", "coordinates": [ 2.151799, 41.406996 ] } },
{ "type": "Feature", "properties": { "Id_Instal": 6486, "Codi_Carrer": 144306, "Tipus_Via": "C", "Nom_Carrer": "Pi i Margall", "Num_Carrer": "29", "Codi_Barri": 32, "Nom_Barri": "el Camp d'en Grassot i Gràcia Nova", "Codi_Districte": 6, "Nom_Districte": "Gràcia", "Latitud": 41.407714, "Longitud": 2.163514, "ETRS89_X": 430085.239, "ETRS89_Y": 4584356.352, "Data_Instalacio": "20/04/2022", "Data_DesInstalacio": "02/06/2022", "Font": "TRÀNSIT", "nearest_node": 126656745, "street_centrality": 0.020934263314811977 }, "geometry": { "type": "Point", "coordinates": [ 2.163514, 41.407714 ] } },
{ "type": "Feature", "properties": { "Id_Instal": 6487, "Codi_Carrer": 144306, "Tipus_Via": "C", "Nom_Carrer": "Pi i Margall", "Num_Carrer": "75", "Codi_Barri": 32, "Nom_Barri": "el Camp d'en Grassot i Gràcia Nova", "Codi_Districte": 6, "Nom_Districte": "Gràcia", "Latitud": 41.410069, "Longitud": 2.164116, "ETRS89_X": 430138.027, "ETRS89_Y": 4584617.335, "Data_Instalacio": "20/04/2022", "Data_DesInstalacio": "02/06/2022", "Font": "TRÀNSIT", "nearest_node": 30242951, "street_centrality": 0.020114249828155319 }, "geometry": { "type": "Point", "coordinates": [ 2.164116, 41.410069 ] } },
{ "type": "Feature", "properties": { "Id_Instal": 6488, "Codi_Carrer": 144306, "Tipus_Via": "C", "Nom_Carrer": "Pi i Margall", "Num_Carrer": "110", "Codi_Barri": 33, "Nom_Barri": "el Baix Guinardó", "Codi_Districte": 7, "Nom_Districte": "Horta-Guinardó", "Latitud": 41.411144, "Longitud": 2.164644, "ETRS89_X": 430183.338, "ETRS89_Y": 4584736.283, "Data_Instalacio": "20/04/2022", "Data_DesInstalacio": "07/06/2022", "Font": "TRÀNSIT", "nearest_node": 30556408, "street_centrality": 0.0015972534489578554 }, "geometry": { "type": "Point", "coordinates": [ 2.164644, 41.411144 ] } },
{ "type": "Feature", "properties": { "Id_Instal": 6506, "Codi_Carrer": 311500, "Tipus_Via": "C", "Nom_Carrer": "Sant Vicenç", "Num_Carrer": "34", "Codi_Barri": 1, "Nom_Barri": "el Raval", "Codi_Districte": 1, "Nom_Districte": "Ciutat Vella", "Latitud": 41.382246, "Longitud": 2.164201, "ETRS89_X": 430115.399, "ETRS89_Y": 4581528.454, "Data_Instalacio": "26/04/2022", "Data_DesInstalacio": null, "Font": "OCI", "nearest_node": 30227156, "street_centrality": 0.00045925257729020793 }, "geometry": { "type": "Point", "coordinates": [ 2.164201, 41.382246 ] } },
{ "type": "Feature", "properties": { "Id_Instal": 6526, "Codi_Carrer": 110304, "Tipus_Via": "C", "Nom_Carrer": "Enric Granados", "Num_Carrer": "30", "Codi_Barri": 8, "Nom_Barri": "l'Antiga Esquerra de l'Eixample", "Codi_Districte": 2, "Nom_Districte": "L'Eixample", "Latitud": 41.390262, "Longitud": 2.159182, "ETRS89_X": 429704.312, "ETRS89_Y": 4582422.348, "Data_Instalacio": "02/05/2022", "Data_DesInstalacio": "22/10/2022", "Font": "OCI", "nearest_node": 30243322, "street_centrality": 0.036026000888386638 }, "geometry": { "type": "Point", "coordinates": [ 2.159182, 41.390262 ] } },
{ "type": "Feature", "properties": { "Id_Instal": 6566, "Codi_Carrer": 225306, "Tipus_Via": "C", "Nom_Carrer": "Nau Santa Maria", "Num_Carrer": "3", "Codi_Barri": 19, "Nom_Barri": "les Corts", "Codi_Districte": 4, "Nom_Districte": "Les Corts", "Latitud": 41.391245, "Longitud": 2.131957, "ETRS89_X": 427429.327, "ETRS89_Y": 4582554.008, "Data_Instalacio": "11/05/2022", "Data_DesInstalacio": "10/06/2022", "Font": "OCI", "nearest_node": 1856466849, "street_centrality": 0.00042604681496162669 }, "geometry": { "type": "Point", "coordinates": [ 2.131957, 41.391245 ] } },
{ "type": "Feature", "properties": { "Id_Instal": 6567, "Codi_Carrer": 158901, "Tipus_Via": "Pl", "Nom_Carrer": "Osca", "Num_Carrer": "10", "Codi_Barri": 18, "Nom_Barri": "Sants", "Codi_Districte": 3, "Nom_Districte": "Sants-Montjuïc", "Latitud": 41.376153, "Longitud": 2.138468, "ETRS89_X": 427957.0, "ETRS89_Y": 4580873.0, "Data_Instalacio": "12/05/2022", "Data_DesInstalacio": "16/03/2023", "Font": "OCI", "nearest_node": 30294200, "street_centrality": 0.00011143628713659457 }, "geometry": { "type": "Point", "coordinates": [ 2.138468, 41.376153 ] } },
{ "type": "Feature", "properties": { "Id_Instal": 6586, "Codi_Carrer": 110304, "Tipus_Via": "C", "Nom_Carrer": "Enric Granados", "Num_Carrer": "143", "Codi_Barri": 8, "Nom_Barri": "l'Antiga Esquerra de l'Eixample", "Codi_Districte": 2, "Nom_Districte": "L'Eixample", "Latitud": 41.394284, "Longitud": 2.153715, "ETRS89_X": 429251.6, "ETRS89_Y": 4582873.354, "Data_Instalacio": "12/05/2022", "Data_DesInstalacio": "09/03/2023", "Font": "OCI", "nearest_node": 30237616, "street_centrality": 7.9918953400992068e-05 }, "geometry": { "type": "Point", "coordinates": [ 2.153715, 41.394284 ] } },
{ "type": "Feature", "properties": { "Id_Instal": 6606, "Codi_Carrer": 350308, "Tipus_Via": "C", "Nom_Carrer": "València", "Num_Carrer": "275", "Codi_Barri": 7, "Nom_Barri": "la Dreta de l'Eixample", "Codi_Districte": 2, "Nom_Districte": "L'Eixample", "Latitud": 41.394548, "Longitud": 2.16568, "ETRS89_X": 430252.171, "ETRS89_Y": 4582893.022, "Data_Instalacio": "13/05/2022", "Data_DesInstalacio": null, "Font": "TRÀNSIT", "nearest_node": 30254227, "street_centrality": 0.022392502809614585 }, "geometry": { "type": "Point", "coordinates": [ 2.16568, 41.394548 ] } },
{ "type": "Feature", "properties": { "Id_Instal": 6607, "Codi_Carrer": 350308, "Tipus_Via": "C", "Nom_Carrer": "València", "Num_Carrer": "291", "Codi_Barri": 7, "Nom_Barri": "la Dreta de l'Eixample", "Codi_Districte": 2, "Nom_Districte": "L'Eixample", "Latitud": 41.395454, "Longitud": 2.166879, "ETRS89_X": 430353.352, "ETRS89_Y": 4582992.583, "Data_Instalacio": "13/05/2022", "Data_DesInstalacio": null, "Font": "TRÀNSIT", "nearest_node": 7515360148, "street_centrality": 0.018858058954979162 }, "geometry": { "type": "Point", "coordinates": [ 2.166879, 41.395454 ] } },
{ "type": "Feature", "properties": { "Id_Instal": 6608, "Codi_Carrer": 18505, "Tipus_Via": "C", "Nom_Carrer": "Aragó", "Num_Carrer": "293", "Codi_Barri": 7, "Nom_Barri": "la Dreta de l'Eixample", "Codi_Districte": 2, "Nom_Districte": "L'Eixample", "Latitud": 41.393943, "Longitud": 2.167067, "ETRS89_X": 430367.518, "ETRS89_Y": 4582824.672, "Data_Instalacio": "13/05/2022", "Data_DesInstalacio": null, "Font": "TRÀNSIT", "nearest_node": 33098963, "street_centrality": 0.030577441818844357 }, "geometry": { "type": "Point", "coordinates": [ 2.167067, 41.393943 ] } },
{ "type": "Feature", "properties": { "Id_Instal": 6626, "Codi_Carrer": 169409, "Tipus_Via": "G.V.", "Nom_Carrer": "Corts Catalanes", "Num_Carrer": "938", "Codi_Barri": 71, "Nom_Barri": "Provençals del Poblenou", "Codi_Districte": 10, "Nom_Districte": "Sant Martí", "Latitud": 41.408956, "Longitud": 2.194691, "ETRS89_X": 432692.361, "ETRS89_Y": 4584469.613, "Data_Instalacio": "01/06/2022", "Data_DesInstalacio": "02/12/2022", "Font": "OBRES", "nearest_node": 559061399, "street_centrality": 0.014223322467252615 }, "geometry": { "type": "Point", "coordinates": [ 2.194691, 41.408956 ] } },
{ "type": "Feature", "properties": { "Id_Instal": 6646, "Codi_Carrer": 346800, "Tipus_Via": "Rbla", "Nom_Carrer": "Poblenou", "Num_Carrer": "105", "Codi_Barri": 68, "Nom_Barri": "el Poblenou", "Codi_Districte": 10, "Nom_Districte": "Sant Martí", "Latitud": 41.402956, "Longitud": 2.198718, "ETRS89_X": 433022.767, "ETRS89_Y": 4583800.381, "Data_Instalacio": "01/06/2022", "Data_DesInstalacio": null, "Font": "OCI", "nearest_node": 660778322, "street_centrality": 8.7798286834892686e-05 }, "geometry": { "type": "Point", "coordinates": [ 2.198718, 41.402956 ] } },
{ "type": "Feature", "properties": { "Id_Instal": 6647, "Codi_Carrer": 701272, "Tipus_Via": "Jard", "Nom_Carrer": "Mediterrània", "Num_Carrer": "1", "Codi_Barri": 13, "Nom_Barri": "la Marina de Port", "Codi_Districte": 3, "Nom_Districte": "Sants-Montjuïc", "Latitud": 41.360031, "Longitud": 2.140171, "ETRS89_X": 428081.675, "ETRS89_Y": 4579081.761, "Data_Instalacio": "01/06/2022", "Data_DesInstalacio": "15/09/2022", "Font": "OCI", "nearest_node": 8473849036, "street_centrality": 0.0 }, "geometry": { "type": "Point", "coordinates": [ 2.140171, 41.360031 ] } },
{ "type": "Feature", "properties": { "Id_Instal": 6666, "Codi_Carrer": 118703, "Tipus_Via": "C", "Nom_Carrer": "Evarist Arnús", "Num_Carrer": "12", "Codi_Barri": 19, "Nom_Barri": "les Corts", "Codi_Districte": 4, "Nom_Districte": "Les Corts", "Latitud": 41.382272, "Longitud": 2.132179, "ETRS89_X": 427437.84, "ETRS89_Y": 4581557.627, "Data_Instalacio": "02/06/2022", "Data_DesInstalacio": "03/05/2023", "Font": "TRÀNSIT", "nearest_node": 998567794, "street_centrality": 0.0043876631036206632 }, "geometry": { "type": "Point", "coordinates": [ 2.132179, 41.382272 ] } },
{ "type": "Feature", "properties": { "Id_Instal": 6667, "Codi_Carrer": 325005, "Tipus_Via": "C", "Nom_Carrer": "Sicília", "Num_Carrer": "321", "Codi_Barri": 32, "Nom_Barri": "el Camp d'en Grassot i Gràcia Nova", "Codi_Districte": 6, "Nom_Districte": "Gràcia", "Latitud": 41.405611, "Longitud": 2.168071, "ETRS89_X": 430463.876, "ETRS89_Y": 4584119.242, "Data_Instalacio": "02/06/2022", "Data_DesInstalacio": "15/06/2022", "Font": "TRÀNSIT", "nearest_node": 30254192, "street_centrality": 0.0019929085492458656 }, "geometry": { "type": "Point", "coordinates": [ 2.168071, 41.405611 ] } },
{ "type": "Feature", "properties": { "Id_Instal": 6668, "Codi_Carrer": 316106, "Tipus_Via": "Pl", "Nom_Carrer": "Raspall", "Num_Carrer": "2", "Codi_Barri": 31, "Nom_Barri": "la Vila de Gràcia", "Codi_Districte": 6, "Nom_Districte": "Gràcia", "Latitud": 41.401296, "Longitud": 2.160819, "ETRS89_X": 429853.093, "ETRS89_Y": 4583646.022, "Data_Instalacio": "02/06/2022", "Data_DesInstalacio": null, "Font": "OCI", "nearest_node": 30554505, "street_centrality": 0.0089908822576116078 }, "geometry": { "type": "Point", "coordinates": [ 2.160819, 41.401296 ] } },
{ "type": "Feature", "properties": { "Id_Instal": 6669, "Codi_Carrer": 270606, "Tipus_Via": "C", "Nom_Carrer": "Puigmartí", "Num_Carrer": "37", "Codi_Barri": 31, "Nom_Barri": "la Vila de Gràcia", "Codi_Districte": 6, "Nom_Districte": "Gràcia", "Latitud": 41.402882, "Longitud": 2.161485, "ETRS89_X": 429910.401, "ETRS89_Y": 4583821.624, "Data_Instalacio": "02/06/2022", "Data_DesInstalacio": null, "Font": "OCI", "nearest_node": 415884755, "street_centrality": 0.00053185500678829228 }, "geometry": { "type": "Point", "coordinates": [ 2.161485, 41.402882 ] } },
{ "type": "Feature", "properties": { "Id_Instal": 6686, "Codi_Carrer": 169409, "Tipus_Via": "G.V.", "Nom_Carrer": "Corts Catalanes", "Num_Carrer": "755", "Codi_Barri": 5, "Nom_Barri": "el Fort Pienc", "Codi_Districte": 2, "Nom_Districte": "L'Eixample", "Latitud": 41.401284, "Longitud": 2.183707, "ETRS89_X": 431766.261, "ETRS89_Y": 4583626.412, "Data_Instalacio": "07/06/2022", "Data_DesInstalacio": "06/10/2022", "Font": "OBRES", "nearest_node": 9605043050, "street_centrality": 0.0049977486352169682 }, "geometry": { "type": "Point", "coordinates": [ 2.183707, 41.401284 ] } },
{ "type": "Feature", "properties": { "Id_Instal": 6687, "Codi_Carrer": 12906, "Tipus_Via": "C", "Nom_Carrer": "Allada-Vermell", "Num_Carrer": "16", "Codi_Barri": 4, "Nom_Barri": "Sant Pere, Santa Caterina i la Ribera", "Codi_Districte": 1, "Nom_Districte": "Ciutat Vella", "Latitud": 41.386615, "Longitud": 2.181148, "ETRS89_X": 431536.931, "ETRS89_Y": 4581999.898, "Data_Instalacio": "07/06/2022", "Data_DesInstalacio": null, "Font": "OCI", "nearest_node": 240978204, "street_centrality": 0.0042874830071039267 }, "geometry": { "type": "Point", "coordinates": [ 2.181148, 41.386615 ] } },
{ "type": "Feature", "properties": { "Id_Instal": 6688, "Codi_Carrer": 87009, "Tipus_Via": "C", "Nom_Carrer": "Comte Borrell", "Num_Carrer": "243", "Codi_Barri": 9, "Nom_Barri": "la Nova Esquerra de l'Eixample", "Codi_Districte": 2, "Nom_Districte": "L'Eixample", "Latitud": 41.386853, "Longitud": 2.150002, "ETRS89_X": 428933.163, "ETRS89_Y": 4582051.453, "Data_Instalacio": "07/06/2022", "Data_DesInstalacio": "06/10/2022", "Font": "TRÀNSIT", "nearest_node": 10896052337, "street_centrality": 0.0 }, "geometry": { "type": "Point", "coordinates": [ 2.150002, 41.386853 ] } },
{ "type": "Feature", "properties": { "Id_Instal": 6689, "Codi_Carrer": 43400, "Tipus_Via": "C", "Nom_Carrer": "Blai", "Num_Carrer": "24", "Codi_Barri": 11, "Nom_Barri": "el Poble Sec", "Codi_Districte": 3, "Nom_Districte": "Sants-Montjuïc", "Latitud": 41.373627, "Longitud": 2.164696, "ETRS89_X": 430147.508, "ETRS89_Y": 4580571.152, "Data_Instalacio": "07/06/2022", "Data_DesInstalacio": null, "Font": "OCI", "nearest_node": 30236779, "street_centrality": 0.0011413777288536049 }, "geometry": { "type": "Point", "coordinates": [ 2.164696, 41.373627 ] } },
{ "type": "Feature", "properties": { "Id_Instal": 6690, "Codi_Carrer": 86902, "Tipus_Via": "C", "Nom_Carrer": "Nou de la Rambla", "Num_Carrer": "150", "Codi_Barri": 11, "Nom_Barri": "el Poble Sec", "Codi_Districte": 3, "Nom_Districte": "Sants-Montjuïc", "Latitud": 41.372375, "Longitud": 2.167267, "ETRS89_X": 430361.203, "ETRS89_Y": 4580430.105, "Data_Instalacio": "07/06/2022", "Data_DesInstalacio": null, "Font": "OCI", "nearest_node": 30248295, "street_centrality": 5.6843762630283087e-05 }, "geometry": { "type": "Point", "coordinates": [ 2.167267, 41.372375 ] } },
{ "type": "Feature", "properties": { "Id_Instal": 6706, "Codi_Carrer": 86902, "Tipus_Via": "C", "Nom_Carrer": "Nou de la Rambla", "Num_Carrer": "126", "Codi_Barri": 11, "Nom_Barri": "el Poble Sec", "Codi_Districte": 3, "Nom_Districte": "Sants-Montjuïc", "Latitud": 41.373812, "Longitud": 2.168759, "ETRS89_X": 430487.503, "ETRS89_Y": 4580588.461, "Data_Instalacio": "08/06/2022", "Data_DesInstalacio": "22/12/2022", "Font": "OCI", "nearest_node": 30248358, "street_centrality": 0.0086250560624662204 }, "geometry": { "type": "Point", "coordinates": [ 2.168759, 41.373812 ] } },
{ "type": "Feature", "properties": { "Id_Instal": 6726, "Codi_Carrer": 110304, "Tipus_Via": "C", "Nom_Carrer": "Enric Granados", "Num_Carrer": "17", "Codi_Barri": 8, "Nom_Barri": "l'Antiga Esquerra de l'Eixample", "Codi_Districte": 2, "Nom_Districte": "L'Eixample", "Latitud": 41.388076, "Longitud": 2.161931, "ETRS89_X": 429931.825, "ETRS89_Y": 4582177.439, "Data_Instalacio": "08/06/2022", "Data_DesInstalacio": "30/05/2023", "Font": "OCI", "nearest_node": 11061736176, "street_centrality": 4.952723872737536e-05 }, "geometry": { "type": "Point", "coordinates": [ 2.161931, 41.388076 ] } },
{ "type": "Feature", "properties": { "Id_Instal": 6727, "Codi_Carrer": 323203, "Tipus_Via": "C", "Nom_Carrer": "Sepúlveda", "Num_Carrer": "145", "Codi_Barri": 10, "Nom_Barri": "Sant Antoni", "Codi_Districte": 2, "Nom_Districte": "L'Eixample", "Latitud": 41.382049, "Longitud": 2.160721, "ETRS89_X": 429824.143, "ETRS89_Y": 4581509.398, "Data_Instalacio": "08/06/2022", "Data_DesInstalacio": null, "Font": "TRÀNSIT", "nearest_node": 30243883, "street_centrality": 0.018096014850014774 }, "geometry": { "type": "Point", "coordinates": [ 2.160721, 41.382049 ] } },
{ "type": "Feature", "properties": { "Id_Instal": 6728, "Codi_Carrer": 285807, "Tipus_Via": "C", "Nom_Carrer": "Rocafort", "Num_Carrer": "237", "Codi_Barri": 9, "Nom_Barri": "la Nova Esquerra de l'Eixample", "Codi_Districte": 2, "Nom_Districte": "L'Eixample", "Latitud": 41.385171, "Longitud": 2.145425, "ETRS89_X": 428548.599, "ETRS89_Y": 4581868.512, "Data_Instalacio": "08/06/2022", "Data_DesInstalacio": null, "Font": "TRÀNSIT", "nearest_node": 30237586, "street_centrality": 0.001054705061080698 }, "geometry": { "type": "Point", "coordinates": [ 2.145425, 41.385171 ] } },
{ "type": "Feature", "properties": { "Id_Instal": 6746, "Codi_Carrer": 285807, "Tipus_Via": "C", "Nom_Carrer": "Rocafort", "Num_Carrer": "114", "Codi_Barri": 9, "Nom_Barri": "la Nova Esquerra de l'Eixample", "Codi_Districte": 2, "Nom_Districte": "L'Eixample", "Latitud": 41.380707, "Longitud": 2.151667, "ETRS89_X": 429065.651, "ETRS89_Y": 4581367.796, "Data_Instalacio": "09/06/2022", "Data_DesInstalacio": "12/04/2023", "Font": "TRÀNSIT", "nearest_node": 10177367827, "street_centrality": 1.0693381088865135e-05 }, "geometry": { "type": "Point", "coordinates": [ 2.151667, 41.380707 ] } },
{ "type": "Feature", "properties": { "Id_Instal": 6747, "Codi_Carrer": 54509, "Tipus_Via": "C", "Nom_Carrer": "Calàbria", "Num_Carrer": "147", "Codi_Barri": 9, "Nom_Barri": "la Nova Esquerra de l'Eixample", "Codi_Districte": 2, "Nom_Districte": "L'Eixample", "Latitud": 41.381766, "Longitud": 2.152195, "ETRS89_X": 429110.983, "ETRS89_Y": 4581484.848, "Data_Instalacio": "09/06/2022", "Data_DesInstalacio": null, "Font": "TRÀNSIT", "nearest_node": 10177367826, "street_centrality": 0.0029615037520846496 }, "geometry": { "type": "Point", "coordinates": [ 2.152195, 41.381766 ] } },
{ "type": "Feature", "properties": { "Id_Instal": 6748, "Codi_Carrer": 87009, "Tipus_Via": "C", "Nom_Carrer": "Comte Borrell", "Num_Carrer": "154", "Codi_Barri": 9, "Nom_Barri": "la Nova Esquerra de l'Eixample", "Codi_Districte": 2, "Nom_Districte": "L'Eixample", "Latitud": 41.382956, "Longitud": 2.155291, "ETRS89_X": 429371.16, "ETRS89_Y": 4581614.449, "Data_Instalacio": "09/06/2022", "Data_DesInstalacio": "30/05/2023", "Font": "TRÀNSIT", "nearest_node": 10177414037, "street_centrality": 0.0 }, "geometry": { "type": "Point", "coordinates": [ 2.155291, 41.382956 ] } },
{ "type": "Feature", "properties": { "Id_Instal": 6749, "Codi_Carrer": 89004, "Tipus_Via": "C", "Nom_Carrer": "Consell de Cent", "Num_Carrer": "214", "Codi_Barri": 8, "Nom_Barri": "l'Antiga Esquerra de l'Eixample", "Codi_Districte": 2, "Nom_Districte": "L'Eixample", "Latitud": 41.385465, "Longitud": 2.158462, "ETRS89_X": 429638.981, "ETRS89_Y": 4581890.396, "Data_Instalacio": "09/06/2022", "Data_DesInstalacio": "30/05/2023", "Font": "TRÀNSIT", "nearest_node": 10181609602, "street_centrality": 0.0022681224099013945 }, "geometry": { "type": "Point", "coordinates": [ 2.158462, 41.385465 ] } },
{ "type": "Feature", "properties": { "Id_Instal": 6750, "Codi_Carrer": 89004, "Tipus_Via": "C", "Nom_Carrer": "Consell de Cent", "Num_Carrer": "238", "Codi_Barri": 8, "Nom_Barri": "l'Antiga Esquerra de l'Eixample", "Codi_Districte": 2, "Nom_Districte": "L'Eixample", "Latitud": 41.386681, "Longitud": 2.159927, "ETRS89_X": 429762.804, "ETRS89_Y": 4582024.201, "Data_Instalacio": "09/06/2022", "Data_DesInstalacio": "30/05/2023", "Font": "TRÀNSIT", "nearest_node": 10181609597, "street_centrality": 0.011365938478401652 }, "geometry": { "type": "Point", "coordinates": [ 2.159927, 41.386681 ] } },
{ "type": "Feature", "properties": { "Id_Instal": 6751, "Codi_Carrer": 169409, "Tipus_Via": "G.V.", "Nom_Carrer": "Corts Catalanes", "Num_Carrer": "579", "Codi_Barri": 8, "Nom_Barri": "l'Antiga Esquerra de l'Eixample", "Codi_Districte": 2, "Nom_Districte": "L'Eixample", "Latitud": 41.385245, "Longitud": 2.162565, "ETRS89_X": 429981.789, "ETRS89_Y": 4581862.72, "Data_Instalacio": "09/06/2022", "Data_DesInstalacio": null, "Font": "TRÀNSIT", "nearest_node": 3314271774, "street_centrality": 0.016187527730417844 }, "geometry": { "type": "Point", "coordinates": [ 2.162565, 41.385245 ] } },
{ "type": "Feature", "properties": { "Id_Instal": 6752, "Codi_Carrer": 145003, "Tipus_Via": "C", "Nom_Carrer": "Girona", "Num_Carrer": "115", "Codi_Barri": 7, "Nom_Barri": "la Dreta de l'Eixample", "Codi_Districte": 2, "Nom_Districte": "L'Eixample", "Latitud": 41.397009, "Longitud": 2.168144, "ETRS89_X": 430460.812, "ETRS89_Y": 4583164.166, "Data_Instalacio": "09/06/2022", "Data_DesInstalacio": "01/06/2023", "Font": "TRÀNSIT", "nearest_node": 10182303357, "street_centrality": 0.015009567382049699 }, "geometry": { "type": "Point", "coordinates": [ 2.168144, 41.397009 ] } },
{ "type": "Feature", "properties": { "Id_Instal": 6753, "Codi_Carrer": 145003, "Tipus_Via": "C", "Nom_Carrer": "Girona", "Num_Carrer": "72", "Codi_Barri": 7, "Nom_Barri": "la Dreta de l'Eixample", "Codi_Districte": 2, "Nom_Districte": "L'Eixample", "Latitud": 41.395167, "Longitud": 2.170906, "ETRS89_X": 430689.741, "ETRS89_Y": 4582957.532, "Data_Instalacio": "09/06/2022", "Data_DesInstalacio": "30/11/2022", "Font": "TRÀNSIT", "nearest_node": 11012442310, "street_centrality": 0.025693380708887957 }, "geometry": { "type": "Point", "coordinates": [ 2.170906, 41.395167 ] } },
{ "type": "Feature", "properties": { "Id_Instal": 6754, "Codi_Carrer": 18505, "Tipus_Via": "C", "Nom_Carrer": "Aragó", "Num_Carrer": "346", "Codi_Barri": 7, "Nom_Barri": "la Dreta de l'Eixample", "Codi_Districte": 2, "Nom_Districte": "L'Eixample", "Latitud": 41.396322, "Longitud": 2.170567, "ETRS89_X": 430662.643, "ETRS89_Y": 4583085.947, "Data_Instalacio": "09/06/2022", "Data_DesInstalacio": null, "Font": "TRÀNSIT", "nearest_node": 30243210, "street_centrality": 0.028397680505308848 }, "geometry": { "type": "Point", "coordinates": [ 2.170567, 41.396322 ] } },
{ "type": "Feature", "properties": { "Id_Instal": 6755, "Codi_Carrer": 169409, "Tipus_Via": "G.V.", "Nom_Carrer": "Corts Catalanes", "Num_Carrer": "655", "Codi_Barri": 7, "Nom_Barri": "la Dreta de l'Eixample", "Codi_Districte": 2, "Nom_Districte": "L'Eixample", "Latitud": 41.393179, "Longitud": 2.173129, "ETRS89_X": 430873.464, "ETRS89_Y": 4582735.011, "Data_Instalacio": "09/06/2022", "Data_DesInstalacio": null, "Font": "TRÀNSIT", "nearest_node": 30243250, "street_centrality": 0.0084877305369039525 }, "geometry": { "type": "Point", "coordinates": [ 2.173129, 41.393179 ] } },
{ "type": "Feature", "properties": { "Id_Instal": 6756, "Codi_Carrer": 197302, "Tipus_Via": "C", "Nom_Carrer": "Marina", "Num_Carrer": "280", "Codi_Barri": 6, "Nom_Barri": "la Sagrada Família", "Codi_Districte": 2, "Nom_Districte": "L'Eixample", "Latitud": 41.404484, "Longitud": 2.174691, "ETRS89_X": 431015.981, "ETRS89_Y": 4583988.863, "Data_Instalacio": "09/06/2022", "Data_DesInstalacio": null, "Font": "TRÀNSIT", "nearest_node": 1396408887, "street_centrality": 0.0029851417523863513 }, "geometry": { "type": "Point", "coordinates": [ 2.174691, 41.404484 ] } },
{ "type": "Feature", "properties": { "Id_Instal": 6757, "Codi_Carrer": 325005, "Tipus_Via": "C", "Nom_Carrer": "Sicília", "Num_Carrer": "179", "Codi_Barri": 5, "Nom_Barri": "el Fort Pienc", "Codi_Districte": 2, "Nom_Districte": "L'Eixample", "Latitud": 41.399717, "Longitud": 2.175849, "ETRS89_X": 431107.796, "ETRS89_Y": 4583458.698, "Data_Instalacio": "09/06/2022", "Data_DesInstalacio": "14/05/2024", "Font": "TRÀNSIT", "nearest_node": 30254197, "street_centrality": 0.029219945230089479 }, "geometry": { "type": "Point", "coordinates": [ 2.175849, 41.399717 ] } },
{ "type": "Feature", "properties": { "Id_Instal": 6758, "Codi_Carrer": 286504, "Tipus_Via": "C", "Nom_Carrer": "Roger de Flor", "Num_Carrer": "233", "Codi_Barri": 32, "Nom_Barri": "el Camp d'en Grassot i Gràcia Nova", "Codi_Districte": 6, "Nom_Districte": "Gràcia", "Latitud": 41.402223, "Longitud": 2.168061, "ETRS89_X": 430459.417, "ETRS89_Y": 4583743.175, "Data_Instalacio": "09/06/2022", "Data_DesInstalacio": "14/05/2024", "Font": "TRÀNSIT", "nearest_node": 30243115, "street_centrality": 0.026898918724274752 }, "geometry": { "type": "Point", "coordinates": [ 2.168061, 41.402223 ] } },
{ "type": "Feature", "properties": { "Id_Instal": 6759, "Codi_Carrer": 268003, "Tipus_Via": "C", "Nom_Carrer": "Provença", "Num_Carrer": "152", "Codi_Barri": 8, "Nom_Barri": "l'Antiga Esquerra de l'Eixample", "Codi_Districte": 2, "Nom_Districte": "L'Eixample", "Latitud": 41.387742, "Longitud": 2.152286, "ETRS89_X": 429125.06, "ETRS89_Y": 4582148.264, "Data_Instalacio": "09/06/2022", "Data_DesInstalacio": null, "Font": "TRÀNSIT", "nearest_node": 7580972991, "street_centrality": 0.0044788382476415129 }, "geometry": { "type": "Point", "coordinates": [ 2.152286, 41.387742 ] } },
{ "type": "Feature", "properties": { "Id_Instal": 6760, "Codi_Carrer": 110803, "Tipus_Via": "C", "Nom_Carrer": "Entença", "Num_Carrer": "113", "Codi_Barri": 9, "Nom_Barri": "la Nova Esquerra de l'Eixample", "Codi_Districte": 2, "Nom_Districte": "L'Eixample", "Latitud": 41.380908, "Longitud": 2.148814, "ETRS89_X": 428827.359, "ETRS89_Y": 4581392.379, "Data_Instalacio": "09/06/2022", "Data_DesInstalacio": null, "Font": "TRÀNSIT", "nearest_node": 1532752078, "street_centrality": 0.035570687977813382 }, "geometry": { "type": "Point", "coordinates": [ 2.148814, 41.380908 ] } },
{ "type": "Feature", "properties": { "Id_Instal": 6766, "Codi_Carrer": 11200, "Tipus_Via": "C", "Nom_Carrer": "Almogàvers", "Num_Carrer": "83", "Codi_Barri": 66, "Nom_Barri": "el Parc i la Llacuna del Poblenou", "Codi_Districte": 10, "Nom_Districte": "Sant Martí", "Latitud": 41.395389, "Longitud": 2.187631, "ETRS89_X": 432088.117, "ETRS89_Y": 4582968.93, "Data_Instalacio": "14/06/2022", "Data_DesInstalacio": null, "Font": "OCI", "nearest_node": 2677447194, "street_centrality": 0.004340387103017259 }, "geometry": { "type": "Point", "coordinates": [ 2.187631, 41.395389 ] } },
{ "type": "Feature", "properties": { "Id_Instal": 6786, "Codi_Carrer": 325005, "Tipus_Via": "C", "Nom_Carrer": "Sicília", "Num_Carrer": "321", "Codi_Barri": 32, "Nom_Barri": "el Camp d'en Grassot i Gràcia Nova", "Codi_Districte": 6, "Nom_Districte": "Gràcia", "Latitud": 41.405611, "Longitud": 2.168071, "ETRS89_X": 430463.876, "ETRS89_Y": 4584119.242, "Data_Instalacio": "15/06/2022", "Data_DesInstalacio": "14/05/2024", "Font": "TRÀNSIT", "nearest_node": 30254192, "street_centrality": 0.0019929085492458656 }, "geometry": { "type": "Point", "coordinates": [ 2.168071, 41.405611 ] } },
{ "type": "Feature", "properties": { "Id_Instal": 6787, "Codi_Carrer": 167709, "Tipus_Via": "C", "Nom_Carrer": "Joaquín Costa", "Num_Carrer": "61", "Codi_Barri": 1, "Nom_Barri": "el Raval", "Codi_Districte": 1, "Nom_Districte": "Ciutat Vella", "Latitud": 41.383704, "Longitud": 2.164489, "ETRS89_X": 430141.025, "ETRS89_Y": 4581690.07, "Data_Instalacio": "15/06/2022", "Data_DesInstalacio": null, "Font": "OCI", "nearest_node": 30227192, "street_centrality": 0.0013214767787713335 }, "geometry": { "type": "Point", "coordinates": [ 2.164489, 41.383704 ] } },
{ "type": "Feature", "properties": { "Id_Instal": 6806, "Codi_Carrer": 249304, "Tipus_Via": "C", "Nom_Carrer": "Pere IV", "Num_Carrer": "71", "Codi_Barri": 66, "Nom_Barri": "el Parc i la Llacuna del Poblenou", "Codi_Districte": 10, "Nom_Districte": "Sant Martí", "Latitud": 41.396728, "Longitud": 2.192656, "ETRS89_X": 432509.612, "ETRS89_Y": 4583113.664, "Data_Instalacio": "14/06/2022", "Data_DesInstalacio": null, "Font": "OCI", "nearest_node": 365565046, "street_centrality": 0.00028365600362042251 }, "geometry": { "type": "Point", "coordinates": [ 2.192656, 41.396728 ] } },
{ "type": "Feature", "properties": { "Id_Instal": 6826, "Codi_Carrer": 122609, "Tipus_Via": "C", "Nom_Carrer": "Ferlandina", "Num_Carrer": "29", "Codi_Barri": 1, "Nom_Barri": "el Raval", "Codi_Districte": 1, "Nom_Districte": "Ciutat Vella", "Latitud": 41.382523, "Longitud": 2.166334, "ETRS89_X": 430294.012, "ETRS89_Y": 4581557.467, "Data_Instalacio": "16/06/2022", "Data_DesInstalacio": null, "Font": "OCI", "nearest_node": 218906723, "street_centrality": 0.0 }, "geometry": { "type": "Point", "coordinates": [ 2.166334, 41.382523 ] } },
{ "type": "Feature", "properties": { "Id_Instal": 6827, "Codi_Carrer": 108958, "Tipus_Via": "Pl", "Nom_Carrer": "Emili Vendrell", "Num_Carrer": "1", "Codi_Barri": 1, "Nom_Barri": "el Raval", "Codi_Districte": 1, "Nom_Districte": "Ciutat Vella", "Latitud": 41.381315, "Longitud": 2.166881, "ETRS89_X": 430338.484, "ETRS89_Y": 4581422.853, "Data_Instalacio": "16/06/2022", "Data_DesInstalacio": null, "Font": "OCI", "nearest_node": 2264151290, "street_centrality": 0.0015257766385217569 }, "geometry": { "type": "Point", "coordinates": [ 2.166881, 41.381315 ] } },
{ "type": "Feature", "properties": { "Id_Instal": 6828, "Codi_Carrer": 110304, "Tipus_Via": "C", "Nom_Carrer": "Enric Granados", "Num_Carrer": "56", "Codi_Barri": 8, "Nom_Barri": "l'Antiga Esquerra de l'Eixample", "Codi_Districte": 2, "Nom_Districte": "L'Eixample", "Latitud": 41.391591, "Longitud": 2.157531, "ETRS89_X": 429567.753, "ETRS89_Y": 4582571.296, "Data_Instalacio": "16/06/2022", "Data_DesInstalacio": "17/08/2022", "Font": "OCI", "nearest_node": 30238025, "street_centrality": 0.010761481042115276 }, "geometry": { "type": "Point", "coordinates": [ 2.157531, 41.391591 ] } },
{ "type": "Feature", "properties": { "Id_Instal": 6829, "Codi_Carrer": 110304, "Tipus_Via": "C", "Nom_Carrer": "Enric Granados", "Num_Carrer": "9", "Codi_Barri": 8, "Nom_Barri": "l'Antiga Esquerra de l'Eixample", "Codi_Districte": 2, "Nom_Districte": "L'Eixample", "Latitud": 41.387709, "Longitud": 2.162419, "ETRS89_X": 429972.211, "ETRS89_Y": 4582136.335, "Data_Instalacio": "16/06/2022", "Data_DesInstalacio": null, "Font": "OCI", "nearest_node": 11061736176, "street_centrality": 4.952723872737536e-05 }, "geometry": { "type": "Point", "coordinates": [ 2.162419, 41.387709 ] } },
{ "type": "Feature", "properties": { "Id_Instal": 6830, "Codi_Carrer": 46409, "Tipus_Via": "Pg", "Nom_Carrer": "Born", "Num_Carrer": "19", "Codi_Barri": 4, "Nom_Barri": "Sant Pere, Santa Caterina i la Ribera", "Codi_Districte": 1, "Nom_Districte": "Ciutat Vella", "Latitud": 41.384923, "Longitud": 2.182773, "ETRS89_X": 431671.05, "ETRS89_Y": 4581810.78, "Data_Instalacio": "16/06/2022", "Data_DesInstalacio": "01/07/2022", "Font": "OCI", "nearest_node": 13197779092, "street_centrality": 0.00401283195597939 }, "geometry": { "type": "Point", "coordinates": [ 2.182773, 41.384923 ] } },
{ "type": "Feature", "properties": { "Id_Instal": 6831, "Codi_Carrer": 132307, "Tipus_Via": "Pl", "Nom_Carrer": "Fossar de les Moreres", "Num_Carrer": "2", "Codi_Barri": 4, "Nom_Barri": "Sant Pere, Santa Caterina i la Ribera", "Codi_Districte": 1, "Nom_Districte": "Ciutat Vella", "Latitud": 41.383543, "Longitud": 2.182381, "ETRS89_X": 431636.877, "ETRS89_Y": 4581657.896, "Data_Instalacio": "16/06/2022", "Data_DesInstalacio": "10/11/2022", "Font": "OCI", "nearest_node": 4212111678, "street_centrality": 0.0 }, "geometry": { "type": "Point", "coordinates": [ 2.182381, 41.383543 ] } },
{ "type": "Feature", "properties": { "Id_Instal": 6832, "Codi_Carrer": 11109, "Tipus_Via": "C", "Nom_Carrer": "Miquel Pedrola i Alegre", "Num_Carrer": "4", "Codi_Barri": 3, "Nom_Barri": "la Barceloneta", "Codi_Districte": 1, "Nom_Districte": "Ciutat Vella", "Latitud": 41.378981, "Longitud": 2.189689, "ETRS89_X": 432243.182, "ETRS89_Y": 4581145.728, "Data_Instalacio": "17/06/2022", "Data_DesInstalacio": null, "Font": "OCI", "nearest_node": 30884377, "street_centrality": 0.0019765870728470714 }, "geometry": { "type": "Point", "coordinates": [ 2.189689, 41.378981 ] } },
{ "type": "Feature", "properties": { "Id_Instal": 6833, "Codi_Carrer": 276908, "Tipus_Via": "C", "Nom_Carrer": "Rec", "Num_Carrer": "38", "Codi_Barri": 4, "Nom_Barri": "Sant Pere, Santa Caterina i la Ribera", "Codi_Districte": 1, "Nom_Districte": "Ciutat Vella", "Latitud": 41.384863, "Longitud": 2.183054, "ETRS89_X": 431694.534, "ETRS89_Y": 4581803.909, "Data_Instalacio": "17/06/2022", "Data_DesInstalacio": "15/09/2022", "Font": "OCI", "nearest_node": 4212111672, "street_centrality": 0.0 }, "geometry": { "type": "Point", "coordinates": [ 2.183054, 41.384863 ] } },
{ "type": "Feature", "properties": { "Id_Instal": 6834, "Codi_Carrer": 112208, "Tipus_Via": "C", "Nom_Carrer": "Escudellers", "Num_Carrer": "12", "Codi_Barri": 2, "Nom_Barri": "el Barri Gòtic", "Codi_Districte": 1, "Nom_Districte": "Ciutat Vella", "Latitud": 41.379655, "Longitud": 2.176373, "ETRS89_X": 431130.363, "ETRS89_Y": 4581230.997, "Data_Instalacio": "17/06/2022", "Data_DesInstalacio": "28/09/2023", "Font": "OCI", "nearest_node": 30243944, "street_centrality": 0.0017683475463796975 }, "geometry": { "type": "Point", "coordinates": [ 2.176373, 41.379655 ] } },
{ "type": "Feature", "properties": { "Id_Instal": 6835, "Codi_Carrer": 18800, "Tipus_Via": "C", "Nom_Carrer": "Arai", "Num_Carrer": "5", "Codi_Barri": 2, "Nom_Barri": "el Barri Gòtic", "Codi_Districte": 1, "Nom_Districte": "Ciutat Vella", "Latitud": 41.380671, "Longitud": 2.177121, "ETRS89_X": 431194.047, "ETRS89_Y": 4581343.177, "Data_Instalacio": "17/06/2022", "Data_DesInstalacio": "12/05/2023", "Font": "OCI", "nearest_node": 208974064, "street_centrality": 0.0 }, "geometry": { "type": "Point", "coordinates": [ 2.177121, 41.380671 ] } },
{ "type": "Feature", "properties": { "Id_Instal": 6846, "Codi_Carrer": 286300, "Tipus_Via": "C", "Nom_Carrer": "Rogent", "Num_Carrer": "42", "Codi_Barri": 64, "Nom_Barri": "el Camp de l'Arpa del Clot", "Codi_Districte": 10, "Nom_Districte": "Sant Martí", "Latitud": 41.409339, "Longitud": 2.184632, "ETRS89_X": 431852.0, "ETRS89_Y": 4584520.0, "Data_Instalacio": "23/06/2022", "Data_DesInstalacio": "18/05/2023", "Font": "OCI", "nearest_node": 2760236008, "street_centrality": 0.0 }, "geometry": { "type": "Point", "coordinates": [ 2.184632, 41.409339 ] } },
{ "type": "Feature", "properties": { "Id_Instal": 6886, "Codi_Carrer": 65607, "Tipus_Via": "C", "Nom_Carrer": "Carders", "Num_Carrer": "36", "Codi_Barri": 4, "Nom_Barri": "Sant Pere, Santa Caterina i la Ribera", "Codi_Districte": 1, "Nom_Districte": "Ciutat Vella", "Latitud": 41.387076, "Longitud": 2.180426, "ETRS89_X": 431477.078, "ETRS89_Y": 4582051.709, "Data_Instalacio": "01/07/2022", "Data_DesInstalacio": null, "Font": "OCI", "nearest_node": 243752698, "street_centrality": 0.0 }, "geometry": { "type": "Point", "coordinates": [ 2.180426, 41.387076 ] } },
{ "type": "Feature", "properties": { "Id_Instal": 6887, "Codi_Carrer": 128900, "Tipus_Via": "C", "Nom_Carrer": "Fonollar", "Num_Carrer": "4", "Codi_Barri": 4, "Nom_Barri": "Sant Pere, Santa Caterina i la Ribera", "Codi_Districte": 1, "Nom_Districte": "Ciutat Vella", "Latitud": 41.386697, "Longitud": 2.179945, "ETRS89_X": 431436.514, "ETRS89_Y": 4582009.973, "Data_Instalacio": "01/07/2022", "Data_DesInstalacio": null, "Font": "OCI", "nearest_node": 243752698, "street_centrality": 0.0 }, "geometry": { "type": "Point", "coordinates": [ 2.179945, 41.386697 ] } },
{ "type": "Feature", "properties": { "Id_Instal": 6888, "Codi_Carrer": 335803, "Tipus_Via": "C", "Nom_Carrer": "Tigre", "Num_Carrer": "16", "Codi_Barri": 1, "Nom_Barri": "el Raval", "Codi_Districte": 1, "Nom_Districte": "Ciutat Vella", "Latitud": 41.38259, "Longitud": 2.164454, "ETRS89_X": 430136.865, "ETRS89_Y": 4581566.431, "Data_Instalacio": "01/07/2022", "Data_DesInstalacio": null, "Font": "OCI", "nearest_node": 30227151, "street_centrality": 0.0 }, "geometry": { "type": "Point", "coordinates": [ 2.164454, 41.38259 ] } },
{ "type": "Feature", "properties": { "Id_Instal": 6889, "Codi_Carrer": 242407, "Tipus_Via": "C", "Nom_Carrer": "Paloma", "Num_Carrer": "16", "Codi_Barri": 1, "Nom_Barri": "el Raval", "Codi_Districte": 1, "Nom_Districte": "Ciutat Vella", "Latitud": 41.382375, "Longitud": 2.164968, "ETRS89_X": 430179.626, "ETRS89_Y": 4581542.16, "Data_Instalacio": "01/07/2022", "Data_DesInstalacio": null, "Font": "OCI", "nearest_node": 30227151, "street_centrality": 0.0 }, "geometry": { "type": "Point", "coordinates": [ 2.164968, 41.382375 ] } },
{ "type": "Feature", "properties": { "Id_Instal": 6890, "Codi_Carrer": 12906, "Tipus_Via": "C", "Nom_Carrer": "Allada-Vermell", "Num_Carrer": "16", "Codi_Barri": 4, "Nom_Barri": "Sant Pere, Santa Caterina i la Ribera", "Codi_Districte": 1, "Nom_Districte": "Ciutat Vella", "Latitud": 41.386615, "Longitud": 2.181148, "ETRS89_X": 431536.931, "ETRS89_Y": 4581999.898, "Data_Instalacio": "01/07/2022", "Data_DesInstalacio": "15/07/2022", "Font": "OCI", "nearest_node": 240978204, "street_centrality": 0.0042874830071039267 }, "geometry": { "type": "Point", "coordinates": [ 2.181148, 41.386615 ] } },
{ "type": "Feature", "properties": { "Id_Instal": 6906, "Codi_Carrer": 266405, "Tipus_Via": "Rbla", "Nom_Carrer": "Prim", "Num_Carrer": "19", "Codi_Barri": 70, "Nom_Barri": "el Besòs i el Maresme", "Codi_Districte": 10, "Nom_Districte": "Sant Martí", "Latitud": 41.411656, "Longitud": 2.218416, "ETRS89_X": 434678.029, "ETRS89_Y": 4584751.178, "Data_Instalacio": "05/07/2022", "Data_DesInstalacio": null, "Font": "OCI", "nearest_node": 1297470708, "street_centrality": 0.00080144077213389225 }, "geometry": { "type": "Point", "coordinates": [ 2.218416, 41.411656 ] } },
{ "type": "Feature", "properties": { "Id_Instal": 6926, "Codi_Carrer": 208001, "Tipus_Via": "C", "Nom_Carrer": "Torrent de l'Olla", "Num_Carrer": "224", "Codi_Barri": 31, "Nom_Barri": "la Vila de Gràcia", "Codi_Districte": 6, "Nom_Districte": "Gràcia", "Latitud": 41.406996, "Longitud": 2.151799, "ETRS89_X": 429105.253, "ETRS89_Y": 4584286.206, "Data_Instalacio": "13/07/2022", "Data_DesInstalacio": null, "Font": "TRÀNSIT", "nearest_node": 8498379926, "street_centrality": 0.0 }, "geometry": { "type": "Point", "coordinates": [ 2.151799, 41.406996 ] } },
{ "type": "Feature", "properties": { "Id_Instal": 6966, "Codi_Carrer": 326904, "Tipus_Via": "Pl", "Nom_Carrer": "Sol", "Num_Carrer": "2", "Codi_Barri": 31, "Nom_Barri": "la Vila de Gràcia", "Codi_Districte": 6, "Nom_Districte": "Gràcia", "Latitud": 41.401519, "Longitud": 2.156852, "ETRS89_X": 429521.701, "ETRS89_Y": 4583674.03, "Data_Instalacio": "13/07/2022", "Data_DesInstalacio": "19/09/2022", "Font": "OCI", "nearest_node": 1368518996, "street_centrality": 0.0 }, "geometry": { "type": "Point", "coordinates": [ 2.156852, 41.401519 ] } },
{ "type": "Feature", "properties": { "Id_Instal": 6967, "Codi_Carrer": 167505, "Tipus_Via": "Pl", "Nom_Carrer": "Joanic", "Num_Carrer": "7", "Codi_Barri": 31, "Nom_Barri": "la Vila de Gràcia", "Codi_Districte": 6, "Nom_Districte": "Gràcia", "Latitud": 41.405521, "Longitud": 2.162211, "ETRS89_X": 429973.94, "ETRS89_Y": 4584113.95, "Data_Instalacio": "15/07/2022", "Data_DesInstalacio": "02/08/2022", "Font": "OCI", "nearest_node": 6960234560, "street_centrality": 0.010236942559229892 }, "geometry": { "type": "Point", "coordinates": [ 2.162211, 41.405521 ] } },
{ "type": "Feature", "properties": { "Id_Instal": 6986, "Codi_Carrer": 167505, "Tipus_Via": "Pl", "Nom_Carrer": "Joanic", "Num_Carrer": "4", "Codi_Barri": 31, "Nom_Barri": "la Vila de Gràcia", "Codi_Districte": 6, "Nom_Districte": "Gràcia", "Latitud": 41.405302, "Longitud": 2.162306, "ETRS89_X": 429981.651, "ETRS89_Y": 4584089.597, "Data_Instalacio": "04/08/2022", "Data_DesInstalacio": "21/10/2022", "Font": "OCI", "nearest_node": 6960234560, "street_centrality": 0.010236942559229892 }, "geometry": { "type": "Point", "coordinates": [ 2.162306, 41.405302 ] } },
{ "type": "Feature", "properties": { "Id_Instal": 7006, "Codi_Carrer": 110304, "Tipus_Via": "C", "Nom_Carrer": "Enric Granados", "Num_Carrer": "56", "Codi_Barri": 8, "Nom_Barri": "l'Antiga Esquerra de l'Eixample", "Codi_Districte": 2, "Nom_Districte": "L'Eixample", "Latitud": 41.391591, "Longitud": 2.157531, "ETRS89_X": 429567.753, "ETRS89_Y": 4582571.296, "Data_Instalacio": "17/08/2022", "Data_DesInstalacio": "11/07/2023", "Font": "OCI", "nearest_node": 30238025, "street_centrality": 0.010761481042115276 }, "geometry": { "type": "Point", "coordinates": [ 2.157531, 41.391591 ] } },
{ "type": "Feature", "properties": { "Id_Instal": 7026, "Codi_Carrer": 348805, "Tipus_Via": "Pl", "Nom_Carrer": "Revolució de Setembre 1868", "Num_Carrer": "3", "Codi_Barri": 31, "Nom_Barri": "la Vila de Gràcia", "Codi_Districte": 6, "Nom_Districte": "Gràcia", "Latitud": 41.402754, "Longitud": 2.158158, "ETRS89_X": 429632.212, "ETRS89_Y": 4583810.119, "Data_Instalacio": "02/08/2022", "Data_DesInstalacio": "19/09/2022", "Font": "OCI", "nearest_node": 30554853, "street_centrality": 0.0048486041095038498 }, "geometry": { "type": "Point", "coordinates": [ 2.158158, 41.402754 ] } },
{ "type": "Feature", "properties": { "Id_Instal": 7027, "Codi_Carrer": 208001, "Tipus_Via": "C", "Nom_Carrer": "Torrent de l'Olla", "Num_Carrer": "218", "Codi_Barri": 31, "Nom_Barri": "la Vila de Gràcia", "Codi_Districte": 6, "Nom_Districte": "Gràcia", "Latitud": 41.406216, "Longitud": 2.152848, "ETRS89_X": 429192.067, "ETRS89_Y": 4584198.701, "Data_Instalacio": "17/08/2022", "Data_DesInstalacio": "30/08/2022", "Font": "PROVES", "nearest_node": 30960868, "street_centrality": 0.011212854285971583 }, "geometry": { "type": "Point", "coordinates": [ 2.152848, 41.406216 ] } },
{ "type": "Feature", "properties": { "Id_Instal": 7046, "Codi_Carrer": 350308, "Tipus_Via": "C", "Nom_Carrer": "València", "Num_Carrer": "488", "Codi_Barri": 6, "Nom_Barri": "la Sagrada Família", "Codi_Districte": 2, "Nom_Districte": "L'Eixample", "Latitud": 41.404079, "Longitud": 2.178587, "ETRS89_X": 431341.232, "ETRS89_Y": 4583940.816, "Data_Instalacio": "30/08/2022", "Data_DesInstalacio": null, "Font": "TRÀNSIT", "nearest_node": 30243333, "street_centrality": 0.02356652349126578 }, "geometry": { "type": "Point", "coordinates": [ 2.178587, 41.404079 ] } },
{ "type": "Feature", "properties": { "Id_Instal": 7066, "Codi_Carrer": 249304, "Tipus_Via": "C", "Nom_Carrer": "Pere IV", "Num_Carrer": "71", "Codi_Barri": 66, "Nom_Barri": "el Parc i la Llacuna del Poblenou", "Codi_Districte": 10, "Nom_Districte": "Sant Martí", "Latitud": 41.396728, "Longitud": 2.192656, "ETRS89_X": 432509.612, "ETRS89_Y": 4583113.664, "Data_Instalacio": "14/09/2022", "Data_DesInstalacio": "24/10/2022", "Font": "OCI", "nearest_node": 365565046, "street_centrality": 0.00028365600362042251 }, "geometry": { "type": "Point", "coordinates": [ 2.192656, 41.396728 ] } },
{ "type": "Feature", "properties": { "Id_Instal": 7067, "Codi_Carrer": 43400, "Tipus_Via": "C", "Nom_Carrer": "Blai", "Num_Carrer": "41", "Codi_Barri": 11, "Nom_Barri": "el Poble Sec", "Codi_Districte": 3, "Nom_Districte": "Sants-Montjuïc", "Latitud": 41.374055, "Longitud": 2.163579, "ETRS89_X": 430054.558, "ETRS89_Y": 4580619.516, "Data_Instalacio": "14/09/2022", "Data_DesInstalacio": "22/11/2022", "Font": "OCI", "nearest_node": 4834501650, "street_centrality": 0.011524087956610658 }, "geometry": { "type": "Point", "coordinates": [ 2.163579, 41.374055 ] } },
{ "type": "Feature", "properties": { "Id_Instal": 7086, "Codi_Carrer": 276908, "Tipus_Via": "C", "Nom_Carrer": "Rec", "Num_Carrer": "38", "Codi_Barri": 4, "Nom_Barri": "Sant Pere, Santa Caterina i la Ribera", "Codi_Districte": 1, "Nom_Districte": "Ciutat Vella", "Latitud": 41.384863, "Longitud": 2.183054, "ETRS89_X": 431694.534, "ETRS89_Y": 4581803.909, "Data_Instalacio": "15/09/2022", "Data_DesInstalacio": "11/01/2023", "Font": "OCI", "nearest_node": 4212111672, "street_centrality": 0.0 }, "geometry": { "type": "Point", "coordinates": [ 2.183054, 41.384863 ] } },
{ "type": "Feature", "properties": { "Id_Instal": 7106, "Codi_Carrer": 701272, "Tipus_Via": "Jard", "Nom_Carrer": "Mediterrània", "Num_Carrer": "1", "Codi_Barri": 13, "Nom_Barri": "la Marina de Port", "Codi_Districte": 3, "Nom_Districte": "Sants-Montjuïc", "Latitud": 41.360031, "Longitud": 2.140171, "ETRS89_X": 428081.675, "ETRS89_Y": 4579081.761, "Data_Instalacio": "15/09/2022", "Data_DesInstalacio": null, "Font": "OCI", "nearest_node": 8473849036, "street_centrality": 0.0 }, "geometry": { "type": "Point", "coordinates": [ 2.140171, 41.360031 ] } },
{ "type": "Feature", "properties": { "Id_Instal": 7126, "Codi_Carrer": 319206, "Tipus_Via": "C", "Nom_Carrer": "Santes Creus", "Num_Carrer": "8", "Codi_Barri": 43, "Nom_Barri": "Horta", "Codi_Districte": 7, "Nom_Districte": "Horta-Guinardó", "Latitud": 41.430238, "Longitud": 2.162217, "ETRS89_X": 430001.0, "ETRS89_Y": 4586858.0, "Data_Instalacio": "14/09/2022", "Data_DesInstalacio": "06/10/2022", "Font": "OCI", "nearest_node": 616880477, "street_centrality": 0.009950472507954505 }, "geometry": { "type": "Point", "coordinates": [ 2.162217, 41.430238 ] } },
{ "type": "Feature", "properties": { "Id_Instal": 7146, "Codi_Carrer": 167505, "Tipus_Via": "Pl", "Nom_Carrer": "Joanic", "Num_Carrer": "2", "Codi_Barri": 31, "Nom_Barri": "la Vila de Gràcia", "Codi_Districte": 6, "Nom_Districte": "Gràcia", "Latitud": 41.405174, "Longitud": 2.162446, "ETRS89_X": 429993.208, "ETRS89_Y": 4584075.309, "Data_Instalacio": "19/09/2022", "Data_DesInstalacio": "21/10/2022", "Font": "OCI", "nearest_node": 260723993, "street_centrality": 0.0083537818685276415 }, "geometry": { "type": "Point", "coordinates": [ 2.162446, 41.405174 ] } },
{ "type": "Feature", "properties": { "Id_Instal": 7147, "Codi_Carrer": 236700, "Tipus_Via": "C", "Nom_Carrer": "Or", "Num_Carrer": "10", "Codi_Barri": 31, "Nom_Barri": "la Vila de Gràcia", "Codi_Districte": 6, "Nom_Districte": "Gràcia", "Latitud": 41.403978, "Longitud": 2.156015, "ETRS89_X": 429454.426, "ETRS89_Y": 4583947.753, "Data_Instalacio": "19/09/2022", "Data_DesInstalacio": "04/10/2022", "Font": "OCI", "nearest_node": 30554955, "street_centrality": 0.00065511029407573781 }, "geometry": { "type": "Point", "coordinates": [ 2.156015, 41.403978 ] } },
{ "type": "Feature", "properties": { "Id_Instal": 7166, "Codi_Carrer": 351901, "Tipus_Via": "Pg", "Nom_Carrer": "Valldaura", "Num_Carrer": "24", "Codi_Barri": 43, "Nom_Barri": "Horta", "Codi_Districte": 7, "Nom_Districte": "Horta-Guinardó", "Latitud": 41.437482, "Longitud": 2.156005, "ETRS89_X": 429489.839, "ETRS89_Y": 4587667.269, "Data_Instalacio": "22/09/2022", "Data_DesInstalacio": "15/05/2024", "Font": "TRÀNSIT", "nearest_node": 770847795, "street_centrality": 0.014775438617156652 }, "geometry": { "type": "Point", "coordinates": [ 2.156005, 41.437482 ] } },
{ "type": "Feature", "properties": { "Id_Instal": 7167, "Codi_Carrer": 102703, "Tipus_Via": "C", "Nom_Carrer": "Doctor Letamendi", "Num_Carrer": "62", "Codi_Barri": 43, "Nom_Barri": "Horta", "Codi_Districte": 7, "Nom_Districte": "Horta-Guinardó", "Latitud": 41.436628, "Longitud": 2.161216, "ETRS89_X": 429924.266, "ETRS89_Y": 4587568.258, "Data_Instalacio": "22/09/2022", "Data_DesInstalacio": "10/05/2023", "Font": "PATIS D'ESCOLA", "nearest_node": 790024603, "street_centrality": 0.0017008104026605493 }, "geometry": { "type": "Point", "coordinates": [ 2.161216, 41.436628 ] } },
{ "type": "Feature", "properties": { "Id_Instal": 7168, "Codi_Carrer": 50009, "Tipus_Via": "C", "Nom_Carrer": "Bruniquer", "Num_Carrer": "45", "Codi_Barri": 31, "Nom_Barri": "la Vila de Gràcia", "Codi_Districte": 6, "Nom_Districte": "Gràcia", "Latitud": 41.405337, "Longitud": 2.161688, "ETRS89_X": 429930.018, "ETRS89_Y": 4584093.934, "Data_Instalacio": "22/09/2022", "Data_DesInstalacio": null, "Font": "OCI", "nearest_node": 30553756, "street_centrality": 0.0038327329060616616 }, "geometry": { "type": "Point", "coordinates": [ 2.161688, 41.405337 ] } },
{ "type": "Feature", "properties": { "Id_Instal": 7169, "Codi_Carrer": 50009, "Tipus_Via": "C", "Nom_Carrer": "Bruniquer", "Num_Carrer": "45", "Codi_Barri": 31, "Nom_Barri": "la Vila de Gràcia", "Codi_Districte": 6, "Nom_Districte": "Gràcia", "Latitud": 41.405337, "Longitud": 2.161688, "ETRS89_X": 429930.018, "ETRS89_Y": 4584093.934, "Data_Instalacio": "22/09/2022", "Data_DesInstalacio": "19/10/2022", "Font": "OCI", "nearest_node": 30553756, "street_centrality": 0.0038327329060616616 }, "geometry": { "type": "Point", "coordinates": [ 2.161688, 41.405337 ] } },
{ "type": "Feature", "properties": { "Id_Instal": 7170, "Codi_Carrer": 344101, "Tipus_Via": "Trav", "Nom_Carrer": "Gràcia", "Num_Carrer": "206", "Codi_Barri": 31, "Nom_Barri": "la Vila de Gràcia", "Codi_Districte": 6, "Nom_Districte": "Gràcia", "Latitud": 41.403224, "Longitud": 2.160884, "ETRS89_X": 429860.549, "ETRS89_Y": 4583860.042, "Data_Instalacio": "22/09/2022", "Data_DesInstalacio": null, "Font": "TRÀNSIT", "nearest_node": 30553975, "street_centrality": 0.0051558981134259742 }, "geometry": { "type": "Point", "coordinates": [ 2.160884, 41.403224 ] } },
{ "type": "Feature", "properties": { "Id_Instal": 7186, "Codi_Carrer": 202402, "Tipus_Via": "Pl", "Nom_Carrer": "Masadas", "Num_Carrer": "1", "Codi_Barri": 61, "Nom_Barri": "la Sagrera", "Codi_Districte": 9, "Nom_Districte": "Sant Andreu", "Latitud": 41.424877, "Longitud": 2.189826, "ETRS89_X": 432302.259, "ETRS89_Y": 4586240.863, "Data_Instalacio": "04/10/2022", "Data_DesInstalacio": null, "Font": "OCI", "nearest_node": 12323136802, "street_centrality": 0.0 }, "geometry": { "type": "Point", "coordinates": [ 2.189826, 41.424877 ] } },
{ "type": "Feature", "properties": { "Id_Instal": 7187, "Codi_Carrer": 253902, "Tipus_Via": "C", "Nom_Carrer": "Perú", "Num_Carrer": "259", "Codi_Barri": 71, "Nom_Barri": "Provençals del Poblenou", "Codi_Districte": 10, "Nom_Districte": "Sant Martí", "Latitud": 41.414202, "Longitud": 2.203527, "ETRS89_X": 433436.18, "ETRS89_Y": 4585045.207, "Data_Instalacio": "04/10/2022", "Data_DesInstalacio": "03/05/2023", "Font": "TRÀNSIT", "nearest_node": 312894013, "street_centrality": 0.0091456548786346559 }, "geometry": { "type": "Point", "coordinates": [ 2.203527, 41.414202 ] } },
{ "type": "Feature", "properties": { "Id_Instal": 7188, "Codi_Carrer": 11200, "Tipus_Via": "C", "Nom_Carrer": "Almogàvers", "Num_Carrer": "115", "Codi_Barri": 66, "Nom_Barri": "el Parc i la Llacuna del Poblenou", "Codi_Districte": 10, "Nom_Districte": "Sant Martí", "Latitud": 41.396696, "Longitud": 2.189413, "ETRS89_X": 432238.432, "ETRS89_Y": 4583112.595, "Data_Instalacio": "04/10/2022", "Data_DesInstalacio": null, "Font": "OCI", "nearest_node": 30689522, "street_centrality": 0.0040893740521944248 }, "geometry": { "type": "Point", "coordinates": [ 2.189413, 41.396696 ] } },
{ "type": "Feature", "properties": { "Id_Instal": 7189, "Codi_Carrer": 243206, "Tipus_Via": "C", "Nom_Carrer": "Pamplona", "Num_Carrer": "84", "Codi_Barri": 66, "Nom_Barri": "el Parc i la Llacuna del Poblenou", "Codi_Districte": 10, "Nom_Districte": "Sant Martí", "Latitud": 41.396549, "Longitud": 2.191779, "ETRS89_X": 432436.075, "ETRS89_Y": 4583094.469, "Data_Instalacio": "04/10/2022", "Data_DesInstalacio": "17/10/2022", "Font": "OCI", "nearest_node": 30253380, "street_centrality": 0.0080588696742873618 }, "geometry": { "type": "Point", "coordinates": [ 2.191779, 41.396549 ] } },
{ "type": "Feature", "properties": { "Id_Instal": 7226, "Codi_Carrer": 87009, "Tipus_Via": "C", "Nom_Carrer": "Comte Borrell", "Num_Carrer": "243", "Codi_Barri": 9, "Nom_Barri": "la Nova Esquerra de l'Eixample", "Codi_Districte": 2, "Nom_Districte": "L'Eixample", "Latitud": 41.386853, "Longitud": 2.150002, "ETRS89_X": 428933.163, "ETRS89_Y": 4582051.453, "Data_Instalacio": "06/10/2022", "Data_DesInstalacio": null, "Font": "TRÀNSIT", "nearest_node": 10896052337, "street_centrality": 0.0 }, "geometry": { "type": "Point", "coordinates": [ 2.150002, 41.386853 ] } },
{ "type": "Feature", "properties": { "Id_Instal": 7286, "Codi_Carrer": 112208, "Tipus_Via": "C", "Nom_Carrer": "Escudellers", "Num_Carrer": "48", "Codi_Barri": 2, "Nom_Barri": "el Barri Gòtic", "Codi_Districte": 1, "Nom_Districte": "Ciutat Vella", "Latitud": 41.38039, "Longitud": 2.177537, "ETRS89_X": 431228.473, "ETRS89_Y": 4581311.696, "Data_Instalacio": "14/10/2022", "Data_DesInstalacio": "28/09/2023", "Font": "OCI", "nearest_node": 30243952, "street_centrality": 0.0034657810918542896 }, "geometry": { "type": "Point", "coordinates": [ 2.177537, 41.38039 ] } },
{ "type": "Feature", "properties": { "Id_Instal": 7306, "Codi_Carrer": 112004, "Tipus_Via": "C", "Nom_Carrer": "Escorial", "Num_Carrer": "14", "Codi_Barri": 32, "Nom_Barri": "el Camp d'en Grassot i Gràcia Nova", "Codi_Districte": 6, "Nom_Districte": "Gràcia", "Latitud": 41.406, "Longitud": 2.162636, "ETRS89_X": 430009.978, "ETRS89_Y": 4584166.848, "Data_Instalacio": "19/10/2022", "Data_DesInstalacio": null, "Font": "OCI", "nearest_node": 1375697911, "street_centrality": 0.0043848490559656979 }, "geometry": { "type": "Point", "coordinates": [ 2.162636, 41.406 ] } },
{ "type": "Feature", "properties": { "Id_Instal": 7307, "Codi_Carrer": 112004, "Tipus_Via": "C", "Nom_Carrer": "Escorial", "Num_Carrer": "14", "Codi_Barri": 32, "Nom_Barri": "el Camp d'en Grassot i Gràcia Nova", "Codi_Districte": 6, "Nom_Districte": "Gràcia", "Latitud": 41.406, "Longitud": 2.162636, "ETRS89_X": 430009.978, "ETRS89_Y": 4584166.848, "Data_Instalacio": "19/10/2022", "Data_DesInstalacio": "11/11/2022", "Font": "OCI", "nearest_node": 1375697911, "street_centrality": 0.0043848490559656979 }, "geometry": { "type": "Point", "coordinates": [ 2.162636, 41.406 ] } },
{ "type": "Feature", "properties": { "Id_Instal": 7326, "Codi_Carrer": 243206, "Tipus_Via": "C", "Nom_Carrer": "Pamplona", "Num_Carrer": "84", "Codi_Barri": 66, "Nom_Barri": "el Parc i la Llacuna del Poblenou", "Codi_Districte": 10, "Nom_Districte": "Sant Martí", "Latitud": 41.396549, "Longitud": 2.191779, "ETRS89_X": 432436.075, "ETRS89_Y": 4583094.469, "Data_Instalacio": "21/10/2022", "Data_DesInstalacio": "19/03/2024", "Font": "OCI", "nearest_node": 30253380, "street_centrality": 0.0080588696742873618 }, "geometry": { "type": "Point", "coordinates": [ 2.191779, 41.396549 ] } },
{ "type": "Feature", "properties": { "Id_Instal": 7327, "Codi_Carrer": 193403, "Tipus_Via": "Plta", "Nom_Carrer": "Manuel Ribé", "Num_Carrer": "1", "Codi_Barri": 2, "Nom_Barri": "el Barri Gòtic", "Codi_Districte": 1, "Nom_Districte": "Ciutat Vella", "Latitud": 41.382724, "Longitud": 2.175562, "ETRS89_X": 431065.838, "ETRS89_Y": 4581572.349, "Data_Instalacio": "24/10/2022", "Data_DesInstalacio": "10/05/2023", "Font": "OCI", "nearest_node": 2529520245, "street_centrality": 0.0011723322530582145 }, "geometry": { "type": "Point", "coordinates": [ 2.175562, 41.382724 ] } },
{ "type": "Feature", "properties": { "Id_Instal": 7328, "Codi_Carrer": 167505, "Tipus_Via": "Pl", "Nom_Carrer": "Joanic", "Num_Carrer": "4", "Codi_Barri": 31, "Nom_Barri": "la Vila de Gràcia", "Codi_Districte": 6, "Nom_Districte": "Gràcia", "Latitud": 41.405302, "Longitud": 2.162306, "ETRS89_X": 429981.651, "ETRS89_Y": 4584089.597, "Data_Instalacio": "21/10/2022", "Data_DesInstalacio": "11/04/2023", "Font": "OCI", "nearest_node": 6960234560, "street_centrality": 0.010236942559229892 }, "geometry": { "type": "Point", "coordinates": [ 2.162306, 41.405302 ] } },
{ "type": "Feature", "properties": { "Id_Instal": 7346, "Codi_Carrer": 110304, "Tipus_Via": "C", "Nom_Carrer": "Enric Granados", "Num_Carrer": "30", "Codi_Barri": 8, "Nom_Barri": "l'Antiga Esquerra de l'Eixample", "Codi_Districte": 2, "Nom_Districte": "L'Eixample", "Latitud": 41.390262, "Longitud": 2.159182, "ETRS89_X": 429704.312, "ETRS89_Y": 4582422.348, "Data_Instalacio": "27/10/2022", "Data_DesInstalacio": "02/10/2023", "Font": "OCI", "nearest_node": 30243322, "street_centrality": 0.036026000888386638 }, "geometry": { "type": "Point", "coordinates": [ 2.159182, 41.390262 ] } },
{ "type": "Feature", "properties": { "Id_Instal": 7366, "Codi_Carrer": 110304, "Tipus_Via": "C", "Nom_Carrer": "Enric Granados", "Num_Carrer": "13", "Codi_Barri": 8, "Nom_Barri": "l'Antiga Esquerra de l'Eixample", "Codi_Districte": 2, "Nom_Districte": "L'Eixample", "Latitud": 41.387891, "Longitud": 2.162178, "ETRS89_X": 429952.273, "ETRS89_Y": 4582156.721, "Data_Instalacio": "27/10/2022", "Data_DesInstalacio": null, "Font": "OCI", "nearest_node": 11061736176, "street_centrality": 4.952723872737536e-05 }, "geometry": { "type": "Point", "coordinates": [ 2.162178, 41.387891 ] } },
{ "type": "Feature", "properties": { "Id_Instal": 7367, "Codi_Carrer": 110304, "Tipus_Via": "C", "Nom_Carrer": "Enric Granados", "Num_Carrer": "65", "Codi_Barri": 8, "Nom_Barri": "l'Antiga Esquerra de l'Eixample", "Codi_Districte": 2, "Nom_Districte": "L'Eixample", "Latitud": 41.391122, "Longitud": 2.157903, "ETRS89_X": 429598.374, "ETRS89_Y": 4582518.882, "Data_Instalacio": "27/10/2022", "Data_DesInstalacio": "10/05/2023", "Font": "OCI", "nearest_node": 30243366, "street_centrality": 0.02835153012376743 }, "geometry": { "type": "Point", "coordinates": [ 2.157903, 41.391122 ] } },
{ "type": "Feature", "properties": { "Id_Instal": 7406, "Codi_Carrer": 217603, "Tipus_Via": "Plta", "Nom_Carrer": "Montcada", "Num_Carrer": "6", "Codi_Barri": 4, "Nom_Barri": "Sant Pere, Santa Caterina i la Ribera", "Codi_Districte": 1, "Nom_Districte": "Ciutat Vella", "Latitud": 41.384407, "Longitud": 2.18197, "ETRS89_X": 431603.366, "ETRS89_Y": 4581754.13, "Data_Instalacio": "10/11/2022", "Data_DesInstalacio": "04/06/2024", "Font": "OCI", "nearest_node": 11298541576, "street_centrality": 0.00011143628713659457 }, "geometry": { "type": "Point", "coordinates": [ 2.18197, 41.384407 ] } },
{ "type": "Feature", "properties": { "Id_Instal": 7426, "Codi_Carrer": 224904, "Tipus_Via": "Pg", "Nom_Carrer": "Joan Borbó Comte Barcelona", "Num_Carrer": "23", "Codi_Barri": 3, "Nom_Barri": "la Barceloneta", "Codi_Districte": 1, "Nom_Districte": "Ciutat Vella", "Latitud": 41.379483, "Longitud": 2.187732, "ETRS89_X": 432080.0, "ETRS89_Y": 4581203.0, "Data_Instalacio": "11/11/2022", "Data_DesInstalacio": "15/01/2024", "Font": "OCI", "nearest_node": 30343398, "street_centrality": 4.5024762479432148e-06 }, "geometry": { "type": "Point", "coordinates": [ 2.187732, 41.379483 ] } },
{ "type": "Feature", "properties": { "Id_Instal": 7446, "Codi_Carrer": 11200, "Tipus_Via": "C", "Nom_Carrer": "Almogàvers", "Num_Carrer": "115", "Codi_Barri": 66, "Nom_Barri": "el Parc i la Llacuna del Poblenou", "Codi_Districte": 10, "Nom_Districte": "Sant Martí", "Latitud": 41.396696, "Longitud": 2.189413, "ETRS89_X": 432238.432, "ETRS89_Y": 4583112.595, "Data_Instalacio": "11/11/2022", "Data_DesInstalacio": "22/12/2022", "Font": "OCI", "nearest_node": 30689522, "street_centrality": 0.0040893740521944248 }, "geometry": { "type": "Point", "coordinates": [ 2.189413, 41.396696 ] } },
{ "type": "Feature", "properties": { "Id_Instal": 7466, "Codi_Carrer": 329505, "Tipus_Via": "C", "Nom_Carrer": "Tajo", "Num_Carrer": "31", "Codi_Barri": 43, "Nom_Barri": "Horta", "Codi_Districte": 7, "Nom_Districte": "Horta-Guinardó", "Latitud": 41.429785, "Longitud": 2.162318, "ETRS89_X": 430008.932, "ETRS89_Y": 4586807.657, "Data_Instalacio": "18/11/2022", "Data_DesInstalacio": null, "Font": "OCI", "nearest_node": 2708786214, "street_centrality": 0.022663777003553164 }, "geometry": { "type": "Point", "coordinates": [ 2.162318, 41.429785 ] } },
{ "type": "Feature", "properties": { "Id_Instal": 7486, "Codi_Carrer": 43400, "Tipus_Via": "C", "Nom_Carrer": "Blai", "Num_Carrer": "41", "Codi_Barri": 11, "Nom_Barri": "el Poble Sec", "Codi_Districte": 3, "Nom_Districte": "Sants-Montjuïc", "Latitud": 41.374055, "Longitud": 2.163579, "ETRS89_X": 430054.558, "ETRS89_Y": 4580619.516, "Data_Instalacio": "22/11/2022", "Data_DesInstalacio": "22/12/2022", "Font": "OCI", "nearest_node": 4834501650, "street_centrality": 0.011524087956610658 }, "geometry": { "type": "Point", "coordinates": [ 2.163579, 41.374055 ] } },
{ "type": "Feature", "properties": { "Id_Instal": 7506, "Codi_Carrer": 284305, "Tipus_Via": "Pl", "Nom_Carrer": "Vila de Gràcia", "Num_Carrer": "11", "Codi_Barri": 31, "Nom_Barri": "la Vila de Gràcia", "Codi_Districte": 6, "Nom_Districte": "Gràcia", "Latitud": 41.400471, "Longitud": 2.157441, "ETRS89_X": 429569.794, "ETRS89_Y": 4583557.156, "Data_Instalacio": "24/11/2022", "Data_DesInstalacio": null, "Font": "OCI", "nearest_node": 30333441, "street_centrality": 0.00016828004976687767 }, "geometry": { "type": "Point", "coordinates": [ 2.157441, 41.400471 ] } },
{ "type": "Feature", "properties": { "Id_Instal": 7526, "Codi_Carrer": 332805, "Tipus_Via": "C", "Nom_Carrer": "Telègraf", "Num_Carrer": "54", "Codi_Barri": 35, "Nom_Barri": "el Guinardó", "Codi_Districte": 7, "Nom_Districte": "Horta-Guinardó", "Latitud": 41.417434, "Longitud": 2.172828, "ETRS89_X": 430874.0, "ETRS89_Y": 4585428.0, "Data_Instalacio": "24/11/2022", "Data_DesInstalacio": "09/05/2023", "Font": "PATIS D'ESCOLA", "nearest_node": 31286315, "street_centrality": 0.0013406123028250922 }, "geometry": { "type": "Point", "coordinates": [ 2.172828, 41.417434 ] } },
{ "type": "Feature", "properties": { "Id_Instal": 7546, "Codi_Carrer": 249304, "Tipus_Via": "C", "Nom_Carrer": "Pere IV", "Num_Carrer": "416", "Codi_Barri": 71, "Nom_Barri": "Provençals del Poblenou", "Codi_Districte": 10, "Nom_Districte": "Sant Martí", "Latitud": 41.412182, "Longitud": 2.204888, "ETRS89_X": 433547.907, "ETRS89_Y": 4584819.847, "Data_Instalacio": "01/09/2022", "Data_DesInstalacio": null, "Font": "OBRES", "nearest_node": 11887554791, "street_centrality": 0.0034635298537303181 }, "geometry": { "type": "Point", "coordinates": [ 2.204888, 41.412182 ] } },
{ "type": "Feature", "properties": { "Id_Instal": 7566, "Codi_Carrer": 169409, "Tipus_Via": "G.V.", "Nom_Carrer": "Corts Catalanes", "Num_Carrer": "938", "Codi_Barri": 71, "Nom_Barri": "Provençals del Poblenou", "Codi_Districte": 10, "Nom_Districte": "Sant Martí", "Latitud": 41.408956, "Longitud": 2.194691, "ETRS89_X": 432692.361, "ETRS89_Y": 4584469.613, "Data_Instalacio": "02/12/2022", "Data_DesInstalacio": null, "Font": "OBRES", "nearest_node": 559061399, "street_centrality": 0.014223322467252615 }, "geometry": { "type": "Point", "coordinates": [ 2.194691, 41.408956 ] } },
{ "type": "Feature", "properties": { "Id_Instal": 7567, "Codi_Carrer": 169409, "Tipus_Via": "G.V.", "Nom_Carrer": "Corts Catalanes", "Num_Carrer": "769", "Codi_Barri": 5, "Nom_Barri": "el Fort Pienc", "Codi_Districte": 2, "Nom_Districte": "L'Eixample", "Latitud": 41.402124, "Longitud": 2.184799, "ETRS89_X": 431858.456, "ETRS89_Y": 4583718.788, "Data_Instalacio": "02/12/2022", "Data_DesInstalacio": null, "Font": "TRÀNSIT", "nearest_node": 243339207, "street_centrality": 0.043663326223960318 }, "geometry": { "type": "Point", "coordinates": [ 2.184799, 41.402124 ] } },
{ "type": "Feature", "properties": { "Id_Instal": 7568, "Codi_Carrer": 208001, "Tipus_Via": "C", "Nom_Carrer": "Torrent de l'Olla", "Num_Carrer": "121", "Codi_Barri": 31, "Nom_Barri": "la Vila de Gràcia", "Codi_Districte": 6, "Nom_Districte": "Gràcia", "Latitud": 41.402708, "Longitud": 2.156512, "ETRS89_X": 429494.607, "ETRS89_Y": 4583806.357, "Data_Instalacio": "02/12/2022", "Data_DesInstalacio": null, "Font": "TRÀNSIT", "nearest_node": 30556744, "street_centrality": 0.022478049858325508 }, "geometry": { "type": "Point", "coordinates": [ 2.156512, 41.402708 ] } },
{ "type": "Feature", "properties": { "Id_Instal": 7571, "Codi_Carrer": 169409, "Tipus_Via": "G.V.", "Nom_Carrer": "Corts Catalanes", "Num_Carrer": "755", "Codi_Barri": 5, "Nom_Barri": "el Fort Pienc", "Codi_Districte": 2, "Nom_Districte": "L'Eixample", "Latitud": 41.401284, "Longitud": 2.183707, "ETRS89_X": 431766.261, "ETRS89_Y": 4583626.412, "Data_Instalacio": "02/12/2022", "Data_DesInstalacio": null, "Font": "OBRES", "nearest_node": 9605043050, "street_centrality": 0.0049977486352169682 }, "geometry": { "type": "Point", "coordinates": [ 2.183707, 41.401284 ] } },
{ "type": "Feature", "properties": { "Id_Instal": 7573, "Codi_Carrer": 208001, "Tipus_Via": "C", "Nom_Carrer": "Torrent de l'Olla", "Num_Carrer": "51", "Codi_Barri": 31, "Nom_Barri": "la Vila de Gràcia", "Codi_Districte": 6, "Nom_Districte": "Gràcia", "Latitud": 41.400282, "Longitud": 2.159417, "ETRS89_X": 429734.779, "ETRS89_Y": 4583534.581, "Data_Instalacio": "02/12/2022", "Data_DesInstalacio": null, "Font": "TRÀNSIT", "nearest_node": 30554503, "street_centrality": 0.014904321999754026 }, "geometry": { "type": "Point", "coordinates": [ 2.159417, 41.400282 ] } },
{ "type": "Feature", "properties": { "Id_Instal": 7575, "Codi_Carrer": 87009, "Tipus_Via": "C", "Nom_Carrer": "Comte Borrell", "Num_Carrer": "34", "Codi_Barri": 10, "Nom_Barri": "Sant Antoni", "Codi_Districte": 2, "Nom_Districte": "L'Eixample", "Latitud": 41.376948, "Longitud": 2.163438, "ETRS89_X": 430045.873, "ETRS89_Y": 4580940.865, "Data_Instalacio": "02/12/2022", "Data_DesInstalacio": "20/09/2023", "Font": "OCI", "nearest_node": 30246671, "street_centrality": 0.001938878834270547 }, "geometry": { "type": "Point", "coordinates": [ 2.163438, 41.376948 ] } },
{ "type": "Feature", "properties": { "Id_Instal": 7576, "Codi_Carrer": 96203, "Tipus_Via": "C", "Nom_Carrer": "Chapí", "Num_Carrer": "66", "Codi_Barri": 43, "Nom_Barri": "Horta", "Codi_Districte": 7, "Nom_Districte": "Horta-Guinardó", "Latitud": 41.431907, "Longitud": 2.159929, "ETRS89_X": 429811.652, "ETRS89_Y": 4587045.206, "Data_Instalacio": "02/12/2022", "Data_DesInstalacio": null, "Font": "TRÀNSIT", "nearest_node": 30254635, "street_centrality": 0.00035625843311850686 }, "geometry": { "type": "Point", "coordinates": [ 2.159929, 41.431907 ] } },
{ "type": "Feature", "properties": { "Id_Instal": 7586, "Codi_Carrer": 43400, "Tipus_Via": "C", "Nom_Carrer": "Blai", "Num_Carrer": "41", "Codi_Barri": 11, "Nom_Barri": "el Poble Sec", "Codi_Districte": 3, "Nom_Districte": "Sants-Montjuïc", "Latitud": 41.374055, "Longitud": 2.163579, "ETRS89_X": 430054.558, "ETRS89_Y": 4580619.516, "Data_Instalacio": "22/12/2022", "Data_DesInstalacio": "16/03/2023", "Font": "OCI", "nearest_node": 4834501650, "street_centrality": 0.011524087956610658 }, "geometry": { "type": "Point", "coordinates": [ 2.163579, 41.374055 ] } },
{ "type": "Feature", "properties": { "Id_Instal": 7587, "Codi_Carrer": 348408, "Tipus_Via": "C", "Nom_Carrer": "Tuset", "Num_Carrer": "8", "Codi_Barri": 26, "Nom_Barri": "Galvany", "Codi_Districte": 5, "Nom_Districte": "Sarrià-Sant Gervasi", "Latitud": 41.39545, "Longitud": 2.152753, "ETRS89_X": 429172.441, "ETRS89_Y": 4583003.592, "Data_Instalacio": "22/12/2022", "Data_DesInstalacio": "14/02/2023", "Font": "OCI", "nearest_node": 5094317308, "street_centrality": 0.0031900044216677677 }, "geometry": { "type": "Point", "coordinates": [ 2.152753, 41.39545 ] } },
{ "type": "Feature", "properties": { "Id_Instal": 7588, "Codi_Carrer": 86902, "Tipus_Via": "C", "Nom_Carrer": "Nou de la Rambla", "Num_Carrer": "126", "Codi_Barri": 11, "Nom_Barri": "el Poble Sec", "Codi_Districte": 3, "Nom_Districte": "Sants-Montjuïc", "Latitud": 41.373812, "Longitud": 2.168759, "ETRS89_X": 430487.503, "ETRS89_Y": 4580588.461, "Data_Instalacio": "22/12/2022", "Data_DesInstalacio": null, "Font": "OCI", "nearest_node": 30248358, "street_centrality": 0.0086250560624662204 }, "geometry": { "type": "Point", "coordinates": [ 2.168759, 41.373812 ] } },
{ "type": "Feature", "properties": { "Id_Instal": 7606, "Codi_Carrer": 191204, "Tipus_Via": "C", "Nom_Carrer": "Mallorca", "Num_Carrer": "593", "Codi_Barri": 64, "Nom_Barri": "el Camp de l'Arpa del Clot", "Codi_Districte": 10, "Nom_Districte": "Sant Martí", "Latitud": 41.411269, "Longitud": 2.185694, "ETRS89_X": 431942.746, "ETRS89_Y": 4584733.408, "Data_Instalacio": "22/12/2022", "Data_DesInstalacio": "12/01/2023", "Font": "TRÀNSIT", "nearest_node": 30243401, "street_centrality": 0.0089610533524689829 }, "geometry": { "type": "Point", "coordinates": [ 2.185694, 41.411269 ] } },
{ "type": "Feature", "properties": { "Id_Instal": 7626, "Codi_Carrer": 276908, "Tipus_Via": "C", "Nom_Carrer": "Rec", "Num_Carrer": "38", "Codi_Barri": 4, "Nom_Barri": "Sant Pere, Santa Caterina i la Ribera", "Codi_Districte": 1, "Nom_Districte": "Ciutat Vella", "Latitud": 41.384863, "Longitud": 2.183054, "ETRS89_X": 431694.534, "ETRS89_Y": 4581803.909, "Data_Instalacio": "11/01/2023", "Data_DesInstalacio": "19/07/2023", "Font": "OCI", "nearest_node": 4212111672, "street_centrality": 0.0 }, "geometry": { "type": "Point", "coordinates": [ 2.183054, 41.384863 ] } },
{ "type": "Feature", "properties": { "Id_Instal": 7646, "Codi_Carrer": 191204, "Tipus_Via": "C", "Nom_Carrer": "Mallorca", "Num_Carrer": "593", "Codi_Barri": 64, "Nom_Barri": "el Camp de l'Arpa del Clot", "Codi_Districte": 10, "Nom_Districte": "Sant Martí", "Latitud": 41.411269, "Longitud": 2.185694, "ETRS89_X": 431942.746, "ETRS89_Y": 4584733.408, "Data_Instalacio": "12/01/2023", "Data_DesInstalacio": null, "Font": "TRÀNSIT", "nearest_node": 30243401, "street_centrality": 0.0089610533524689829 }, "geometry": { "type": "Point", "coordinates": [ 2.185694, 41.411269 ] } },
{ "type": "Feature", "properties": { "Id_Instal": 7686, "Codi_Carrer": 44709, "Tipus_Via": "Pg", "Nom_Carrer": "Bonanova", "Num_Carrer": "70", "Codi_Barri": 25, "Nom_Barri": "la Bonanova", "Codi_Districte": 5, "Nom_Districte": "Sarrià-Sant Gervasi", "Latitud": 41.402534, "Longitud": 2.125987, "ETRS89_X": 426942.834, "ETRS89_Y": 4583812.312, "Data_Instalacio": "19/01/2023", "Data_DesInstalacio": null, "Font": "TRÀNSIT", "nearest_node": 330416921, "street_centrality": 0.023013844531830748 }, "geometry": { "type": "Point", "coordinates": [ 2.125987, 41.402534 ] } },
{ "type": "Feature", "properties": { "Id_Instal": 7687, "Codi_Carrer": 145003, "Tipus_Via": "C", "Nom_Carrer": "Girona", "Num_Carrer": "72", "Codi_Barri": 7, "Nom_Barri": "la Dreta de l'Eixample", "Codi_Districte": 2, "Nom_Districte": "L'Eixample", "Latitud": 41.395167, "Longitud": 2.170906, "ETRS89_X": 430689.741, "ETRS89_Y": 4582957.532, "Data_Instalacio": "19/01/2023", "Data_DesInstalacio": "18/05/2023", "Font": "TRÀNSIT", "nearest_node": 11012442310, "street_centrality": 0.025693380708887957 }, "geometry": { "type": "Point", "coordinates": [ 2.170906, 41.395167 ] } },
{ "type": "Feature", "properties": { "Id_Instal": 7706, "Codi_Carrer": 346402, "Tipus_Via": "C", "Nom_Carrer": "Trinxant", "Num_Carrer": "39", "Codi_Barri": 64, "Nom_Barri": "el Camp de l'Arpa del Clot", "Codi_Districte": 10, "Nom_Districte": "Sant Martí", "Latitud": 41.414415, "Longitud": 2.185702, "ETRS89_X": 431946.751, "ETRS89_Y": 4585082.696, "Data_Instalacio": "08/02/2023", "Data_DesInstalacio": "16/05/2023", "Font": "XARXA DE TRANSPORT PÚBLIC", "nearest_node": 30332647, "street_centrality": 0.0054007202594078861 }, "geometry": { "type": "Point", "coordinates": [ 2.185702, 41.414415 ] } },
{ "type": "Feature", "properties": { "Id_Instal": 7726, "Codi_Carrer": 23403, "Tipus_Via": "C", "Nom_Carrer": "Aribau", "Num_Carrer": "191", "Codi_Barri": 26, "Nom_Barri": "Galvany", "Codi_Districte": 5, "Nom_Districte": "Sarrià-Sant Gervasi", "Latitud": 41.395232, "Longitud": 2.150139, "ETRS89_X": 428953.72, "ETRS89_Y": 4582981.54, "Data_Instalacio": "14/02/2023", "Data_DesInstalacio": "02/10/2023", "Font": "OCI", "nearest_node": 3213093362, "street_centrality": 0.0018015533087082788 }, "geometry": { "type": "Point", "coordinates": [ 2.150139, 41.395232 ] } },
{ "type": "Feature", "properties": { "Id_Instal": 7727, "Codi_Carrer": 344101, "Tipus_Via": "Trav", "Nom_Carrer": "Gràcia", "Num_Carrer": "54", "Codi_Barri": 26, "Nom_Barri": "Galvany", "Codi_Districte": 5, "Nom_Districte": "Sarrià-Sant Gervasi", "Latitud": 41.395973, "Longitud": 2.149557, "ETRS89_X": 428905.85, "ETRS89_Y": 4583064.297, "Data_Instalacio": "14/02/2023", "Data_DesInstalacio": "02/10/2023", "Font": "OCI", "nearest_node": 30248586, "street_centrality": 0.018972309289770721 }, "geometry": { "type": "Point", "coordinates": [ 2.149557, 41.395973 ] } },
{ "type": "Feature", "properties": { "Id_Instal": 7728, "Codi_Carrer": 222501, "Tipus_Via": "C", "Nom_Carrer": "Moià", "Num_Carrer": "8", "Codi_Barri": 26, "Nom_Barri": "Galvany", "Codi_Districte": 5, "Nom_Districte": "Sarrià-Sant Gervasi", "Latitud": 41.395167, "Longitud": 2.1517, "ETRS89_X": 429084.17, "ETRS89_Y": 4582973.085, "Data_Instalacio": "14/02/2023", "Data_DesInstalacio": "02/10/2023", "Font": "OCI", "nearest_node": 5094317308, "street_centrality": 0.0031900044216677677 }, "geometry": { "type": "Point", "coordinates": [ 2.1517, 41.395167 ] } },
{ "type": "Feature", "properties": { "Id_Instal": 7729, "Codi_Carrer": 348408, "Tipus_Via": "C", "Nom_Carrer": "Tuset", "Num_Carrer": "30", "Codi_Barri": 26, "Nom_Barri": "Galvany", "Codi_Districte": 5, "Nom_Districte": "Sarrià-Sant Gervasi", "Latitud": 41.396326, "Longitud": 2.151525, "ETRS89_X": 429070.751, "ETRS89_Y": 4583101.874, "Data_Instalacio": "14/02/2023", "Data_DesInstalacio": "10/11/2023", "Font": "OCI", "nearest_node": 30556617, "street_centrality": 0.0031432912305953569 }, "geometry": { "type": "Point", "coordinates": [ 2.151525, 41.396326 ] } },
{ "type": "Feature", "properties": { "Id_Instal": 7746, "Codi_Carrer": 292507, "Tipus_Via": "C", "Nom_Carrer": "Gran de la Sagrera", "Num_Carrer": "58", "Codi_Barri": 61, "Nom_Barri": "la Sagrera", "Codi_Districte": 9, "Nom_Districte": "Sant Andreu", "Latitud": 41.422315, "Longitud": 2.19122, "ETRS89_X": 432416.114, "ETRS89_Y": 4585955.434, "Data_Instalacio": "01/03/2023", "Data_DesInstalacio": null, "Font": "TRÀNSIT", "nearest_node": 421263917, "street_centrality": 0.033300314329788014 }, "geometry": { "type": "Point", "coordinates": [ 2.19122, 41.422315 ] } },
{ "type": "Feature", "properties": { "Id_Instal": 7766, "Codi_Carrer": 209900, "Tipus_Via": "Av", "Nom_Carrer": "Meridiana", "Num_Carrer": "630", "Codi_Barri": 60, "Nom_Barri": "Sant Andreu", "Codi_Districte": 9, "Nom_Districte": "Sant Andreu", "Latitud": 41.44548, "Longitud": 2.187581, "ETRS89_X": 432136.106, "ETRS89_Y": 4588530.018, "Data_Instalacio": "09/03/2023", "Data_DesInstalacio": "12/07/2023", "Font": "ANIMALS", "nearest_node": 319631021, "street_centrality": 0.0093572712622879868 }, "geometry": { "type": "Point", "coordinates": [ 2.187581, 41.44548 ] } },
{ "type": "Feature", "properties": { "Id_Instal": 7767, "Codi_Carrer": 319206, "Tipus_Via": "C", "Nom_Carrer": "Santes Creus", "Num_Carrer": "8", "Codi_Barri": 43, "Nom_Barri": "Horta", "Codi_Districte": 7, "Nom_Districte": "Horta-Guinardó", "Latitud": 41.430238, "Longitud": 2.162217, "ETRS89_X": 430001.0, "ETRS89_Y": 4586858.0, "Data_Instalacio": "09/03/2023", "Data_DesInstalacio": null, "Font": "OCI", "nearest_node": 616880477, "street_centrality": 0.009950472507954505 }, "geometry": { "type": "Point", "coordinates": [ 2.162217, 41.430238 ] } },
{ "type": "Feature", "properties": { "Id_Instal": 7768, "Codi_Carrer": 110304, "Tipus_Via": "C", "Nom_Carrer": "Enric Granados", "Num_Carrer": "143", "Codi_Barri": 8, "Nom_Barri": "l'Antiga Esquerra de l'Eixample", "Codi_Districte": 2, "Nom_Districte": "L'Eixample", "Latitud": 41.394284, "Longitud": 2.153715, "ETRS89_X": 429251.6, "ETRS89_Y": 4582873.354, "Data_Instalacio": "09/03/2023", "Data_DesInstalacio": null, "Font": "OCI", "nearest_node": 30237616, "street_centrality": 7.9918953400992068e-05 }, "geometry": { "type": "Point", "coordinates": [ 2.153715, 41.394284 ] } },
{ "type": "Feature", "properties": { "Id_Instal": 7786, "Codi_Carrer": 224904, "Tipus_Via": "Pg", "Nom_Carrer": "Joan Borbó Comte Barcelona", "Num_Carrer": "69", "Codi_Barri": 3, "Nom_Barri": "la Barceloneta", "Codi_Districte": 1, "Nom_Districte": "Ciutat Vella", "Latitud": 41.375863, "Longitud": 2.189128, "ETRS89_X": 432193.0, "ETRS89_Y": 4580800.0, "Data_Instalacio": "15/03/2023", "Data_DesInstalacio": null, "Font": "OCI", "nearest_node": 3643929105, "street_centrality": 0.0 }, "geometry": { "type": "Point", "coordinates": [ 2.189128, 41.375863 ] } },
{ "type": "Feature", "properties": { "Id_Instal": 7806, "Codi_Carrer": 246000, "Tipus_Via": "C", "Nom_Carrer": "Parlament", "Num_Carrer": "25", "Codi_Barri": 10, "Nom_Barri": "Sant Antoni", "Codi_Districte": 2, "Nom_Districte": "L'Eixample", "Latitud": 41.376425, "Longitud": 2.162425, "ETRS89_X": 429960.622, "ETRS89_Y": 4580883.642, "Data_Instalacio": "15/03/2023", "Data_DesInstalacio": null, "Font": "OCI", "nearest_node": 30246669, "street_centrality": 0.006607383893856668 }, "geometry": { "type": "Point", "coordinates": [ 2.162425, 41.376425 ] } },
{ "type": "Feature", "properties": { "Id_Instal": 7826, "Codi_Carrer": 43400, "Tipus_Via": "C", "Nom_Carrer": "Blai", "Num_Carrer": "42", "Codi_Barri": 11, "Nom_Barri": "el Poble Sec", "Codi_Districte": 3, "Nom_Districte": "Sants-Montjuïc", "Latitud": 41.374104, "Longitud": 2.163451, "ETRS89_X": 430043.944, "ETRS89_Y": 4580625.072, "Data_Instalacio": "16/03/2023", "Data_DesInstalacio": "10/05/2023", "Font": "OCI", "nearest_node": 4834501650, "street_centrality": 0.011524087956610658 }, "geometry": { "type": "Point", "coordinates": [ 2.163451, 41.374104 ] } },
{ "type": "Feature", "properties": { "Id_Instal": 7846, "Codi_Carrer": 158901, "Tipus_Via": "Pl", "Nom_Carrer": "Osca", "Num_Carrer": "10", "Codi_Barri": 18, "Nom_Barri": "Sants", "Codi_Districte": 3, "Nom_Districte": "Sants-Montjuïc", "Latitud": 41.376153, "Longitud": 2.138468, "ETRS89_X": 427957.0, "ETRS89_Y": 4580873.0, "Data_Instalacio": "16/03/2023", "Data_DesInstalacio": "13/07/2023", "Font": "OCI", "nearest_node": 30294200, "street_centrality": 0.00011143628713659457 }, "geometry": { "type": "Point", "coordinates": [ 2.138468, 41.376153 ] } },
{ "type": "Feature", "properties": { "Id_Instal": 7886, "Codi_Carrer": 176801, "Tipus_Via": "C", "Nom_Carrer": "Roger de Llúria", "Num_Carrer": "125", "Codi_Barri": 7, "Nom_Barri": "la Dreta de l'Eixample", "Codi_Districte": 2, "Nom_Districte": "L'Eixample", "Latitud": 41.39681, "Longitud": 2.16328, "ETRS89_X": 430054.0, "ETRS89_Y": 4583146.0, "Data_Instalacio": "12/04/2023", "Data_DesInstalacio": "12/01/2024", "Font": "PATIS D'ESCOLA", "nearest_node": 30254348, "street_centrality": 0.006744709419418936 }, "geometry": { "type": "Point", "coordinates": [ 2.16328, 41.39681 ] } },
{ "type": "Feature", "properties": { "Id_Instal": 7926, "Codi_Carrer": 225306, "Tipus_Via": "C", "Nom_Carrer": "Nau Santa Maria", "Num_Carrer": "3", "Codi_Barri": 19, "Nom_Barri": "les Corts", "Codi_Districte": 4, "Nom_Districte": "Les Corts", "Latitud": 41.391245, "Longitud": 2.131957, "ETRS89_X": 427429.327, "ETRS89_Y": 4582554.008, "Data_Instalacio": "12/04/2023", "Data_DesInstalacio": "09/05/2023", "Font": "OCI", "nearest_node": 1856466849, "street_centrality": 0.00042604681496162669 }, "geometry": { "type": "Point", "coordinates": [ 2.131957, 41.391245 ] } },
{ "type": "Feature", "properties": { "Id_Instal": 7968, "Codi_Carrer": 128106, "Tipus_Via": "C", "Nom_Carrer": "Fluvià", "Num_Carrer": "92", "Codi_Barri": 71, "Nom_Barri": "Provençals del Poblenou", "Codi_Districte": 10, "Nom_Districte": "Sant Martí", "Latitud": 41.40918, "Longitud": 2.20505, "ETRS89_X": 433558.351, "ETRS89_Y": 4584486.489, "Data_Instalacio": "19/04/2023", "Data_DesInstalacio": null, "Font": "ZONES PEATONALS", "nearest_node": 6766631070, "street_centrality": 0.00022287257427318913 }, "geometry": { "type": "Point", "coordinates": [ 2.20505, 41.40918 ] } },
{ "type": "Feature", "properties": { "Id_Instal": 7986, "Codi_Carrer": 167505, "Tipus_Via": "Pl", "Nom_Carrer": "Joanic", "Num_Carrer": "2", "Codi_Barri": 31, "Nom_Barri": "la Vila de Gràcia", "Codi_Districte": 6, "Nom_Districte": "Gràcia", "Latitud": 41.405174, "Longitud": 2.162446, "ETRS89_X": 429993.208, "ETRS89_Y": 4584075.309, "Data_Instalacio": "26/04/2023", "Data_DesInstalacio": null, "Font": "OCI", "nearest_node": 260723993, "street_centrality": 0.0083537818685276415 }, "geometry": { "type": "Point", "coordinates": [ 2.162446, 41.405174 ] } },
{ "type": "Feature", "properties": { "Id_Instal": 7987, "Codi_Carrer": 167505, "Tipus_Via": "Pl", "Nom_Carrer": "Joanic", "Num_Carrer": "4", "Codi_Barri": 31, "Nom_Barri": "la Vila de Gràcia", "Codi_Districte": 6, "Nom_Districte": "Gràcia", "Latitud": 41.405302, "Longitud": 2.162306, "ETRS89_X": 429981.651, "ETRS89_Y": 4584089.597, "Data_Instalacio": "26/04/2023", "Data_DesInstalacio": "03/05/2023", "Font": "OCI", "nearest_node": 6960234560, "street_centrality": 0.010236942559229892 }, "geometry": { "type": "Point", "coordinates": [ 2.162306, 41.405302 ] } },
{ "type": "Feature", "properties": { "Id_Instal": 8006, "Codi_Carrer": 167505, "Tipus_Via": "Pl", "Nom_Carrer": "Joanic", "Num_Carrer": "4", "Codi_Barri": 31, "Nom_Barri": "la Vila de Gràcia", "Codi_Districte": 6, "Nom_Districte": "Gràcia", "Latitud": 41.405302, "Longitud": 2.162306, "ETRS89_X": 429981.651, "ETRS89_Y": 4584089.597, "Data_Instalacio": "03/05/2023", "Data_DesInstalacio": null, "Font": "OCI", "nearest_node": 6960234560, "street_centrality": 0.010236942559229892 }, "geometry": { "type": "Point", "coordinates": [ 2.162306, 41.405302 ] } },
{ "type": "Feature", "properties": { "Id_Instal": 8026, "Codi_Carrer": 225306, "Tipus_Via": "C", "Nom_Carrer": "Nau Santa Maria", "Num_Carrer": "3", "Codi_Barri": 19, "Nom_Barri": "les Corts", "Codi_Districte": 4, "Nom_Districte": "Les Corts", "Latitud": 41.391245, "Longitud": 2.131957, "ETRS89_X": 427429.327, "ETRS89_Y": 4582554.008, "Data_Instalacio": "09/05/2023", "Data_DesInstalacio": "11/10/2023", "Font": "OCI", "nearest_node": 1856466849, "street_centrality": 0.00042604681496162669 }, "geometry": { "type": "Point", "coordinates": [ 2.131957, 41.391245 ] } },
{ "type": "Feature", "properties": { "Id_Instal": 8027, "Codi_Carrer": 336806, "Tipus_Via": "Rier", "Nom_Carrer": "Can Toda", "Num_Carrer": "35", "Codi_Barri": 30, "Nom_Barri": "la Salut", "Codi_Districte": 6, "Nom_Districte": "Gràcia", "Latitud": 41.414354, "Longitud": 2.156737, "ETRS89_X": 429526.0, "ETRS89_Y": 4585099.0, "Data_Instalacio": "09/05/2023", "Data_DesInstalacio": "04/07/2023", "Font": "PATIS D'ESCOLA", "nearest_node": 30617336, "street_centrality": 0.00021724447896326012 }, "geometry": { "type": "Point", "coordinates": [ 2.156737, 41.414354 ] } },
{ "type": "Feature", "properties": { "Id_Instal": 8047, "Codi_Carrer": 43400, "Tipus_Via": "C", "Nom_Carrer": "Blai", "Num_Carrer": "42", "Codi_Barri": 11, "Nom_Barri": "el Poble Sec", "Codi_Districte": 3, "Nom_Districte": "Sants-Montjuïc", "Latitud": 41.374104, "Longitud": 2.163451, "ETRS89_X": 430043.944, "ETRS89_Y": 4580625.072, "Data_Instalacio": "10/05/2023", "Data_DesInstalacio": "16/05/2023", "Font": "OCI", "nearest_node": 4834501650, "street_centrality": 0.011524087956610658 }, "geometry": { "type": "Point", "coordinates": [ 2.163451, 41.374104 ] } },
{ "type": "Feature", "properties": { "Id_Instal": 8048, "Codi_Carrer": 193403, "Tipus_Via": "Plta", "Nom_Carrer": "Manuel Ribé", "Num_Carrer": "1", "Codi_Barri": 2, "Nom_Barri": "el Barri Gòtic", "Codi_Districte": 1, "Nom_Districte": "Ciutat Vella", "Latitud": 41.382724, "Longitud": 2.175562, "ETRS89_X": 431065.838, "ETRS89_Y": 4581572.349, "Data_Instalacio": "10/05/2023", "Data_DesInstalacio": null, "Font": "OCI", "nearest_node": 2529520245, "street_centrality": 0.0011723322530582145 }, "geometry": { "type": "Point", "coordinates": [ 2.175562, 41.382724 ] } },
{ "type": "Feature", "properties": { "Id_Instal": 8049, "Codi_Carrer": 110304, "Tipus_Via": "C", "Nom_Carrer": "Enric Granados", "Num_Carrer": "65", "Codi_Barri": 8, "Nom_Barri": "l'Antiga Esquerra de l'Eixample", "Codi_Districte": 2, "Nom_Districte": "L'Eixample", "Latitud": 41.391122, "Longitud": 2.157903, "ETRS89_X": 429598.374, "ETRS89_Y": 4582518.882, "Data_Instalacio": "10/05/2023", "Data_DesInstalacio": null, "Font": "OCI", "nearest_node": 30243366, "street_centrality": 0.02835153012376743 }, "geometry": { "type": "Point", "coordinates": [ 2.157903, 41.391122 ] } },
{ "type": "Feature", "properties": { "Id_Instal": 8066, "Codi_Carrer": 18800, "Tipus_Via": "C", "Nom_Carrer": "Arai", "Num_Carrer": "5", "Codi_Barri": 2, "Nom_Barri": "el Barri Gòtic", "Codi_Districte": 1, "Nom_Districte": "Ciutat Vella", "Latitud": 41.380671, "Longitud": 2.177121, "ETRS89_X": 431194.047, "ETRS89_Y": 4581343.177, "Data_Instalacio": "12/05/2023", "Data_DesInstalacio": "10/11/2023", "Font": "OCI", "nearest_node": 208974064, "street_centrality": 0.0 }, "geometry": { "type": "Point", "coordinates": [ 2.177121, 41.380671 ] } },
{ "type": "Feature", "properties": { "Id_Instal": 8067, "Codi_Carrer": 169409, "Tipus_Via": "G.V.", "Nom_Carrer": "Corts Catalanes", "Num_Carrer": "891", "Codi_Barri": 65, "Nom_Barri": "el Clot", "Codi_Districte": 10, "Nom_Districte": "Sant Martí", "Latitud": 41.408257, "Longitud": 2.192991, "ETRS89_X": 432549.552, "ETRS89_Y": 4584393.262, "Data_Instalacio": "12/05/2023", "Data_DesInstalacio": "14/06/2023", "Font": "OBRES", "nearest_node": 5906608846, "street_centrality": 0.0023666140778251521 }, "geometry": { "type": "Point", "coordinates": [ 2.192991, 41.408257 ] } },
{ "type": "Feature", "properties": { "Id_Instal": 8086, "Codi_Carrer": 274200, "Tipus_Via": "C", "Nom_Carrer": "Ana María Matute Ausejo", "Num_Carrer": "25", "Codi_Barri": 30, "Nom_Barri": "la Salut", "Codi_Districte": 6, "Nom_Districte": "Gràcia", "Latitud": 41.414908, "Longitud": 2.157376, "ETRS89_X": 429580.0, "ETRS89_Y": 4585160.0, "Data_Instalacio": "17/05/2023", "Data_DesInstalacio": "10/10/2023", "Font": "ACTIVITATS / INFRASTRUCTURES ESPORTIVES", "nearest_node": 30617336, "street_centrality": 0.00021724447896326012 }, "geometry": { "type": "Point", "coordinates": [ 2.157376, 41.414908 ] } },
{ "type": "Feature", "properties": { "Id_Instal": 8106, "Codi_Carrer": 43400, "Tipus_Via": "C", "Nom_Carrer": "Blai", "Num_Carrer": "42", "Codi_Barri": 11, "Nom_Barri": "el Poble Sec", "Codi_Districte": 3, "Nom_Districte": "Sants-Montjuïc", "Latitud": 41.374104, "Longitud": 2.163451, "ETRS89_X": 430043.944, "ETRS89_Y": 4580625.072, "Data_Instalacio": "16/05/2023", "Data_DesInstalacio": "22/12/2023", "Font": "OCI", "nearest_node": 4834501650, "street_centrality": 0.011524087956610658 }, "geometry": { "type": "Point", "coordinates": [ 2.163451, 41.374104 ] } },
{ "type": "Feature", "properties": { "Id_Instal": 8126, "Codi_Carrer": 227800, "Tipus_Via": "C", "Nom_Carrer": "Nicaragua", "Num_Carrer": "84", "Codi_Barri": 19, "Nom_Barri": "les Corts", "Codi_Districte": 4, "Nom_Districte": "Les Corts", "Latitud": 41.384667, "Longitud": 2.139603, "ETRS89_X": 428061.299, "ETRS89_Y": 4581817.316, "Data_Instalacio": "22/05/2023", "Data_DesInstalacio": "21/06/2023", "Font": "OCI", "nearest_node": 30237484, "street_centrality": 0.0062815171754117775 }, "geometry": { "type": "Point", "coordinates": [ 2.139603, 41.384667 ] } },
{ "type": "Feature", "properties": { "Id_Instal": 8146, "Codi_Carrer": 169409, "Tipus_Via": "G.V.", "Nom_Carrer": "Corts Catalanes", "Num_Carrer": "891", "Codi_Barri": 65, "Nom_Barri": "el Clot", "Codi_Districte": 10, "Nom_Districte": "Sant Martí", "Latitud": 41.408257, "Longitud": 2.192991, "ETRS89_X": 432549.552, "ETRS89_Y": 4584393.262, "Data_Instalacio": "14/06/2023", "Data_DesInstalacio": null, "Font": "OBRES", "nearest_node": 5906608846, "street_centrality": 0.0023666140778251521 }, "geometry": { "type": "Point", "coordinates": [ 2.192991, 41.408257 ] } },
{ "type": "Feature", "properties": { "Id_Instal": 8166, "Codi_Carrer": 227800, "Tipus_Via": "C", "Nom_Carrer": "Nicaragua", "Num_Carrer": "84", "Codi_Barri": 19, "Nom_Barri": "les Corts", "Codi_Districte": 4, "Nom_Districte": "Les Corts", "Latitud": 41.384667, "Longitud": 2.139603, "ETRS89_X": 428061.299, "ETRS89_Y": 4581817.316, "Data_Instalacio": "21/06/2023", "Data_DesInstalacio": "10/10/2023", "Font": "OCI", "nearest_node": 30237484, "street_centrality": 0.0062815171754117775 }, "geometry": { "type": "Point", "coordinates": [ 2.139603, 41.384667 ] } },
{ "type": "Feature", "properties": { "Id_Instal": 8186, "Codi_Carrer": 275803, "Tipus_Via": "C", "Nom_Carrer": "Rauric", "Num_Carrer": "18", "Codi_Barri": 2, "Nom_Barri": "el Barri Gòtic", "Codi_Districte": 1, "Nom_Districte": "Ciutat Vella", "Latitud": 41.380815, "Longitud": 2.175535, "ETRS89_X": 431061.582, "ETRS89_Y": 4581360.479, "Data_Instalacio": "21/06/2023", "Data_DesInstalacio": "09/05/2024", "Font": "OCI", "nearest_node": 30647222, "street_centrality": 0.0 }, "geometry": { "type": "Point", "coordinates": [ 2.175535, 41.380815 ] } },
{ "type": "Feature", "properties": { "Id_Instal": 8187, "Codi_Carrer": 29400, "Tipus_Via": "C", "Nom_Carrer": "Avinyó", "Num_Carrer": "11", "Codi_Barri": 2, "Nom_Barri": "el Barri Gòtic", "Codi_Districte": 1, "Nom_Districte": "Ciutat Vella", "Latitud": 41.38122, "Longitud": 2.176591, "ETRS89_X": 431150.258, "ETRS89_Y": 4581404.633, "Data_Instalacio": "21/06/2023", "Data_DesInstalacio": null, "Font": "OCI", "nearest_node": 30647222, "street_centrality": 0.0 }, "geometry": { "type": "Point", "coordinates": [ 2.176591, 41.38122 ] } },
{ "type": "Feature", "properties": { "Id_Instal": 8206, "Codi_Carrer": 89004, "Tipus_Via": "C", "Nom_Carrer": "Consell de Cent", "Num_Carrer": "214", "Codi_Barri": 8, "Nom_Barri": "l'Antiga Esquerra de l'Eixample", "Codi_Districte": 2, "Nom_Districte": "L'Eixample", "Latitud": 41.385465, "Longitud": 2.158462, "ETRS89_X": 429638.981, "ETRS89_Y": 4581890.396, "Data_Instalacio": "21/06/2023", "Data_DesInstalacio": null, "Font": "ZONES PEATONALS", "nearest_node": 10181609602, "street_centrality": 0.0022681224099013945 }, "geometry": { "type": "Point", "coordinates": [ 2.158462, 41.385465 ] } },
{ "type": "Feature", "properties": { "Id_Instal": 8207, "Codi_Carrer": 145003, "Tipus_Via": "C", "Nom_Carrer": "Girona", "Num_Carrer": "118", "Codi_Barri": 7, "Nom_Barri": "la Dreta de l'Eixample", "Codi_Districte": 2, "Nom_Districte": "L'Eixample", "Latitud": 41.39705, "Longitud": 2.168293, "ETRS89_X": 430473.265, "ETRS89_Y": 4583168.599, "Data_Instalacio": "21/06/2023", "Data_DesInstalacio": null, "Font": "ZONES PEATONALS", "nearest_node": 10182303358, "street_centrality": 0.014908261666470976 }, "geometry": { "type": "Point", "coordinates": [ 2.168293, 41.39705 ] } },
{ "type": "Feature", "properties": { "Id_Instal": 8208, "Codi_Carrer": 89004, "Tipus_Via": "C", "Nom_Carrer": "Consell de Cent", "Num_Carrer": "238", "Codi_Barri": 8, "Nom_Barri": "l'Antiga Esquerra de l'Eixample", "Codi_Districte": 2, "Nom_Districte": "L'Eixample", "Latitud": 41.386681, "Longitud": 2.159927, "ETRS89_X": 429762.804, "ETRS89_Y": 4582024.201, "Data_Instalacio": "21/06/2023", "Data_DesInstalacio": null, "Font": "ZONES PEATONALS", "nearest_node": 10181609597, "street_centrality": 0.011365938478401652 }, "geometry": { "type": "Point", "coordinates": [ 2.159927, 41.386681 ] } },
{ "type": "Feature", "properties": { "Id_Instal": 8226, "Codi_Carrer": 700813, "Tipus_Via": "C", "Nom_Carrer": "Doctor Aiguader", "Num_Carrer": "15", "Codi_Barri": 4, "Nom_Barri": "Sant Pere, Santa Caterina i la Ribera", "Codi_Districte": 1, "Nom_Districte": "Ciutat Vella", "Latitud": 41.382778, "Longitud": 2.186869, "ETRS89_X": 432011.304, "ETRS89_Y": 4581569.481, "Data_Instalacio": "04/07/2023", "Data_DesInstalacio": "10/10/2023", "Font": "TRÀNSIT", "nearest_node": 1402845495, "street_centrality": 0.0029142277514812459 }, "geometry": { "type": "Point", "coordinates": [ 2.186869, 41.382778 ] } },
{ "type": "Feature", "properties": { "Id_Instal": 8246, "Codi_Carrer": 34308, "Tipus_Via": "C", "Nom_Carrer": "Rambla", "Num_Carrer": "100", "Codi_Barri": 2, "Nom_Barri": "el Barri Gòtic", "Codi_Districte": 1, "Nom_Districte": "Ciutat Vella", "Latitud": 41.382284, "Longitud": 2.172392, "ETRS89_X": 430800.314, "ETRS89_Y": 4581526.105, "Data_Instalacio": "04/07/2023", "Data_DesInstalacio": "27/10/2023", "Font": "OCI", "nearest_node": 1400723069, "street_centrality": 0.0 }, "geometry": { "type": "Point", "coordinates": [ 2.172392, 41.382284 ] } },
{ "type": "Feature", "properties": { "Id_Instal": 8247, "Codi_Carrer": 285807, "Tipus_Via": "C", "Nom_Carrer": "Rocafort", "Num_Carrer": "114", "Codi_Barri": 9, "Nom_Barri": "la Nova Esquerra de l'Eixample", "Codi_Districte": 2, "Nom_Districte": "L'Eixample", "Latitud": 41.380707, "Longitud": 2.151667, "ETRS89_X": 429065.651, "ETRS89_Y": 4581367.796, "Data_Instalacio": "04/07/2023", "Data_DesInstalacio": null, "Font": "ZONES PEATONALS", "nearest_node": 10177367827, "street_centrality": 1.0693381088865135e-05 }, "geometry": { "type": "Point", "coordinates": [ 2.151667, 41.380707 ] } },
{ "type": "Feature", "properties": { "Id_Instal": 8266, "Codi_Carrer": 110304, "Tipus_Via": "C", "Nom_Carrer": "Enric Granados", "Num_Carrer": "56", "Codi_Barri": 8, "Nom_Barri": "l'Antiga Esquerra de l'Eixample", "Codi_Districte": 2, "Nom_Districte": "L'Eixample", "Latitud": 41.391591, "Longitud": 2.157531, "ETRS89_X": 429567.753, "ETRS89_Y": 4582571.296, "Data_Instalacio": "13/07/2023", "Data_DesInstalacio": null, "Font": "OCI", "nearest_node": 30238025, "street_centrality": 0.010761481042115276 }, "geometry": { "type": "Point", "coordinates": [ 2.157531, 41.391591 ] } },
{ "type": "Feature", "properties": { "Id_Instal": 8267, "Codi_Carrer": 158901, "Tipus_Via": "Pl", "Nom_Carrer": "Osca", "Num_Carrer": "10", "Codi_Barri": 18, "Nom_Barri": "Sants", "Codi_Districte": 3, "Nom_Districte": "Sants-Montjuïc", "Latitud": 41.376153, "Longitud": 2.138468, "ETRS89_X": 427957.0, "ETRS89_Y": 4580873.0, "Data_Instalacio": "13/07/2023", "Data_DesInstalacio": "27/12/2023", "Font": "OCI", "nearest_node": 30294200, "street_centrality": 0.00011143628713659457 }, "geometry": { "type": "Point", "coordinates": [ 2.138468, 41.376153 ] } },
{ "type": "Feature", "properties": { "Id_Instal": 8286, "Codi_Carrer": 701367, "Tipus_Via": "Rbla", "Nom_Carrer": "Raval", "Num_Carrer": "14", "Codi_Barri": 1, "Nom_Barri": "el Raval", "Codi_Districte": 1, "Nom_Districte": "Ciutat Vella", "Latitud": 41.378331, "Longitud": 2.169393, "ETRS89_X": 430545.319, "ETRS89_Y": 4581089.628, "Data_Instalacio": "13/07/2023", "Data_DesInstalacio": "15/09/2023", "Font": "OCI", "nearest_node": 192071165, "street_centrality": 0.0049504726346135649 }, "geometry": { "type": "Point", "coordinates": [ 2.169393, 41.378331 ] } },
{ "type": "Feature", "properties": { "Id_Instal": 8287, "Codi_Carrer": 701367, "Tipus_Via": "Rbla", "Nom_Carrer": "Raval", "Num_Carrer": "15", "Codi_Barri": 1, "Nom_Barri": "el Raval", "Codi_Districte": 1, "Nom_Districte": "Ciutat Vella", "Latitud": 41.379147, "Longitud": 2.169179, "ETRS89_X": 430528.292, "ETRS89_Y": 4581180.335, "Data_Instalacio": "13/07/2023", "Data_DesInstalacio": "15/09/2023", "Font": "OCI", "nearest_node": 192068604, "street_centrality": 0.0048384735379459771 }, "geometry": { "type": "Point", "coordinates": [ 2.169179, 41.379147 ] } },
{ "type": "Feature", "properties": { "Id_Instal": 8306, "Codi_Carrer": 276908, "Tipus_Via": "C", "Nom_Carrer": "Rec", "Num_Carrer": "38", "Codi_Barri": 4, "Nom_Barri": "Sant Pere, Santa Caterina i la Ribera", "Codi_Districte": 1, "Nom_Districte": "Ciutat Vella", "Latitud": 41.384863, "Longitud": 2.183054, "ETRS89_X": 431694.534, "ETRS89_Y": 4581803.909, "Data_Instalacio": "19/07/2023", "Data_DesInstalacio": "21/02/2024", "Font": "OCI", "nearest_node": 4212111672, "street_centrality": 0.0 }, "geometry": { "type": "Point", "coordinates": [ 2.183054, 41.384863 ] } },
{ "type": "Feature", "properties": { "Id_Instal": 8326, "Codi_Carrer": 326904, "Tipus_Via": "Pl", "Nom_Carrer": "Sol", "Num_Carrer": "2", "Codi_Barri": 31, "Nom_Barri": "la Vila de Gràcia", "Codi_Districte": 6, "Nom_Districte": "Gràcia", "Latitud": 41.401519, "Longitud": 2.156852, "ETRS89_X": 429521.701, "ETRS89_Y": 4583674.03, "Data_Instalacio": "04/08/2023", "Data_DesInstalacio": "03/11/2023", "Font": "OCI", "nearest_node": 1368518996, "street_centrality": 0.0 }, "geometry": { "type": "Point", "coordinates": [ 2.156852, 41.401519 ] } },
{ "type": "Feature", "properties": { "Id_Instal": 8346, "Codi_Carrer": 87009, "Tipus_Via": "C", "Nom_Carrer": "Comte Borrell", "Num_Carrer": "154", "Codi_Barri": 9, "Nom_Barri": "la Nova Esquerra de l'Eixample", "Codi_Districte": 2, "Nom_Districte": "L'Eixample", "Latitud": 41.382956, "Longitud": 2.155291, "ETRS89_X": 429371.16, "ETRS89_Y": 4581614.449, "Data_Instalacio": "18/08/2023", "Data_DesInstalacio": null, "Font": "ZONES PEATONALS", "nearest_node": 10177414037, "street_centrality": 0.0 }, "geometry": { "type": "Point", "coordinates": [ 2.155291, 41.382956 ] } },
{ "type": "Feature", "properties": { "Id_Instal": 8347, "Codi_Carrer": 110304, "Tipus_Via": "C", "Nom_Carrer": "Enric Granados", "Num_Carrer": "17", "Codi_Barri": 8, "Nom_Barri": "l'Antiga Esquerra de l'Eixample", "Codi_Districte": 2, "Nom_Districte": "L'Eixample", "Latitud": 41.388076, "Longitud": 2.161931, "ETRS89_X": 429931.825, "ETRS89_Y": 4582177.439, "Data_Instalacio": "18/08/2023", "Data_DesInstalacio": null, "Font": "OCI", "nearest_node": 11061736176, "street_centrality": 4.952723872737536e-05 }, "geometry": { "type": "Point", "coordinates": [ 2.161931, 41.388076 ] } },
{ "type": "Feature", "properties": { "Id_Instal": 8348, "Codi_Carrer": 145003, "Tipus_Via": "C", "Nom_Carrer": "Girona", "Num_Carrer": "72", "Codi_Barri": 7, "Nom_Barri": "la Dreta de l'Eixample", "Codi_Districte": 2, "Nom_Districte": "L'Eixample", "Latitud": 41.395167, "Longitud": 2.170906, "ETRS89_X": 430689.741, "ETRS89_Y": 4582957.532, "Data_Instalacio": "18/08/2023", "Data_DesInstalacio": null, "Font": "ZONES PEATONALS", "nearest_node": 11012442310, "street_centrality": 0.025693380708887957 }, "geometry": { "type": "Point", "coordinates": [ 2.170906, 41.395167 ] } },
{ "type": "Feature", "properties": { "Id_Instal": 8366, "Codi_Carrer": 204204, "Tipus_Via": "C", "Nom_Carrer": "Mata", "Num_Carrer": "8", "Codi_Barri": 11, "Nom_Barri": "el Poble Sec", "Codi_Districte": 3, "Nom_Districte": "Sants-Montjuïc", "Latitud": 41.373264, "Longitud": 2.170733, "ETRS89_X": 430652.0, "ETRS89_Y": 4580526.0, "Data_Instalacio": "05/09/2023", "Data_DesInstalacio": "10/10/2023", "Font": "PATIS D'ESCOLA", "nearest_node": 30252077, "street_centrality": 0.00072827553310481497 }, "geometry": { "type": "Point", "coordinates": [ 2.170733, 41.373264 ] } },
{ "type": "Feature", "properties": { "Id_Instal": 8386, "Codi_Carrer": 87009, "Tipus_Via": "C", "Nom_Carrer": "Comte Borrell", "Num_Carrer": "34", "Codi_Barri": 10, "Nom_Barri": "Sant Antoni", "Codi_Districte": 2, "Nom_Districte": "L'Eixample", "Latitud": 41.376948, "Longitud": 2.163438, "ETRS89_X": 430045.873, "ETRS89_Y": 4580940.865, "Data_Instalacio": "20/09/2023", "Data_DesInstalacio": "27/09/2023", "Font": "OCI", "nearest_node": 30246671, "street_centrality": 0.001938878834270547 }, "geometry": { "type": "Point", "coordinates": [ 2.163438, 41.376948 ] } },
{ "type": "Feature", "properties": { "Id_Instal": 8406, "Codi_Carrer": 26605, "Tipus_Via": "C", "Nom_Carrer": "Artesania", "Num_Carrer": "102", "Codi_Barri": 51, "Nom_Barri": "Verdun", "Codi_Districte": 8, "Nom_Districte": "Nou Barris", "Latitud": 41.443026, "Longitud": 2.17205, "ETRS89_X": 430836.203, "ETRS89_Y": 4588269.877, "Data_Instalacio": "20/09/2023", "Data_DesInstalacio": "10/10/2023", "Font": "XARXA DE TRANSPORT PÚBLIC", "nearest_node": 1437748521, "street_centrality": 0.0039689328125619436 }, "geometry": { "type": "Point", "coordinates": [ 2.17205, 41.443026 ] } },
{ "type": "Feature", "properties": { "Id_Instal": 8426, "Codi_Carrer": 87009, "Tipus_Via": "C", "Nom_Carrer": "Comte Borrell", "Num_Carrer": "34", "Codi_Barri": 10, "Nom_Barri": "Sant Antoni", "Codi_Districte": 2, "Nom_Districte": "L'Eixample", "Latitud": 41.376948, "Longitud": 2.163438, "ETRS89_X": 430045.873, "ETRS89_Y": 4580940.865, "Data_Instalacio": "27/09/2023", "Data_DesInstalacio": "03/11/2023", "Font": "OCI", "nearest_node": 30246671, "street_centrality": 0.001938878834270547 }, "geometry": { "type": "Point", "coordinates": [ 2.163438, 41.376948 ] } },
{ "type": "Feature", "properties": { "Id_Instal": 8427, "Codi_Carrer": 112208, "Tipus_Via": "C", "Nom_Carrer": "Escudellers", "Num_Carrer": "34", "Codi_Barri": 2, "Nom_Barri": "el Barri Gòtic", "Codi_Districte": 1, "Nom_Districte": "Ciutat Vella", "Latitud": 41.380128, "Longitud": 2.176933, "ETRS89_X": 431177.722, "ETRS89_Y": 4581283.046, "Data_Instalacio": "29/09/2023", "Data_DesInstalacio": "05/10/2023", "Font": "OCI", "nearest_node": 30243946, "street_centrality": 0.0016152633539496283 }, "geometry": { "type": "Point", "coordinates": [ 2.176933, 41.380128 ] } },
{ "type": "Feature", "properties": { "Id_Instal": 8428, "Codi_Carrer": 243206, "Tipus_Via": "C", "Nom_Carrer": "Pamplona", "Num_Carrer": "84", "Codi_Barri": 66, "Nom_Barri": "el Parc i la Llacuna del Poblenou", "Codi_Districte": 10, "Nom_Districte": "Sant Martí", "Latitud": 41.396549, "Longitud": 2.191779, "ETRS89_X": 432436.075, "ETRS89_Y": 4583094.469, "Data_Instalacio": "29/09/2023", "Data_DesInstalacio": "19/03/2024", "Font": "OCI", "nearest_node": 30253380, "street_centrality": 0.0080588696742873618 }, "geometry": { "type": "Point", "coordinates": [ 2.191779, 41.396549 ] } },
{ "type": "Feature", "properties": { "Id_Instal": 8446, "Codi_Carrer": 110304, "Tipus_Via": "C", "Nom_Carrer": "Enric Granados", "Num_Carrer": "30", "Codi_Barri": 8, "Nom_Barri": "l'Antiga Esquerra de l'Eixample", "Codi_Districte": 2, "Nom_Districte": "L'Eixample", "Latitud": 41.390262, "Longitud": 2.159182, "ETRS89_X": 429704.312, "ETRS89_Y": 4582422.348, "Data_Instalacio": "02/10/2023", "Data_DesInstalacio": null, "Font": "OCI", "nearest_node": 30243322, "street_centrality": 0.036026000888386638 }, "geometry": { "type": "Point", "coordinates": [ 2.159182, 41.390262 ] } },
{ "type": "Feature", "properties": { "Id_Instal": 8466, "Codi_Carrer": 112208, "Tipus_Via": "C", "Nom_Carrer": "Escudellers", "Num_Carrer": "34", "Codi_Barri": 2, "Nom_Barri": "el Barri Gòtic", "Codi_Districte": 1, "Nom_Districte": "Ciutat Vella", "Latitud": 41.380128, "Longitud": 2.176933, "ETRS89_X": 431177.722, "ETRS89_Y": 4581283.046, "Data_Instalacio": "06/10/2023", "Data_DesInstalacio": "15/11/2023", "Font": "OCI", "nearest_node": 30243946, "street_centrality": 0.0016152633539496283 }, "geometry": { "type": "Point", "coordinates": [ 2.176933, 41.380128 ] } },
{ "type": "Feature", "properties": { "Id_Instal": 8467, "Codi_Carrer": 112208, "Tipus_Via": "C", "Nom_Carrer": "Escudellers", "Num_Carrer": "34", "Codi_Barri": 2, "Nom_Barri": "el Barri Gòtic", "Codi_Districte": 1, "Nom_Districte": "Ciutat Vella", "Latitud": 41.380128, "Longitud": 2.176933, "ETRS89_X": 431177.722, "ETRS89_Y": 4581283.046, "Data_Instalacio": "05/10/2023", "Data_DesInstalacio": "27/10/2023", "Font": "OCI", "nearest_node": 30243946, "street_centrality": 0.0016152633539496283 }, "geometry": { "type": "Point", "coordinates": [ 2.176933, 41.380128 ] } },
{ "type": "Feature", "properties": { "Id_Instal": 8468, "Codi_Carrer": 112208, "Tipus_Via": "C", "Nom_Carrer": "Escudellers", "Num_Carrer": "48", "Codi_Barri": 2, "Nom_Barri": "el Barri Gòtic", "Codi_Districte": 1, "Nom_Districte": "Ciutat Vella", "Latitud": 41.38039, "Longitud": 2.177537, "ETRS89_X": 431228.473, "ETRS89_Y": 4581311.696, "Data_Instalacio": "05/10/2023", "Data_DesInstalacio": null, "Font": "OCI", "nearest_node": 30243952, "street_centrality": 0.0034657810918542896 }, "geometry": { "type": "Point", "coordinates": [ 2.177537, 41.38039 ] } },
{ "type": "Feature", "properties": { "Id_Instal": 8469, "Codi_Carrer": 112208, "Tipus_Via": "C", "Nom_Carrer": "Escudellers", "Num_Carrer": "12", "Codi_Barri": 2, "Nom_Barri": "el Barri Gòtic", "Codi_Districte": 1, "Nom_Districte": "Ciutat Vella", "Latitud": 41.379655, "Longitud": 2.176373, "ETRS89_X": 431130.363, "ETRS89_Y": 4581230.997, "Data_Instalacio": "05/10/2023", "Data_DesInstalacio": null, "Font": "OCI", "nearest_node": 30243944, "street_centrality": 0.0017683475463796975 }, "geometry": { "type": "Point", "coordinates": [ 2.176373, 41.379655 ] } },
{ "type": "Feature", "properties": { "Id_Instal": 8486, "Codi_Carrer": 23403, "Tipus_Via": "C", "Nom_Carrer": "Aribau", "Num_Carrer": "191", "Codi_Barri": 26, "Nom_Barri": "Galvany", "Codi_Districte": 5, "Nom_Districte": "Sarrià-Sant Gervasi", "Latitud": 41.395232, "Longitud": 2.150139, "ETRS89_X": 428953.72, "ETRS89_Y": 4582981.54, "Data_Instalacio": "06/10/2023", "Data_DesInstalacio": "07/03/2024", "Font": "OCI", "nearest_node": 3213093362, "street_centrality": 0.0018015533087082788 }, "geometry": { "type": "Point", "coordinates": [ 2.150139, 41.395232 ] } },
{ "type": "Feature", "properties": { "Id_Instal": 8487, "Codi_Carrer": 344101, "Tipus_Via": "Trav", "Nom_Carrer": "Gràcia", "Num_Carrer": "54", "Codi_Barri": 26, "Nom_Barri": "Galvany", "Codi_Districte": 5, "Nom_Districte": "Sarrià-Sant Gervasi", "Latitud": 41.395973, "Longitud": 2.149557, "ETRS89_X": 428905.85, "ETRS89_Y": 4583064.297, "Data_Instalacio": "06/10/2023", "Data_DesInstalacio": null, "Font": "OCI", "nearest_node": 30248586, "street_centrality": 0.018972309289770721 }, "geometry": { "type": "Point", "coordinates": [ 2.149557, 41.395973 ] } },
{ "type": "Feature", "properties": { "Id_Instal": 8488, "Codi_Carrer": 348408, "Tipus_Via": "C", "Nom_Carrer": "Tuset", "Num_Carrer": "8", "Codi_Barri": 26, "Nom_Barri": "Galvany", "Codi_Districte": 5, "Nom_Districte": "Sarrià-Sant Gervasi", "Latitud": 41.39545, "Longitud": 2.152753, "ETRS89_X": 429172.441, "ETRS89_Y": 4583003.592, "Data_Instalacio": "06/10/2023", "Data_DesInstalacio": null, "Font": "OCI", "nearest_node": 5094317308, "street_centrality": 0.0031900044216677677 }, "geometry": { "type": "Point", "coordinates": [ 2.152753, 41.39545 ] } },
{ "type": "Feature", "properties": { "Id_Instal": 8489, "Codi_Carrer": 222501, "Tipus_Via": "C", "Nom_Carrer": "Moià", "Num_Carrer": "8", "Codi_Barri": 26, "Nom_Barri": "Galvany", "Codi_Districte": 5, "Nom_Districte": "Sarrià-Sant Gervasi", "Latitud": 41.395167, "Longitud": 2.1517, "ETRS89_X": 429084.17, "ETRS89_Y": 4582973.085, "Data_Instalacio": "06/10/2023", "Data_DesInstalacio": null, "Font": "OCI", "nearest_node": 5094317308, "street_centrality": 0.0031900044216677677 }, "geometry": { "type": "Point", "coordinates": [ 2.1517, 41.395167 ] } },
{ "type": "Feature", "properties": { "Id_Instal": 8506, "Codi_Carrer": 222501, "Tipus_Via": "C", "Nom_Carrer": "Moià", "Num_Carrer": "8", "Codi_Barri": 26, "Nom_Barri": "Galvany", "Codi_Districte": 5, "Nom_Districte": "Sarrià-Sant Gervasi", "Latitud": 41.395167, "Longitud": 2.1517, "ETRS89_X": 429084.17, "ETRS89_Y": 4582973.085, "Data_Instalacio": "11/10/2023", "Data_DesInstalacio": "11/01/2024", "Font": "OCI", "nearest_node": 5094317308, "street_centrality": 0.0031900044216677677 }, "geometry": { "type": "Point", "coordinates": [ 2.1517, 41.395167 ] } },
{ "type": "Feature", "properties": { "Id_Instal": 8526, "Codi_Carrer": 348408, "Tipus_Via": "C", "Nom_Carrer": "Tuset", "Num_Carrer": "8", "Codi_Barri": 26, "Nom_Barri": "Galvany", "Codi_Districte": 5, "Nom_Districte": "Sarrià-Sant Gervasi", "Latitud": 41.39545, "Longitud": 2.152753, "ETRS89_X": 429172.441, "ETRS89_Y": 4583003.592, "Data_Instalacio": "11/10/2023", "Data_DesInstalacio": "27/12/2023", "Font": "OCI", "nearest_node": 5094317308, "street_centrality": 0.0031900044216677677 }, "geometry": { "type": "Point", "coordinates": [ 2.152753, 41.39545 ] } },
{ "type": "Feature", "properties": { "Id_Instal": 8546, "Codi_Carrer": 23403, "Tipus_Via": "C", "Nom_Carrer": "Aribau", "Num_Carrer": "191", "Codi_Barri": 26, "Nom_Barri": "Galvany", "Codi_Districte": 5, "Nom_Districte": "Sarrià-Sant Gervasi", "Latitud": 41.395232, "Longitud": 2.150139, "ETRS89_X": 428953.72, "ETRS89_Y": 4582981.54, "Data_Instalacio": "11/10/2023", "Data_DesInstalacio": "15/11/2023", "Font": "OCI", "nearest_node": 3213093362, "street_centrality": 0.0018015533087082788 }, "geometry": { "type": "Point", "coordinates": [ 2.150139, 41.395232 ] } },
{ "type": "Feature", "properties": { "Id_Instal": 8547, "Codi_Carrer": 344101, "Tipus_Via": "Trav", "Nom_Carrer": "Gràcia", "Num_Carrer": "54", "Codi_Barri": 26, "Nom_Barri": "Galvany", "Codi_Districte": 5, "Nom_Districte": "Sarrià-Sant Gervasi", "Latitud": 41.395973, "Longitud": 2.149557, "ETRS89_X": 428905.85, "ETRS89_Y": 4583064.297, "Data_Instalacio": "11/10/2023", "Data_DesInstalacio": "08/01/2024", "Font": "OCI", "nearest_node": 30248586, "street_centrality": 0.018972309289770721 }, "geometry": { "type": "Point", "coordinates": [ 2.149557, 41.395973 ] } },
{ "type": "Feature", "properties": { "Id_Instal": 8566, "Codi_Carrer": 31300, "Tipus_Via": "C", "Nom_Carrer": "Bailèn", "Num_Carrer": "2", "Codi_Barri": 7, "Nom_Barri": "la Dreta de l'Eixample", "Codi_Districte": 2, "Nom_Districte": "L'Eixample", "Latitud": 41.391264, "Longitud": 2.17819, "ETRS89_X": 431294.563, "ETRS89_Y": 4582518.432, "Data_Instalacio": "20/10/2023", "Data_DesInstalacio": "10/11/2023", "Font": "NETEJA", "nearest_node": 30243212, "street_centrality": 0.0038501800015224414 }, "geometry": { "type": "Point", "coordinates": [ 2.17819, 41.391264 ] } },
{ "type": "Feature", "properties": { "Id_Instal": 8586, "Codi_Carrer": 241404, "Tipus_Via": "C", "Nom_Carrer": "Palaudàries", "Num_Carrer": "11", "Codi_Barri": 11, "Nom_Barri": "el Poble Sec", "Codi_Districte": 3, "Nom_Districte": "Sants-Montjuïc", "Latitud": 41.373915, "Longitud": 2.172816, "ETRS89_X": 430826.879, "ETRS89_Y": 4580596.661, "Data_Instalacio": "27/10/2023", "Data_DesInstalacio": "05/03/2024", "Font": "OBRES", "nearest_node": 30252066, "street_centrality": 0.0047608058226689572 }, "geometry": { "type": "Point", "coordinates": [ 2.172816, 41.373915 ] } },
{ "type": "Feature", "properties": { "Id_Instal": 8587, "Codi_Carrer": 112208, "Tipus_Via": "C", "Nom_Carrer": "Escudellers", "Num_Carrer": "34", "Codi_Barri": 2, "Nom_Barri": "el Barri Gòtic", "Codi_Districte": 1, "Nom_Districte": "Ciutat Vella", "Latitud": 41.380128, "Longitud": 2.176933, "ETRS89_X": 431177.722, "ETRS89_Y": 4581283.046, "Data_Instalacio": "27/10/2023", "Data_DesInstalacio": null, "Font": "OCI", "nearest_node": 30243946, "street_centrality": 0.0016152633539496283 }, "geometry": { "type": "Point", "coordinates": [ 2.176933, 41.380128 ] } },
{ "type": "Feature", "properties": { "Id_Instal": 8606, "Codi_Carrer": 87009, "Tipus_Via": "C", "Nom_Carrer": "Comte Borrell", "Num_Carrer": "34", "Codi_Barri": 10, "Nom_Barri": "Sant Antoni", "Codi_Districte": 2, "Nom_Districte": "L'Eixample", "Latitud": 41.376948, "Longitud": 2.163438, "ETRS89_X": 430045.873, "ETRS89_Y": 4580940.865, "Data_Instalacio": "03/11/2023", "Data_DesInstalacio": null, "Font": "OCI", "nearest_node": 30246671, "street_centrality": 0.001938878834270547 }, "geometry": { "type": "Point", "coordinates": [ 2.163438, 41.376948 ] } },
{ "type": "Feature", "properties": { "Id_Instal": 8626, "Codi_Carrer": 348408, "Tipus_Via": "C", "Nom_Carrer": "Tuset", "Num_Carrer": "30", "Codi_Barri": 26, "Nom_Barri": "Galvany", "Codi_Districte": 5, "Nom_Districte": "Sarrià-Sant Gervasi", "Latitud": 41.396326, "Longitud": 2.151525, "ETRS89_X": 429070.751, "ETRS89_Y": 4583101.874, "Data_Instalacio": "10/11/2023", "Data_DesInstalacio": "27/12/2023", "Font": "OCI", "nearest_node": 30556617, "street_centrality": 0.0031432912305953569 }, "geometry": { "type": "Point", "coordinates": [ 2.151525, 41.396326 ] } },
{ "type": "Feature", "properties": { "Id_Instal": 8627, "Codi_Carrer": 18800, "Tipus_Via": "C", "Nom_Carrer": "Arai", "Num_Carrer": "5", "Codi_Barri": 2, "Nom_Barri": "el Barri Gòtic", "Codi_Districte": 1, "Nom_Districte": "Ciutat Vella", "Latitud": 41.380671, "Longitud": 2.177121, "ETRS89_X": 431194.047, "ETRS89_Y": 4581343.177, "Data_Instalacio": "10/11/2023", "Data_DesInstalacio": null, "Font": "OCI", "nearest_node": 208974064, "street_centrality": 0.0 }, "geometry": { "type": "Point", "coordinates": [ 2.177121, 41.380671 ] } },
{ "type": "Feature", "properties": { "Id_Instal": 8646, "Codi_Carrer": 23403, "Tipus_Via": "C", "Nom_Carrer": "Aribau", "Num_Carrer": "191", "Codi_Barri": 26, "Nom_Barri": "Galvany", "Codi_Districte": 5, "Nom_Districte": "Sarrià-Sant Gervasi", "Latitud": 41.395232, "Longitud": 2.150139, "ETRS89_X": 428953.72, "ETRS89_Y": 4582981.54, "Data_Instalacio": "15/11/2023", "Data_DesInstalacio": "11/01/2024", "Font": "OCI", "nearest_node": 3213093362, "street_centrality": 0.0018015533087082788 }, "geometry": { "type": "Point", "coordinates": [ 2.150139, 41.395232 ] } },
{ "type": "Feature", "properties": { "Id_Instal": 8666, "Codi_Carrer": 23403, "Tipus_Via": "C", "Nom_Carrer": "Aribau", "Num_Carrer": "255", "Codi_Barri": 26, "Nom_Barri": "Galvany", "Codi_Districte": 5, "Nom_Districte": "Sarrià-Sant Gervasi", "Latitud": 41.398682, "Longitud": 2.146211, "ETRS89_X": 428629.139, "ETRS89_Y": 4583367.769, "Data_Instalacio": "28/11/2023", "Data_DesInstalacio": "22/12/2023", "Font": "NETEJA", "nearest_node": 415933918, "street_centrality": 0.020497523118761487 }, "geometry": { "type": "Point", "coordinates": [ 2.146211, 41.398682 ] } },
{ "type": "Feature", "properties": { "Id_Instal": 8667, "Codi_Carrer": 332805, "Tipus_Via": "C", "Nom_Carrer": "Telègraf", "Num_Carrer": "54", "Codi_Barri": 35, "Nom_Barri": "el Guinardó", "Codi_Districte": 7, "Nom_Districte": "Horta-Guinardó", "Latitud": 41.417434, "Longitud": 2.172828, "ETRS89_X": 430874.0, "ETRS89_Y": 4585428.0, "Data_Instalacio": "28/11/2023", "Data_DesInstalacio": "05/03/2024", "Font": "PATIS D'ESCOLA", "nearest_node": 31286315, "street_centrality": 0.0013406123028250922 }, "geometry": { "type": "Point", "coordinates": [ 2.172828, 41.417434 ] } },
{ "type": "Feature", "properties": { "Id_Instal": 8686, "Codi_Carrer": 311703, "Tipus_Via": "C", "Nom_Carrer": "Sancho de Ávila", "Num_Carrer": "25", "Codi_Barri": 66, "Nom_Barri": "el Parc i la Llacuna del Poblenou", "Codi_Districte": 10, "Nom_Districte": "Sant Martí", "Latitud": 41.39773, "Longitud": 2.188584, "ETRS89_X": 432170.266, "ETRS89_Y": 4583228.068, "Data_Instalacio": "30/11/2023", "Data_DesInstalacio": "09/05/2024", "Font": "OCI", "nearest_node": 30332979, "street_centrality": 0.00015589824008503382 }, "geometry": { "type": "Point", "coordinates": [ 2.188584, 41.39773 ] } },
{ "type": "Feature", "properties": { "Id_Instal": 8706, "Codi_Carrer": 242906, "Tipus_Via": "C", "Nom_Carrer": "Pallars", "Num_Carrer": "73", "Codi_Barri": 66, "Nom_Barri": "el Parc i la Llacuna del Poblenou", "Codi_Districte": 10, "Nom_Districte": "Sant Martí", "Latitud": 41.394624, "Longitud": 2.188781, "ETRS89_X": 432183.451, "ETRS89_Y": 4582883.039, "Data_Instalacio": "14/12/2023", "Data_DesInstalacio": null, "Font": "OCI", "nearest_node": 6126749211, "street_centrality": 0.0011492570622875055 }, "geometry": { "type": "Point", "coordinates": [ 2.188781, 41.394624 ] } },
{ "type": "Feature", "properties": { "Id_Instal": 8726, "Codi_Carrer": 243206, "Tipus_Via": "C", "Nom_Carrer": "Pamplona", "Num_Carrer": "125", "Codi_Barri": 66, "Nom_Barri": "el Parc i la Llacuna del Poblenou", "Codi_Districte": 10, "Nom_Districte": "Sant Martí", "Latitud": 41.398789, "Longitud": 2.188428, "ETRS89_X": 432158.307, "ETRS89_Y": 4583345.756, "Data_Instalacio": "14/12/2023", "Data_DesInstalacio": "21/12/2023", "Font": "OCI", "nearest_node": 30689520, "street_centrality": 0.016623705116937341 }, "geometry": { "type": "Point", "coordinates": [ 2.188428, 41.398789 ] } },
{ "type": "Feature", "properties": { "Id_Instal": 8727, "Codi_Carrer": 11200, "Tipus_Via": "C", "Nom_Carrer": "Pamplona", "Num_Carrer": "103", "Codi_Barri": 66, "Nom_Barri": "el Parc i la Llacuna del Poblenou", "Codi_Districte": 10, "Nom_Districte": "Sant Martí", "Latitud": 41.397383, "Longitud": 2.190215, "ETRS89_X": 432306.225, "ETRS89_Y": 4583188.274, "Data_Instalacio": "14/12/2023", "Data_DesInstalacio": null, "Font": "OCI", "nearest_node": 30689522, "street_centrality": 0.0040893740521944248 }, "geometry": { "type": "Point", "coordinates": [ 2.190215, 41.397383 ] } },
{ "type": "Feature", "properties": { "Id_Instal": 8746, "Codi_Carrer": 43400, "Tipus_Via": "C", "Nom_Carrer": "Blai", "Num_Carrer": "42", "Codi_Barri": 11, "Nom_Barri": "el Poble Sec", "Codi_Districte": 3, "Nom_Districte": "Sants-Montjuïc", "Latitud": 41.374104, "Longitud": 2.163451, "ETRS89_X": 430043.944, "ETRS89_Y": 4580625.072, "Data_Instalacio": "21/12/2023", "Data_DesInstalacio": null, "Font": "OCI", "nearest_node": 4834501650, "street_centrality": 0.011524087956610658 }, "geometry": { "type": "Point", "coordinates": [ 2.163451, 41.374104 ] } },
{ "type": "Feature", "properties": { "Id_Instal": 8747, "Codi_Carrer": 243206, "Tipus_Via": "C", "Nom_Carrer": "Pamplona", "Num_Carrer": "125", "Codi_Barri": 66, "Nom_Barri": "el Parc i la Llacuna del Poblenou", "Codi_Districte": 10, "Nom_Districte": "Sant Martí", "Latitud": 41.398789, "Longitud": 2.188428, "ETRS89_X": 432158.307, "ETRS89_Y": 4583345.756, "Data_Instalacio": "21/12/2023", "Data_DesInstalacio": "05/03/2024", "Font": "OCI", "nearest_node": 30689520, "street_centrality": 0.016623705116937341 }, "geometry": { "type": "Point", "coordinates": [ 2.188428, 41.398789 ] } },
{ "type": "Feature", "properties": { "Id_Instal": 8766, "Codi_Carrer": 348408, "Tipus_Via": "C", "Nom_Carrer": "Tuset", "Num_Carrer": "30", "Codi_Barri": 26, "Nom_Barri": "Galvany", "Codi_Districte": 5, "Nom_Districte": "Sarrià-Sant Gervasi", "Latitud": 41.396326, "Longitud": 2.151525, "ETRS89_X": 429070.751, "ETRS89_Y": 4583101.874, "Data_Instalacio": "27/12/2023", "Data_DesInstalacio": "07/03/2024", "Font": "OCI", "nearest_node": 30556617, "street_centrality": 0.0031432912305953569 }, "geometry": { "type": "Point", "coordinates": [ 2.151525, 41.396326 ] } },
{ "type": "Feature", "properties": { "Id_Instal": 8768, "Codi_Carrer": 348805, "Tipus_Via": "Pl", "Nom_Carrer": "Revolució de Setembre 1868", "Num_Carrer": "3", "Codi_Barri": 31, "Nom_Barri": "la Vila de Gràcia", "Codi_Districte": 6, "Nom_Districte": "Gràcia", "Latitud": 41.402754, "Longitud": 2.158158, "ETRS89_X": 429632.212, "ETRS89_Y": 4583810.119, "Data_Instalacio": "27/12/2023", "Data_DesInstalacio": "07/02/2024", "Font": "OCI", "nearest_node": 30554853, "street_centrality": 0.0048486041095038498 }, "geometry": { "type": "Point", "coordinates": [ 2.158158, 41.402754 ] } },
{ "type": "Feature", "properties": { "Id_Instal": 8786, "Codi_Carrer": 152905, "Tipus_Via": "Rda", "Nom_Carrer": "Guinardó", "Num_Carrer": "88", "Codi_Barri": 33, "Nom_Barri": "el Baix Guinardó", "Codi_Districte": 7, "Nom_Districte": "Horta-Guinardó", "Latitud": 41.413591, "Longitud": 2.170497, "ETRS89_X": 430675.162, "ETRS89_Y": 4585003.241, "Data_Instalacio": "08/01/2024", "Data_DesInstalacio": "29/02/2024", "Font": "TRÀNSIT", "nearest_node": 30253983, "street_centrality": 0.044396104233313076 }, "geometry": { "type": "Point", "coordinates": [ 2.170497, 41.413591 ] } },
{ "type": "Feature", "properties": { "Id_Instal": 8787, "Codi_Carrer": 68900, "Tipus_Via": "C", "Nom_Carrer": "Cartagena", "Num_Carrer": "375", "Codi_Barri": 33, "Nom_Barri": "el Baix Guinardó", "Codi_Districte": 7, "Nom_Districte": "Horta-Guinardó", "Latitud": 41.413627, "Longitud": 2.171014, "ETRS89_X": 430718.34, "ETRS89_Y": 4585006.875, "Data_Instalacio": "08/01/2024", "Data_DesInstalacio": "15/01/2024", "Font": "TRÀNSIT", "nearest_node": 30253983, "street_centrality": 0.044396104233313076 }, "geometry": { "type": "Point", "coordinates": [ 2.171014, 41.413627 ] } },
{ "type": "Feature", "properties": { "Id_Instal": 8826, "Codi_Carrer": 336806, "Tipus_Via": "Rier", "Nom_Carrer": "Can Toda", "Num_Carrer": "35", "Codi_Barri": 30, "Nom_Barri": "la Salut", "Codi_Districte": 6, "Nom_Districte": "Gràcia", "Latitud": 41.414354, "Longitud": 2.156737, "ETRS89_X": 429526.0, "ETRS89_Y": 4585099.0, "Data_Instalacio": "12/01/2024", "Data_DesInstalacio": "16/02/2024", "Font": "PATIS D'ESCOLA", "nearest_node": 30617336, "street_centrality": 0.00021724447896326012 }, "geometry": { "type": "Point", "coordinates": [ 2.156737, 41.414354 ] } },
{ "type": "Feature", "properties": { "Id_Instal": 8846, "Codi_Carrer": 336806, "Tipus_Via": "Rier", "Nom_Carrer": "Can Toda", "Num_Carrer": "33", "Codi_Barri": 30, "Nom_Barri": "la Salut", "Codi_Districte": 6, "Nom_Districte": "Gràcia", "Latitud": 41.41422, "Longitud": 2.156943, "ETRS89_X": 429543.0, "ETRS89_Y": 4585084.0, "Data_Instalacio": "12/01/2024", "Data_DesInstalacio": "16/02/2024", "Font": "PATIS D'ESCOLA", "nearest_node": 30617337, "street_centrality": 0.00011312471572957327 }, "geometry": { "type": "Point", "coordinates": [ 2.156943, 41.41422 ] } },
{ "type": "Feature", "properties": { "Id_Instal": 8866, "Codi_Carrer": 158901, "Tipus_Via": "Pl", "Nom_Carrer": "Osca", "Num_Carrer": "10", "Codi_Barri": 18, "Nom_Barri": "Sants", "Codi_Districte": 3, "Nom_Districte": "Sants-Montjuïc", "Latitud": 41.376153, "Longitud": 2.138468, "ETRS89_X": 427957.0, "ETRS89_Y": 4580873.0, "Data_Instalacio": "12/01/2024", "Data_DesInstalacio": "14/03/2024", "Font": "OCI", "nearest_node": 30294200, "street_centrality": 0.00011143628713659457 }, "geometry": { "type": "Point", "coordinates": [ 2.138468, 41.376153 ] } },
{ "type": "Feature", "properties": { "Id_Instal": 8886, "Codi_Carrer": 68900, "Tipus_Via": "C", "Nom_Carrer": "Cartagena", "Num_Carrer": "375", "Codi_Barri": 33, "Nom_Barri": "el Baix Guinardó", "Codi_Districte": 7, "Nom_Districte": "Horta-Guinardó", "Latitud": 41.413627, "Longitud": 2.171014, "ETRS89_X": 430718.34, "ETRS89_Y": 4585006.875, "Data_Instalacio": "15/01/2024", "Data_DesInstalacio": "05/03/2024", "Font": "TRÀNSIT", "nearest_node": 30253983, "street_centrality": 0.044396104233313076 }, "geometry": { "type": "Point", "coordinates": [ 2.171014, 41.413627 ] } },
{ "type": "Feature", "properties": { "Id_Instal": 8906, "Codi_Carrer": 701367, "Tipus_Via": "Rbla", "Nom_Carrer": "Raval", "Num_Carrer": "15", "Codi_Barri": 1, "Nom_Barri": "el Raval", "Codi_Districte": 1, "Nom_Districte": "Ciutat Vella", "Latitud": 41.379147, "Longitud": 2.169179, "ETRS89_X": 430528.292, "ETRS89_Y": 4581180.335, "Data_Instalacio": "18/01/2024", "Data_DesInstalacio": null, "Font": "OCI", "nearest_node": 192068604, "street_centrality": 0.0048384735379459771 }, "geometry": { "type": "Point", "coordinates": [ 2.169179, 41.379147 ] } },
{ "type": "Feature", "properties": { "Id_Instal": 8907, "Codi_Carrer": 34308, "Tipus_Via": "C", "Nom_Carrer": "Rambla", "Num_Carrer": "113", "Codi_Barri": 1, "Nom_Barri": "el Raval", "Codi_Districte": 1, "Nom_Districte": "Ciutat Vella", "Latitud": 41.384115, "Longitud": 2.170879, "ETRS89_X": 430675.737, "ETRS89_Y": 4581730.56, "Data_Instalacio": "18/01/2024", "Data_DesInstalacio": null, "Font": "OCI", "nearest_node": 13134439132, "street_centrality": 0.026307405907201212 }, "geometry": { "type": "Point", "coordinates": [ 2.170879, 41.384115 ] } },
{ "type": "Feature", "properties": { "Id_Instal": 8908, "Codi_Carrer": 34308, "Tipus_Via": "C", "Nom_Carrer": "Rambla", "Num_Carrer": "100", "Codi_Barri": 2, "Nom_Barri": "el Barri Gòtic", "Codi_Districte": 1, "Nom_Districte": "Ciutat Vella", "Latitud": 41.382284, "Longitud": 2.172392, "ETRS89_X": 430800.314, "ETRS89_Y": 4581526.105, "Data_Instalacio": "18/01/2024", "Data_DesInstalacio": null, "Font": "OCI", "nearest_node": 1400723069, "street_centrality": 0.0 }, "geometry": { "type": "Point", "coordinates": [ 2.172392, 41.382284 ] } },
{ "type": "Feature", "properties": { "Id_Instal": 8909, "Codi_Carrer": 34308, "Tipus_Via": "C", "Nom_Carrer": "Rambla", "Num_Carrer": "61", "Codi_Barri": 1, "Nom_Barri": "el Raval", "Codi_Districte": 1, "Nom_Districte": "Ciutat Vella", "Latitud": 41.380616, "Longitud": 2.173649, "ETRS89_X": 430903.623, "ETRS89_Y": 4581339.918, "Data_Instalacio": "18/01/2024", "Data_DesInstalacio": null, "Font": "OCI", "nearest_node": 11992146961, "street_centrality": 0.0 }, "geometry": { "type": "Point", "coordinates": [ 2.173649, 41.380616 ] } },
{ "type": "Feature", "properties": { "Id_Instal": 8910, "Codi_Carrer": 34308, "Tipus_Via": "C", "Nom_Carrer": "Rambla", "Num_Carrer": "11", "Codi_Barri": 1, "Nom_Barri": "el Raval", "Codi_Districte": 1, "Nom_Districte": "Ciutat Vella", "Latitud": 41.377627, "Longitud": 2.17579, "ETRS89_X": 431079.542, "ETRS89_Y": 4581006.346, "Data_Instalacio": "18/01/2024", "Data_DesInstalacio": null, "Font": "OCI", "nearest_node": 104459413, "street_centrality": 0.0 }, "geometry": { "type": "Point", "coordinates": [ 2.17579, 41.377627 ] } },
{ "type": "Feature", "properties": { "Id_Instal": 8911, "Codi_Carrer": 122904, "Tipus_Via": "C", "Nom_Carrer": "Ferran", "Num_Carrer": "7", "Codi_Barri": 2, "Nom_Barri": "el Barri Gòtic", "Codi_Districte": 1, "Nom_Districte": "Ciutat Vella", "Latitud": 41.380663, "Longitud": 2.174526, "ETRS89_X": 430976.985, "ETRS89_Y": 4581344.364, "Data_Instalacio": "18/01/2024", "Data_DesInstalacio": null, "Font": "OCI", "nearest_node": 431107481, "street_centrality": 0.02331438482138096 }, "geometry": { "type": "Point", "coordinates": [ 2.174526, 41.380663 ] } },
{ "type": "Feature", "properties": { "Id_Instal": 8926, "Codi_Carrer": 231207, "Tipus_Via": "C", "Nom_Carrer": "Nou de Sant Francesc", "Num_Carrer": "5", "Codi_Barri": 2, "Nom_Barri": "el Barri Gòtic", "Codi_Districte": 1, "Nom_Districte": "Ciutat Vella", "Latitud": 41.379354, "Longitud": 2.176872, "ETRS89_X": 431171.819, "ETRS89_Y": 4581197.19, "Data_Instalacio": "18/01/2024", "Data_DesInstalacio": null, "Font": "OCI", "nearest_node": 30254257, "street_centrality": 3.8271048107517326e-05 }, "geometry": { "type": "Point", "coordinates": [ 2.176872, 41.379354 ] } },
{ "type": "Feature", "properties": { "Id_Instal": 8927, "Codi_Carrer": 360200, "Tipus_Via": "C", "Nom_Carrer": "Vidre", "Num_Carrer": "3", "Codi_Barri": 2, "Nom_Barri": "el Barri Gòtic", "Codi_Districte": 1, "Nom_Districte": "Ciutat Vella", "Latitud": 41.379894, "Longitud": 2.176012, "ETRS89_X": 431100.425, "ETRS89_Y": 4581257.883, "Data_Instalacio": "18/01/2024", "Data_DesInstalacio": null, "Font": "OCI", "nearest_node": 1400747755, "street_centrality": 0.0 }, "geometry": { "type": "Point", "coordinates": [ 2.176012, 41.379894 ] } },
{ "type": "Feature", "properties": { "Id_Instal": 8928, "Codi_Carrer": 2902, "Tipus_Via": "C", "Nom_Carrer": "Aglà", "Num_Carrer": "3", "Codi_Barri": 2, "Nom_Barri": "el Barri Gòtic", "Codi_Districte": 1, "Nom_Districte": "Ciutat Vella", "Latitud": 41.380176, "Longitud": 2.176381, "ETRS89_X": 431131.587, "ETRS89_Y": 4581288.859, "Data_Instalacio": "18/01/2024", "Data_DesInstalacio": null, "Font": "OCI", "nearest_node": 30243946, "street_centrality": 0.0016152633539496283 }, "geometry": { "type": "Point", "coordinates": [ 2.176381, 41.380176 ] } },
{ "type": "Feature", "properties": { "Id_Instal": 8946, "Codi_Carrer": 191204, "Tipus_Via": "C", "Nom_Carrer": "Mallorca", "Num_Carrer": "106", "Codi_Barri": 9, "Nom_Barri": "la Nova Esquerra de l'Eixample", "Codi_Districte": 2, "Nom_Districte": "L'Eixample", "Latitud": 41.385614, "Longitud": 2.152253, "ETRS89_X": 429120.0, "ETRS89_Y": 4581912.0, "Data_Instalacio": "19/01/2024", "Data_DesInstalacio": "11/04/2024", "Font": "PATIS D'ESCOLA", "nearest_node": 30243363, "street_centrality": 0.0092475234037443701 }, "geometry": { "type": "Point", "coordinates": [ 2.152253, 41.385614 ] } },
{ "type": "Feature", "properties": { "Id_Instal": 8986, "Codi_Carrer": 46409, "Tipus_Via": "Pg", "Nom_Carrer": "Born", "Num_Carrer": "25", "Codi_Barri": 4, "Nom_Barri": "Sant Pere, Santa Caterina i la Ribera", "Codi_Districte": 1, "Nom_Districte": "Ciutat Vella", "Latitud": 41.385209, "Longitud": 2.182998, "ETRS89_X": 431690.171, "ETRS89_Y": 4581842.346, "Data_Instalacio": "21/02/2024", "Data_DesInstalacio": null, "Font": "OCI", "nearest_node": 13197779092, "street_centrality": 0.00401283195597939 }, "geometry": { "type": "Point", "coordinates": [ 2.182998, 41.385209 ] } },
{ "type": "Feature", "properties": { "Id_Instal": 8987, "Codi_Carrer": 46409, "Tipus_Via": "Pg", "Nom_Carrer": "Born", "Num_Carrer": "19", "Codi_Barri": 4, "Nom_Barri": "Sant Pere, Santa Caterina i la Ribera", "Codi_Districte": 1, "Nom_Districte": "Ciutat Vella", "Latitud": 41.384923, "Longitud": 2.182773, "ETRS89_X": 431671.05, "ETRS89_Y": 4581810.78, "Data_Instalacio": "21/02/2024", "Data_DesInstalacio": "04/06/2024", "Font": "OCI", "nearest_node": 13197779092, "street_centrality": 0.00401283195597939 }, "geometry": { "type": "Point", "coordinates": [ 2.182773, 41.384923 ] } },
{ "type": "Feature", "properties": { "Id_Instal": 8988, "Codi_Carrer": 217603, "Tipus_Via": "Plta", "Nom_Carrer": "Montcada", "Num_Carrer": "6", "Codi_Barri": 4, "Nom_Barri": "Sant Pere, Santa Caterina i la Ribera", "Codi_Districte": 1, "Nom_Districte": "Ciutat Vella", "Latitud": 41.384407, "Longitud": 2.18197, "ETRS89_X": 431603.366, "ETRS89_Y": 4581754.13, "Data_Instalacio": "21/02/2024", "Data_DesInstalacio": null, "Font": "OCI", "nearest_node": 11298541576, "street_centrality": 0.00011143628713659457 }, "geometry": { "type": "Point", "coordinates": [ 2.18197, 41.384407 ] } },
{ "type": "Feature", "properties": { "Id_Instal": 8989, "Codi_Carrer": 276908, "Tipus_Via": "C", "Nom_Carrer": "Rec", "Num_Carrer": "44", "Codi_Barri": 4, "Nom_Barri": "Sant Pere, Santa Caterina i la Ribera", "Codi_Districte": 1, "Nom_Districte": "Ciutat Vella", "Latitud": 41.384688, "Longitud": 2.183244, "ETRS89_X": 431710.226, "ETRS89_Y": 4581784.37, "Data_Instalacio": "21/02/2024", "Data_DesInstalacio": null, "Font": "OCI", "nearest_node": 240978795, "street_centrality": 0.0045700133916623626 }, "geometry": { "type": "Point", "coordinates": [ 2.183244, 41.384688 ] } },
{ "type": "Feature", "properties": { "Id_Instal": 8990, "Codi_Carrer": 276908, "Tipus_Via": "C", "Nom_Carrer": "Rec", "Num_Carrer": "44", "Codi_Barri": 4, "Nom_Barri": "Sant Pere, Santa Caterina i la Ribera", "Codi_Districte": 1, "Nom_Districte": "Ciutat Vella", "Latitud": 41.384688, "Longitud": 2.183244, "ETRS89_X": 431710.226, "ETRS89_Y": 4581784.37, "Data_Instalacio": "21/02/2024", "Data_DesInstalacio": "04/06/2024", "Font": "OCI", "nearest_node": 240978795, "street_centrality": 0.0045700133916623626 }, "geometry": { "type": "Point", "coordinates": [ 2.183244, 41.384688 ] } },
{ "type": "Feature", "properties": { "Id_Instal": 9006, "Codi_Carrer": 243206, "Tipus_Via": "C", "Nom_Carrer": "Pamplona", "Num_Carrer": "125", "Codi_Barri": 66, "Nom_Barri": "el Parc i la Llacuna del Poblenou", "Codi_Districte": 10, "Nom_Districte": "Sant Martí", "Latitud": 41.398789, "Longitud": 2.188428, "ETRS89_X": 432158.307, "ETRS89_Y": 4583345.756, "Data_Instalacio": "05/03/2024", "Data_DesInstalacio": null, "Font": "OCI", "nearest_node": 30689520, "street_centrality": 0.016623705116937341 }, "geometry": { "type": "Point", "coordinates": [ 2.188428, 41.398789 ] } },
{ "type": "Feature", "properties": { "Id_Instal": 9007, "Codi_Carrer": 285807, "Tipus_Via": "C", "Nom_Carrer": "Rocafort", "Num_Carrer": "47", "Codi_Barri": 10, "Nom_Barri": "Sant Antoni", "Codi_Districte": 2, "Nom_Districte": "L'Eixample", "Latitud": 41.377418, "Longitud": 2.155691, "ETRS89_X": 429398.561, "ETRS89_Y": 4580999.344, "Data_Instalacio": "05/03/2024", "Data_DesInstalacio": null, "Font": "TRÀNSIT", "nearest_node": 30243878, "street_centrality": 0.0079896441019752344 }, "geometry": { "type": "Point", "coordinates": [ 2.155691, 41.377418 ] } },
{ "type": "Feature", "properties": { "Id_Instal": 9026, "Codi_Carrer": 187207, "Tipus_Via": "Av", "Nom_Carrer": "Madrid", "Num_Carrer": "182", "Codi_Barri": 18, "Nom_Barri": "Sants", "Codi_Districte": 3, "Nom_Districte": "Sants-Montjuïc", "Latitud": 41.380629, "Longitud": 2.132135, "ETRS89_X": 427432.406, "ETRS89_Y": 4581375.233, "Data_Instalacio": "07/03/2024", "Data_DesInstalacio": "31/05/2024", "Font": "TRÀNSIT", "nearest_node": 30251189, "street_centrality": 0.0086509453008918949 }, "geometry": { "type": "Point", "coordinates": [ 2.132135, 41.380629 ] } },
{ "type": "Feature", "properties": { "Id_Instal": 9028, "Codi_Carrer": 82107, "Tipus_Via": "C", "Nom_Carrer": "Còdols", "Num_Carrer": "11", "Codi_Barri": 2, "Nom_Barri": "el Barri Gòtic", "Codi_Districte": 1, "Nom_Districte": "Ciutat Vella", "Latitud": 41.37986, "Longitud": 2.177841, "ETRS89_X": 431253.349, "ETRS89_Y": 4581252.635, "Data_Instalacio": "07/03/2024", "Data_DesInstalacio": null, "Font": "OCI", "nearest_node": 30254253, "street_centrality": 0.0004215443387136835 }, "geometry": { "type": "Point", "coordinates": [ 2.177841, 41.37986 ] } },
{ "type": "Feature", "properties": { "Id_Instal": 9046, "Codi_Carrer": 348408, "Tipus_Via": "C", "Nom_Carrer": "Tuset", "Num_Carrer": "30", "Codi_Barri": 26, "Nom_Barri": "Galvany", "Codi_Districte": 5, "Nom_Districte": "Sarrià-Sant Gervasi", "Latitud": 41.396326, "Longitud": 2.151525, "ETRS89_X": 429070.751, "ETRS89_Y": 4583101.874, "Data_Instalacio": "07/03/2024", "Data_DesInstalacio": "19/04/2024", "Font": "OCI", "nearest_node": 30556617, "street_centrality": 0.0031432912305953569 }, "geometry": { "type": "Point", "coordinates": [ 2.151525, 41.396326 ] } },
{ "type": "Feature", "properties": { "Id_Instal": 9066, "Codi_Carrer": 23403, "Tipus_Via": "C", "Nom_Carrer": "Aribau", "Num_Carrer": "187", "Codi_Barri": 26, "Nom_Barri": "Galvany", "Codi_Districte": 5, "Nom_Districte": "Sarrià-Sant Gervasi", "Latitud": 41.395072, "Longitud": 2.15035, "ETRS89_X": 428971.195, "ETRS89_Y": 4582963.618, "Data_Instalacio": "07/03/2024", "Data_DesInstalacio": null, "Font": "OCI", "nearest_node": 3213093362, "street_centrality": 0.0018015533087082788 }, "geometry": { "type": "Point", "coordinates": [ 2.15035, 41.395072 ] } },
{ "type": "Feature", "properties": { "Id_Instal": 9086, "Codi_Carrer": 158901, "Tipus_Via": "Pl", "Nom_Carrer": "Osca", "Num_Carrer": "10", "Codi_Barri": 18, "Nom_Barri": "Sants", "Codi_Districte": 3, "Nom_Districte": "Sants-Montjuïc", "Latitud": 41.376153, "Longitud": 2.138468, "ETRS89_X": 427957.0, "ETRS89_Y": 4580873.0, "Data_Instalacio": "14/03/2024", "Data_DesInstalacio": null, "Font": "OCI", "nearest_node": 30294200, "street_centrality": 0.00011143628713659457 }, "geometry": { "type": "Point", "coordinates": [ 2.138468, 41.376153 ] } },
{ "type": "Feature", "properties": { "Id_Instal": 9106, "Codi_Carrer": 243206, "Tipus_Via": "C", "Nom_Carrer": "Pamplona", "Num_Carrer": "84", "Codi_Barri": 66, "Nom_Barri": "el Parc i la Llacuna del Poblenou", "Codi_Districte": 10, "Nom_Districte": "Sant Martí", "Latitud": 41.396549, "Longitud": 2.191779, "ETRS89_X": 432436.075, "ETRS89_Y": 4583094.469, "Data_Instalacio": "19/03/2024", "Data_DesInstalacio": null, "Font": "OCI", "nearest_node": 30253380, "street_centrality": 0.0080588696742873618 }, "geometry": { "type": "Point", "coordinates": [ 2.191779, 41.396549 ] } },
{ "type": "Feature", "properties": { "Id_Instal": 9146, "Codi_Carrer": 87009, "Tipus_Via": "C", "Nom_Carrer": "Comte Borrell", "Num_Carrer": "313", "Codi_Barri": 8, "Nom_Barri": "l'Antiga Esquerra de l'Eixample", "Codi_Districte": 2, "Nom_Districte": "L'Eixample", "Latitud": 41.390992, "Longitud": 2.144444, "ETRS89_X": 428472.945, "ETRS89_Y": 4582515.504, "Data_Instalacio": "18/04/2024", "Data_DesInstalacio": "31/05/2024", "Font": "XARXA DE TRANSPORT PÚBLIC", "nearest_node": 30246711, "street_centrality": 0.00024425933645091941 }, "geometry": { "type": "Point", "coordinates": [ 2.144444, 41.390992 ] } },
{ "type": "Feature", "properties": { "Id_Instal": 9166, "Codi_Carrer": 348408, "Tipus_Via": "C", "Nom_Carrer": "Tuset", "Num_Carrer": "30", "Codi_Barri": 26, "Nom_Barri": "Galvany", "Codi_Districte": 5, "Nom_Districte": "Sarrià-Sant Gervasi", "Latitud": 41.396326, "Longitud": 2.151525, "ETRS89_X": 429070.751, "ETRS89_Y": 4583101.874, "Data_Instalacio": "19/04/2024", "Data_DesInstalacio": null, "Font": "OCI", "nearest_node": 30556617, "street_centrality": 0.0031432912305953569 }, "geometry": { "type": "Point", "coordinates": [ 2.151525, 41.396326 ] } },
{ "type": "Feature", "properties": { "Id_Instal": 9167, "Codi_Carrer": 348408, "Tipus_Via": "C", "Nom_Carrer": "Tuset", "Num_Carrer": "30", "Codi_Barri": 26, "Nom_Barri": "Galvany", "Codi_Districte": 5, "Nom_Districte": "Sarrià-Sant Gervasi", "Latitud": 41.396326, "Longitud": 2.151525, "ETRS89_X": 429070.751, "ETRS89_Y": 4583101.874, "Data_Instalacio": "19/04/2024", "Data_DesInstalacio": null, "Font": "OCI", "nearest_node": 30556617, "street_centrality": 0.0031432912305953569 }, "geometry": { "type": "Point", "coordinates": [ 2.151525, 41.396326 ] } },
{ "type": "Feature", "properties": { "Id_Instal": 9186, "Codi_Carrer": 326303, "Tipus_Via": "C", "Nom_Carrer": "Sitges", "Num_Carrer": "5", "Codi_Barri": 1, "Nom_Barri": "el Raval", "Codi_Districte": 1, "Nom_Districte": "Ciutat Vella", "Latitud": 41.384378, "Longitud": 2.16967, "ETRS89_X": 430574.9, "ETRS89_Y": 4581760.703, "Data_Instalacio": "19/04/2024", "Data_DesInstalacio": null, "Font": "OCI", "nearest_node": 30884265, "street_centrality": 0.0 }, "geometry": { "type": "Point", "coordinates": [ 2.16967, 41.384378 ] } },
{ "type": "Feature", "properties": { "Id_Instal": 9206, "Codi_Carrer": 204204, "Tipus_Via": "C", "Nom_Carrer": "Mata", "Num_Carrer": "8", "Codi_Barri": 11, "Nom_Barri": "el Poble Sec", "Codi_Districte": 3, "Nom_Districte": "Sants-Montjuïc", "Latitud": 41.373264, "Longitud": 2.170733, "ETRS89_X": 430652.0, "ETRS89_Y": 4580526.0, "Data_Instalacio": "29/04/2024", "Data_DesInstalacio": null, "Font": "PATIS D'ESCOLA", "nearest_node": 30252077, "street_centrality": 0.00072827553310481497 }, "geometry": { "type": "Point", "coordinates": [ 2.170733, 41.373264 ] } },
{ "type": "Feature", "properties": { "Id_Instal": 9226, "Codi_Carrer": 311703, "Tipus_Via": "C", "Nom_Carrer": "Sancho de Ávila", "Num_Carrer": "19", "Codi_Barri": 66, "Nom_Barri": "el Parc i la Llacuna del Poblenou", "Codi_Districte": 10, "Nom_Districte": "Sant Martí", "Latitud": 41.397502, "Longitud": 2.188283, "ETRS89_X": 432144.848, "ETRS89_Y": 4583202.939, "Data_Instalacio": "09/05/2024", "Data_DesInstalacio": null, "Font": "OCI", "nearest_node": 30332979, "street_centrality": 0.00015589824008503382 }, "geometry": { "type": "Point", "coordinates": [ 2.188283, 41.397502 ] } },
{ "type": "Feature", "properties": { "Id_Instal": 9246, "Codi_Carrer": 290206, "Tipus_Via": "Pl", "Nom_Carrer": "Rovira i Trias", "Num_Carrer": "9", "Codi_Barri": 31, "Nom_Barri": "la Vila de Gràcia", "Codi_Districte": 6, "Nom_Districte": "Gràcia", "Latitud": 41.407725, "Longitud": 2.158256, "ETRS89_X": 429645.76, "ETRS89_Y": 4584361.861, "Data_Instalacio": "15/05/2024", "Data_DesInstalacio": null, "Font": "OCI", "nearest_node": 126679133, "street_centrality": 0.004302678864440735 }, "geometry": { "type": "Point", "coordinates": [ 2.158256, 41.407725 ] } },
{ "type": "Feature", "properties": { "Id_Instal": 9266, "Codi_Carrer": 275803, "Tipus_Via": "C", "Nom_Carrer": "Rauric", "Num_Carrer": "23", "Codi_Barri": 2, "Nom_Barri": "el Barri Gòtic", "Codi_Districte": 1, "Nom_Districte": "Ciutat Vella", "Latitud": 41.380741, "Longitud": 2.175683, "ETRS89_X": 431073.855, "ETRS89_Y": 4581352.091, "Data_Instalacio": "16/05/2024", "Data_DesInstalacio": "19/06/2024", "Font": "OCI", "nearest_node": 30647222, "street_centrality": 0.0 }, "geometry": { "type": "Point", "coordinates": [ 2.175683, 41.380741 ] } },
{ "type": "Feature", "properties": { "Id_Instal": 9286, "Codi_Carrer": 266405, "Tipus_Via": "Rbla", "Nom_Carrer": "Prim", "Num_Carrer": "19", "Codi_Barri": 70, "Nom_Barri": "el Besòs i el Maresme", "Codi_Districte": 10, "Nom_Districte": "Sant Martí", "Latitud": 41.411656, "Longitud": 2.218416, "ETRS89_X": 434678.029, "ETRS89_Y": 4584751.178, "Data_Instalacio": "31/05/2024", "Data_DesInstalacio": null, "Font": "OCI", "nearest_node": 1297470708, "street_centrality": 0.00080144077213389225 }, "geometry": { "type": "Point", "coordinates": [ 2.218416, 41.411656 ] } },
{ "type": "Feature", "properties": { "Id_Instal": 9306, "Codi_Carrer": 217603, "Tipus_Via": "Plta", "Nom_Carrer": "Montcada", "Num_Carrer": "6", "Codi_Barri": 4, "Nom_Barri": "Sant Pere, Santa Caterina i la Ribera", "Codi_Districte": 1, "Nom_Districte": "Ciutat Vella", "Latitud": 41.384407, "Longitud": 2.18197, "ETRS89_X": 431603.366, "ETRS89_Y": 4581754.13, "Data_Instalacio": "04/06/2024", "Data_DesInstalacio": null, "Font": "OCI", "nearest_node": 11298541576, "street_centrality": 0.00011143628713659457 }, "geometry": { "type": "Point", "coordinates": [ 2.18197, 41.384407 ] } },
{ "type": "Feature", "properties": { "Id_Instal": 9326, "Codi_Carrer": 112208, "Tipus_Via": "C", "Nom_Carrer": "Escudellers", "Num_Carrer": "12", "Codi_Barri": 2, "Nom_Barri": "el Barri Gòtic", "Codi_Districte": 1, "Nom_Districte": "Ciutat Vella", "Latitud": 41.379567, "Longitud": 2.176338, "ETRS89_X": 431127.379, "ETRS89_Y": 4581221.299, "Data_Instalacio": "05/06/2024", "Data_DesInstalacio": null, "Font": "OCI", "nearest_node": 30243944, "street_centrality": 0.0017683475463796975 }, "geometry": { "type": "Point", "coordinates": [ 2.176338, 41.379567 ] } },
{ "type": "Feature", "properties": { "Id_Instal": 9327, "Codi_Carrer": 112208, "Tipus_Via": "C", "Nom_Carrer": "Escudellers", "Num_Carrer": "34", "Codi_Barri": 2, "Nom_Barri": "el Barri Gòtic", "Codi_Districte": 1, "Nom_Districte": "Ciutat Vella", "Latitud": 41.380128, "Longitud": 2.176933, "ETRS89_X": 431177.722, "ETRS89_Y": 4581283.046, "Data_Instalacio": "05/06/2024", "Data_DesInstalacio": null, "Font": "OCI", "nearest_node": 30243946, "street_centrality": 0.0016152633539496283 }, "geometry": { "type": "Point", "coordinates": [ 2.176933, 41.380128 ] } },
{ "type": "Feature", "properties": { "Id_Instal": 9328, "Codi_Carrer": 112208, "Tipus_Via": "C", "Nom_Carrer": "Escudellers", "Num_Carrer": "48", "Codi_Barri": 2, "Nom_Barri": "el Barri Gòtic", "Codi_Districte": 1, "Nom_Districte": "Ciutat Vella", "Latitud": 41.38039, "Longitud": 2.177537, "ETRS89_X": 431228.473, "ETRS89_Y": 4581311.696, "Data_Instalacio": "05/06/2024", "Data_DesInstalacio": null, "Font": "OCI", "nearest_node": 30243952, "street_centrality": 0.0034657810918542896 }, "geometry": { "type": "Point", "coordinates": [ 2.177537, 41.38039 ] } },
{ "type": "Feature", "properties": { "Id_Instal": 9346, "Codi_Carrer": 275803, "Tipus_Via": "C", "Nom_Carrer": "Rauric", "Num_Carrer": "23", "Codi_Barri": 2, "Nom_Barri": "el Barri Gòtic", "Codi_Districte": 1, "Nom_Districte": "Ciutat Vella", "Latitud": 41.380741, "Longitud": 2.175683, "ETRS89_X": 431073.855, "ETRS89_Y": 4581352.091, "Data_Instalacio": "19/06/2024", "Data_DesInstalacio": null, "Font": "OCI", "nearest_node": 30647222, "street_centrality": 0.0 }, "geometry": { "type": "Point", "coordinates": [ 2.175683, 41.380741 ] } },
{ "type": "Feature", "properties": { "Id_Instal": 9366, "Codi_Carrer": 276001, "Tipus_Via": "Pl", "Nom_Carrer": "Reial", "Num_Carrer": "10", "Codi_Barri": 2, "Nom_Barri": "el Barri Gòtic", "Codi_Districte": 1, "Nom_Districte": "Ciutat Vella", "Latitud": 41.380222, "Longitud": 2.1756, "ETRS89_X": 431066.353, "ETRS89_Y": 4581294.576, "Data_Instalacio": "19/06/2024", "Data_DesInstalacio": null, "Font": "OCI", "nearest_node": 1400747755, "street_centrality": 0.0 }, "geometry": { "type": "Point", "coordinates": [ 2.1756, 41.380222 ] } },
{ "type": "Feature", "properties": { "Id_Instal": 9386, "Codi_Carrer": 122904, "Tipus_Via": "C", "Nom_Carrer": "Ferran", "Num_Carrer": "7", "Codi_Barri": 2, "Nom_Barri": "el Barri Gòtic", "Codi_Districte": 1, "Nom_Districte": "Ciutat Vella", "Latitud": 41.380663, "Longitud": 2.174526, "ETRS89_X": 430976.985, "ETRS89_Y": 4581344.364, "Data_Instalacio": "21/06/2024", "Data_DesInstalacio": null, "Font": "OCI", "nearest_node": 431107481, "street_centrality": 0.02331438482138096 }, "geometry": { "type": "Point", "coordinates": [ 2.174526, 41.380663 ] } },
{ "type": "Feature", "properties": { "Id_Instal": 9426, "Codi_Carrer": 167505, "Tipus_Via": "Pl", "Nom_Carrer": "Joanic", "Num_Carrer": "7", "Codi_Barri": 31, "Nom_Barri": "la Vila de Gràcia", "Codi_Districte": 6, "Nom_Districte": "Gràcia", "Latitud": 41.405521, "Longitud": 2.162211, "ETRS89_X": 429973.94, "ETRS89_Y": 4584113.95, "Data_Instalacio": "02/07/2024", "Data_DesInstalacio": null, "Font": "OCI", "nearest_node": 6960234560, "street_centrality": 0.010236942559229892 }, "geometry": { "type": "Point", "coordinates": [ 2.162211, 41.405521 ] } },
{ "type": "Feature", "properties": { "Id_Instal": 9427, "Codi_Carrer": 167505, "Tipus_Via": "Pl", "Nom_Carrer": "Joanic", "Num_Carrer": "4", "Codi_Barri": 31, "Nom_Barri": "la Vila de Gràcia", "Codi_Districte": 6, "Nom_Districte": "Gràcia", "Latitud": 41.405302, "Longitud": 2.162306, "ETRS89_X": 429981.651, "ETRS89_Y": 4584089.597, "Data_Instalacio": "02/07/2024", "Data_DesInstalacio": null, "Font": "OCI", "nearest_node": 6960234560, "street_centrality": 0.010236942559229892 }, "geometry": { "type": "Point", "coordinates": [ 2.162306, 41.405302 ] } },
{ "type": "Feature", "properties": { "Id_Instal": 9428, "Codi_Carrer": 245201, "Tipus_Via": "C", "Nom_Carrer": "Pardo", "Num_Carrer": "11", "Codi_Barri": 62, "Nom_Barri": "el Congrés i els Indians", "Codi_Districte": 9, "Nom_Districte": "Sant Andreu", "Latitud": 41.427095, "Longitud": 2.182553, "ETRS89_X": 431696.82, "ETRS89_Y": 4586492.912, "Data_Instalacio": "02/07/2024", "Data_DesInstalacio": null, "Font": "TRÀNSIT", "nearest_node": 1043850005, "street_centrality": 0.0083442141065007622 }, "geometry": { "type": "Point", "coordinates": [ 2.182553, 41.427095 ] } },
{ "type": "Feature", "properties": { "Id_Instal": 9429, "Codi_Carrer": 50009, "Tipus_Via": "C", "Nom_Carrer": "Bruniquer", "Num_Carrer": "45", "Codi_Barri": 31, "Nom_Barri": "la Vila de Gràcia", "Codi_Districte": 6, "Nom_Districte": "Gràcia", "Latitud": 41.405337, "Longitud": 2.161688, "ETRS89_X": 429930.018, "ETRS89_Y": 4584093.934, "Data_Instalacio": "03/07/2024", "Data_DesInstalacio": null, "Font": "OCI", "nearest_node": 30553756, "street_centrality": 0.0038327329060616616 }, "geometry": { "type": "Point", "coordinates": [ 2.161688, 41.405337 ] } },
{ "type": "Feature", "properties": { "Id_Instal": 9446, "Codi_Carrer": 156509, "Tipus_Via": "C", "Nom_Carrer": "Hondures", "Num_Carrer": "23", "Codi_Barri": 61, "Nom_Barri": "la Sagrera", "Codi_Districte": 9, "Nom_Districte": "Sant Andreu", "Latitud": 41.419327, "Longitud": 2.190483, "ETRS89_X": 432351.4, "ETRS89_Y": 4585624.2, "Data_Instalacio": "10/07/2024", "Data_DesInstalacio": null, "Font": "ACTIVITATS / INFRASTRUCTURES ESPORTIVES", "nearest_node": 30332601, "street_centrality": 0.0027566410828032332 }, "geometry": { "type": "Point", "coordinates": [ 2.190483, 41.419327 ] } },
{ "type": "Feature", "properties": { "Id_Instal": 9447, "Codi_Carrer": 236506, "Tipus_Via": "C", "Nom_Carrer": "Oristà", "Num_Carrer": "39", "Codi_Barri": 56, "Nom_Barri": "Vallbona", "Codi_Districte": 8, "Nom_Districte": "Nou Barris", "Latitud": 41.464863, "Longitud": 2.185729, "ETRS89_X": 432001.682, "ETRS89_Y": 4590683.309, "Data_Instalacio": "10/07/2024", "Data_DesInstalacio": null, "Font": "NETEJA", "nearest_node": 8465686548, "street_centrality": 0.0 }, "geometry": { "type": "Point", "coordinates": [ 2.185729, 41.464863 ] } },
{ "type": "Feature", "properties": { "Id_Instal": 9466, "Codi_Carrer": 276001, "Tipus_Via": "Pl", "Nom_Carrer": "Reial", "Num_Carrer": "1", "Codi_Barri": 2, "Nom_Barri": "el Barri Gòtic", "Codi_Districte": 1, "Nom_Districte": "Ciutat Vella", "Latitud": 41.380031, "Longitud": 2.174893, "ETRS89_X": 431007.0, "ETRS89_Y": 4581274.0, "Data_Instalacio": "12/07/2024", "Data_DesInstalacio": null, "Font": "OCI", "nearest_node": 13134439124, "street_centrality": 0.0096116611702967772 }, "geometry": { "type": "Point", "coordinates": [ 2.174893, 41.380031 ] } },
{ "type": "Feature", "properties": { "Id_Instal": 9486, "Codi_Carrer": 110304, "Tipus_Via": "C", "Nom_Carrer": "Enric Granados", "Num_Carrer": "30", "Codi_Barri": 8, "Nom_Barri": "l'Antiga Esquerra de l'Eixample", "Codi_Districte": 2, "Nom_Districte": "L'Eixample", "Latitud": 41.390262, "Longitud": 2.159182, "ETRS89_X": 429704.312, "ETRS89_Y": 4582422.348, "Data_Instalacio": "12/07/2024", "Data_DesInstalacio": null, "Font": "OCI", "nearest_node": 30243322, "street_centrality": 0.036026000888386638 }, "geometry": { "type": "Point", "coordinates": [ 2.159182, 41.390262 ] } }
]
}
